lat/lon,-179.5,-178.5,-177.5,-176.5,-175.5,-174.5,-173.5,-172.5,-171.5,-170.5,-169.5,-168.5,-167.5,-166.5,-165.5,-164.5,-163.5,-162.5,-161.5,-160.5,-159.5,-158.5,-157.5,-156.5,-155.5,-154.5,-153.5,-152.5,-151.5,-150.5,-149.5,-148.5,-147.5,-146.5,-145.5,-144.5,-143.5,-142.5,-141.5,-140.5,-139.5,-138.5,-137.5,-136.5,-135.5,-134.5,-133.5,-132.5,-131.5,-130.5,-129.5,-128.5,-127.5,-126.5,-125.5,-124.5,-123.5,-122.5,-121.5,-120.5,-119.5,-118.5,-117.5,-116.5,-115.5,-114.5,-113.5,-112.5,-111.5,-110.5,-109.5,-108.5,-107.5,-106.5,-105.5,-104.5,-103.5,-102.5,-101.5,-100.5,-99.5,-98.5,-97.5,-96.5,-95.5,-94.5,-93.5,-92.5,-91.5,-90.5,-89.5,-88.5,-87.5,-86.5,-85.5,-84.5,-83.5,-82.5,-81.5,-80.5,-79.5,-78.5,-77.5,-76.5,-75.5,-74.5,-73.5,-72.5,-71.5,-70.5,-69.5,-68.5,-67.5,-66.5,-65.5,-64.5,-63.5,-62.5,-61.5,-60.5,-59.5,-58.5,-57.5,-56.5,-55.5,-54.5,-53.5,-52.5,-51.5,-50.5,-49.5,-48.5,-47.5,-46.5,-45.5,-44.5,-43.5,-42.5,-41.5,-40.5,-39.5,-38.5,-37.5,-36.5,-35.5,-34.5,-33.5,-32.5,-31.5,-30.5,-29.5,-28.5,-27.5,-26.5,-25.5,-24.5,-23.5,-22.5,-21.5,-20.5,-19.5,-18.5,-17.5,-16.5,-15.5,-14.5,-13.5,-12.5,-11.5,-10.5,-9.5,-8.5,-7.5,-6.5,-5.5,-4.5,-3.5,-2.5,-1.5,-0.5,0.5,1.5,2.5,3.5,4.5,5.5,6.5,7.5,8.5,9.5,10.5,11.5,12.5,13.5,14.5,15.5,16.5,17.5,18.5,19.5,20.5,21.5,22.5,23.5,24.5,25.5,26.5,27.5,28.5,29.5,30.5,31.5,32.5,33.5,34.5,35.5,36.5,37.5,38.5,39.5,40.5,41.5,42.5,43.5,44.5,45.5,46.5,47.5,48.5,49.5,50.5,51.5,52.5,53.5,54.5,55.5,56.5,57.5,58.5,59.5,60.5,61.5,62.5,63.5,64.5,65.5,66.5,67.5,68.5,69.5,70.5,71.5,72.5,73.5,74.5,75.5,76.5,77.5,78.5,79.5,80.5,81.5,82.5,83.5,84.5,85.5,86.5,87.5,88.5,89.5,90.5,91.5,92.5,93.5,94.5,95.5,96.5,97.5,98.5,99.5,100.5,101.5,102.5,103.5,104.5,105.5,106.5,107.5,108.5,109.5,110.5,111.5,112.5,113.5,114.5,115.5,116.5,117.5,118.5,119.5,120.5,121.5,122.5,123.5,124.5,125.5,126.5,127.5,128.5,129.5,130.5,131.5,132.5,133.5,134.5,135.5,136.5,137.5,138.5,139.5,140.5,141.5,142.5,143.5,144.5,145.5,146.5,147.5,148.5,149.5,150.5,151.5,152.5,153.5,154.5,155.5,156.5,157.5,158.5,159.5,160.5,161.5,162.5,163.5,164.5,165.5,166.5,167.5,168.5,169.5,170.5,171.5,172.5,173.5,174.5,175.5,176.5,177.5,178.5,179.5
89.5,99999.0,99999.0,99999.0,99999.0,99999.0,99999.0,99999.0,99999.0,99999.0,99999.0,99999.0,99999.0,99999.0,99999.0,99999.0,99999.0,99999.0,99999.0,99999.0,99999.0,99999.0,99999.0,99999.0,99999.0,99999.0,99999.0,99999.0,99999.0,99999.0,99999.0,99999.0,99999.0,99999.0,99999.0,99999.0,99999.0,99999.0,99999.0,99999.0,99999.0,99999.0,99999.0,99999.0,99999.0,99999.0,99999.0,99999.0,99999.0,99999.0,99999.0,99999.0,99999.0,99999.0,99999.0,99999.0,99999.0,99999.0,99999.0,99999.0,99999.0,99999.0,99999.0,99999.0,99999.0,99999.0,99999.0,99999.0,99999.0,99999.0,99999.0,99999.0,99999.0,99999.0,99999.0,99999.0,99999.0,99999.0,99999.0,99999.0,99999.0,99999.0,99999.0,99999.0,99999.0,99999.0,99999.0,99999.0,99999.0,99999.0,99999.0,99999.0,99999.0,99999.0,99999.0,99999.0,99999.0,99999.0,99999.0,99999.0,99999.0,99999.0,99999.0,99999.0,99999.0,99999.0,99999.0,99999.0,99999.0,99999.0,99999.0,99999.0,99999.0,99999.0,99999.0,99999.0,99999.0,99999.0,99999.0,99999.0,99999.0,99999.0,99999.0,99999.0,99999.0,99999.0,99999.0,99999.0,99999.0,99999.0,99999.0,99999.0,99999.0,99999.0,99999.0,99999.0,99999.0,99999.0,99999.0,99999.0,99999.0,99999.0,99999.0,99999.0,99999.0,99999.0,99999.0,99999.0,99999.0,99999.0,99999.0,99999.0,99999.0,99999.0,99999.0,99999.0,99999.0,99999.0,99999.0,99999.0,99999.0,99999.0,99999.0,99999.0,99999.0,99999.0,99999.0,99999.0,99999.0,99999.0,99999.0,99999.0,99999.0,99999.0,99999.0,99999.0,99999.0,99999.0,99999.0,99999.0,99999.0,99999.0,99999.0,99999.0,99999.0,99999.0,99999.0,99999.0,99999.0,99999.0,99999.0,99999.0,99999.0,99999.0,99999.0,99999.0,99999.0,99999.0,99999.0,99999.0,99999.0,99999.0,99999.0,99999.0,99999.0,99999.0,99999.0,99999.0,99999.0,99999.0,99999.0,99999.0,99999.0,99999.0,99999.0,99999.0,99999.0,99999.0,99999.0,99999.0,99999.0,99999.0,99999.0,99999.0,99999.0,99999.0,99999.0,99999.0,99999.0,99999.0,99999.0,99999.0,99999.0,99999.0,99999.0,99999.0,99999.0,99999.0,99999.0,99999.0,99999.0,99999.0,99999.0,99999.0,99999.0,99999.0,99999.0,99999.0,99999.0,99999.0,99999.0,99999.0,99999.0,99999.0,99999.0,99999.0,99999.0,99999.0,99999.0,99999.0,99999.0,99999.0,99999.0,99999.0,99999.0,99999.0,99999.0,99999.0,99999.0,99999.0,99999.0,99999.0,99999.0,99999.0,99999.0,99999.0,99999.0,99999.0,99999.0,99999.0,99999.0,99999.0,99999.0,99999.0,99999.0,99999.0,99999.0,99999.0,99999.0,99999.0,99999.0,99999.0,99999.0,99999.0,99999.0,99999.0,99999.0,99999.0,99999.0,99999.0,99999.0,99999.0,99999.0,99999.0,99999.0,99999.0,99999.0,99999.0,99999.0,99999.0,99999.0,99999.0,99999.0,99999.0,99999.0,99999.0,99999.0,99999.0,99999.0,99999.0,99999.0,99999.0,99999.0,99999.0,99999.0,99999.0,99999.0,99999.0,99999.0,99999.0,99999.0,99999.0,99999.0,99999.0,99999.0,99999.0,99999.0,99999.0,99999.0,99999.0,99999.0,99999.0,99999.0,99999.0,99999.0,99999.0,99999.0,99999.0,99999.0,99999.0,99999.0,99999.0,99999.0,99999.0,99999.0,99999.0,99999.0,99999.0,99999.0,99999.0,99999.0
88.5,99999.0,99999.0,99999.0,99999.0,99999.0,99999.0,99999.0,99999.0,99999.0,99999.0,99999.0,99999.0,99999.0,99999.0,99999.0,99999.0,99999.0,99999.0,99999.0,99999.0,99999.0,99999.0,99999.0,99999.0,99999.0,99999.0,99999.0,99999.0,99999.0,99999.0,99999.0,99999.0,99999.0,99999.0,99999.0,99999.0,99999.0,99999.0,99999.0,99999.0,99999.0,99999.0,99999.0,99999.0,99999.0,99999.0,99999.0,99999.0,99999.0,99999.0,99999.0,99999.0,99999.0,99999.0,99999.0,99999.0,99999.0,99999.0,99999.0,99999.0,99999.0,99999.0,99999.0,99999.0,99999.0,99999.0,99999.0,99999.0,99999.0,99999.0,99999.0,99999.0,99999.0,99999.0,99999.0,99999.0,99999.0,99999.0,99999.0,99999.0,99999.0,99999.0,99999.0,99999.0,99999.0,99999.0,99999.0,99999.0,99999.0,99999.0,99999.0,99999.0,99999.0,99999.0,99999.0,99999.0,99999.0,99999.0,99999.0,99999.0,99999.0,99999.0,99999.0,99999.0,99999.0,99999.0,99999.0,99999.0,99999.0,99999.0,99999.0,99999.0,99999.0,99999.0,99999.0,99999.0,99999.0,99999.0,99999.0,99999.0,99999.0,99999.0,99999.0,99999.0,99999.0,99999.0,99999.0,99999.0,99999.0,99999.0,99999.0,99999.0,99999.0,99999.0,99999.0,99999.0,99999.0,99999.0,99999.0,99999.0,99999.0,99999.0,99999.0,99999.0,99999.0,99999.0,99999.0,99999.0,99999.0,99999.0,99999.0,99999.0,99999.0,99999.0,99999.0,99999.0,99999.0,99999.0,99999.0,99999.0,99999.0,99999.0,99999.0,99999.0,99999.0,99999.0,99999.0,99999.0,99999.0,99999.0,99999.0,99999.0,99999.0,99999.0,99999.0,99999.0,99999.0,99999.0,99999.0,99999.0,99999.0,99999.0,99999.0,99999.0,99999.0,99999.0,99999.0,99999.0,99999.0,99999.0,99999.0,99999.0,99999.0,99999.0,99999.0,99999.0,99999.0,99999.0,99999.0,99999.0,99999.0,99999.0,99999.0,99999.0,99999.0,99999.0,99999.0,99999.0,99999.0,99999.0,99999.0,99999.0,99999.0,99999.0,99999.0,99999.0,99999.0,99999.0,99999.0,99999.0,99999.0,99999.0,99999.0,99999.0,99999.0,99999.0,99999.0,99999.0,99999.0,99999.0,99999.0,99999.0,99999.0,99999.0,99999.0,99999.0,99999.0,99999.0,99999.0,99999.0,99999.0,99999.0,99999.0,99999.0,99999.0,99999.0,99999.0,99999.0,99999.0,99999.0,99999.0,99999.0,99999.0,99999.0,99999.0,99999.0,99999.0,99999.0,99999.0,99999.0,99999.0,99999.0,99999.0,99999.0,99999.0,99999.0,99999.0,99999.0,99999.0,99999.0,99999.0,99999.0,99999.0,99999.0,99999.0,99999.0,99999.0,99999.0,99999.0,99999.0,99999.0,99999.0,99999.0,99999.0,99999.0,99999.0,99999.0,99999.0,99999.0,99999.0,99999.0,99999.0,99999.0,99999.0,99999.0,99999.0,99999.0,99999.0,99999.0,99999.0,99999.0,99999.0,99999.0,99999.0,99999.0,99999.0,99999.0,99999.0,99999.0,99999.0,99999.0,99999.0,99999.0,99999.0,99999.0,99999.0,99999.0,99999.0,99999.0,99999.0,99999.0,99999.0,99999.0,99999.0,99999.0,99999.0,99999.0,99999.0,99999.0,99999.0,99999.0,99999.0,99999.0,99999.0,99999.0,99999.0,99999.0,99999.0,99999.0,99999.0,99999.0,99999.0,99999.0,99999.0,99999.0,99999.0,99999.0,99999.0,99999.0,99999.0,99999.0,99999.0,99999.0,99999.0,99999.0,99999.0,99999.0,99999.0,99999.0,99999.0
87.5,99999.0,99999.0,99999.0,99999.0,99999.0,99999.0,99999.0,99999.0,99999.0,99999.0,99999.0,99999.0,99999.0,99999.0,99999.0,99999.0,99999.0,99999.0,99999.0,99999.0,99999.0,99999.0,99999.0,99999.0,99999.0,99999.0,99999.0,99999.0,99999.0,99999.0,99999.0,99999.0,99999.0,99999.0,99999.0,99999.0,99999.0,99999.0,99999.0,99999.0,99999.0,99999.0,99999.0,99999.0,99999.0,99999.0,99999.0,99999.0,99999.0,99999.0,99999.0,99999.0,99999.0,99999.0,99999.0,99999.0,99999.0,99999.0,99999.0,99999.0,99999.0,99999.0,99999.0,99999.0,99999.0,99999.0,99999.0,99999.0,99999.0,99999.0,99999.0,99999.0,99999.0,99999.0,99999.0,99999.0,99999.0,99999.0,99999.0,99999.0,99999.0,99999.0,99999.0,99999.0,99999.0,99999.0,99999.0,99999.0,99999.0,99999.0,99999.0,99999.0,99999.0,99999.0,99999.0,99999.0,99999.0,99999.0,99999.0,99999.0,99999.0,99999.0,99999.0,99999.0,99999.0,99999.0,99999.0,99999.0,99999.0,99999.0,99999.0,99999.0,99999.0,99999.0,99999.0,99999.0,99999.0,99999.0,99999.0,99999.0,99999.0,99999.0,99999.0,99999.0,99999.0,99999.0,99999.0,99999.0,99999.0,99999.0,99999.0,99999.0,99999.0,99999.0,99999.0,99999.0,99999.0,99999.0,99999.0,99999.0,99999.0,99999.0,99999.0,99999.0,99999.0,99999.0,99999.0,99999.0,99999.0,99999.0,99999.0,99999.0,99999.0,99999.0,99999.0,99999.0,99999.0,99999.0,99999.0,99999.0,99999.0,99999.0,99999.0,99999.0,99999.0,99999.0,99999.0,99999.0,99999.0,99999.0,99999.0,99999.0,99999.0,99999.0,99999.0,99999.0,99999.0,99999.0,99999.0,99999.0,99999.0,99999.0,99999.0,99999.0,99999.0,99999.0,99999.0,99999.0,99999.0,99999.0,99999.0,99999.0,99999.0,99999.0,99999.0,99999.0,99999.0,99999.0,99999.0,99999.0,99999.0,99999.0,99999.0,99999.0,99999.0,99999.0,99999.0,99999.0,99999.0,99999.0,99999.0,99999.0,99999.0,99999.0,99999.0,99999.0,99999.0,99999.0,99999.0,99999.0,99999.0,99999.0,99999.0,99999.0,99999.0,99999.0,99999.0,99999.0,99999.0,99999.0,99999.0,99999.0,99999.0,99999.0,99999.0,99999.0,99999.0,99999.0,99999.0,99999.0,99999.0,99999.0,99999.0,99999.0,99999.0,99999.0,99999.0,99999.0,99999.0,99999.0,99999.0,99999.0,99999.0,99999.0,99999.0,99999.0,99999.0,99999.0,99999.0,99999.0,99999.0,99999.0,99999.0,99999.0,99999.0,99999.0,99999.0,99999.0,99999.0,99999.0,99999.0,99999.0,99999.0,99999.0,99999.0,99999.0,99999.0,99999.0,99999.0,99999.0,99999.0,99999.0,99999.0,99999.0,99999.0,99999.0,99999.0,99999.0,99999.0,99999.0,99999.0,99999.0,99999.0,99999.0,99999.0,99999.0,99999.0,99999.0,99999.0,99999.0,99999.0,99999.0,99999.0,99999.0,99999.0,99999.0,99999.0,99999.0,99999.0,99999.0,99999.0,99999.0,99999.0,99999.0,99999.0,99999.0,99999.0,99999.0,99999.0,99999.0,99999.0,99999.0,99999.0,99999.0,99999.0,99999.0,99999.0,99999.0,99999.0,99999.0,99999.0,99999.0,99999.0,99999.0,99999.0,99999.0,99999.0,99999.0,99999.0,99999.0,99999.0,99999.0,99999.0,99999.0,99999.0,99999.0,99999.0,99999.0,99999.0,99999.0,99999.0,99999.0,99999.0,99999.0,99999.0,99999.0,99999.0,99999.0,99999.0,99999.0
86.5,99999.0,99999.0,99999.0,99999.0,99999.0,99999.0,99999.0,99999.0,99999.0,99999.0,99999.0,99999.0,99999.0,99999.0,99999.0,99999.0,99999.0,99999.0,99999.0,99999.0,99999.0,99999.0,99999.0,99999.0,99999.0,99999.0,99999.0,99999.0,99999.0,99999.0,99999.0,99999.0,99999.0,99999.0,99999.0,99999.0,99999.0,99999.0,99999.0,99999.0,99999.0,99999.0,99999.0,99999.0,99999.0,99999.0,99999.0,99999.0,99999.0,99999.0,99999.0,99999.0,99999.0,99999.0,99999.0,99999.0,99999.0,99999.0,99999.0,99999.0,99999.0,99999.0,99999.0,99999.0,99999.0,99999.0,99999.0,99999.0,99999.0,99999.0,99999.0,99999.0,99999.0,99999.0,99999.0,99999.0,99999.0,99999.0,99999.0,99999.0,99999.0,99999.0,99999.0,99999.0,99999.0,99999.0,99999.0,99999.0,99999.0,99999.0,99999.0,99999.0,99999.0,99999.0,99999.0,99999.0,99999.0,99999.0,99999.0,99999.0,99999.0,99999.0,99999.0,99999.0,99999.0,99999.0,99999.0,99999.0,99999.0,99999.0,99999.0,99999.0,99999.0,99999.0,99999.0,99999.0,99999.0,99999.0,99999.0,99999.0,99999.0,99999.0,99999.0,99999.0,99999.0,99999.0,99999.0,99999.0,99999.0,99999.0,99999.0,99999.0,99999.0,99999.0,99999.0,99999.0,99999.0,99999.0,99999.0,99999.0,99999.0,99999.0,99999.0,99999.0,99999.0,99999.0,99999.0,99999.0,99999.0,99999.0,99999.0,99999.0,99999.0,99999.0,99999.0,99999.0,99999.0,99999.0,99999.0,99999.0,99999.0,99999.0,99999.0,99999.0,99999.0,99999.0,99999.0,99999.0,99999.0,99999.0,99999.0,99999.0,99999.0,99999.0,99999.0,99999.0,99999.0,99999.0,99999.0,99999.0,99999.0,99999.0,99999.0,99999.0,99999.0,99999.0,99999.0,99999.0,99999.0,99999.0,99999.0,99999.0,99999.0,99999.0,99999.0,99999.0,99999.0,99999.0,99999.0,99999.0,99999.0,99999.0,99999.0,99999.0,99999.0,99999.0,99999.0,99999.0,99999.0,99999.0,99999.0,99999.0,99999.0,99999.0,99999.0,99999.0,99999.0,99999.0,99999.0,99999.0,99999.0,99999.0,99999.0,99999.0,99999.0,99999.0,99999.0,99999.0,99999.0,99999.0,99999.0,99999.0,99999.0,99999.0,99999.0,99999.0,99999.0,99999.0,99999.0,99999.0,99999.0,99999.0,99999.0,99999.0,99999.0,99999.0,99999.0,99999.0,99999.0,99999.0,99999.0,99999.0,99999.0,99999.0,99999.0,99999.0,99999.0,99999.0,99999.0,99999.0,99999.0,99999.0,99999.0,99999.0,99999.0,99999.0,99999.0,99999.0,99999.0,99999.0,99999.0,99999.0,99999.0,99999.0,99999.0,99999.0,99999.0,99999.0,99999.0,99999.0,99999.0,99999.0,99999.0,99999.0,99999.0,99999.0,99999.0,99999.0,99999.0,99999.0,99999.0,99999.0,99999.0,99999.0,99999.0,99999.0,99999.0,99999.0,99999.0,99999.0,99999.0,99999.0,99999.0,99999.0,99999.0,99999.0,99999.0,99999.0,99999.0,99999.0,99999.0,99999.0,99999.0,99999.0,99999.0,99999.0,99999.0,99999.0,99999.0,99999.0,99999.0,99999.0,99999.0,99999.0,99999.0,99999.0,99999.0,99999.0,99999.0,99999.0,99999.0,99999.0,99999.0,99999.0,99999.0,99999.0,99999.0,99999.0,99999.0,99999.0,99999.0,99999.0,99999.0,99999.0,99999.0,99999.0,99999.0,99999.0,99999.0,99999.0,99999.0,99999.0,99999.0,99999.0,99999.0,99999.0,99999.0,99999.0,99999.0,99999.0
85.5,99999.0,99999.0,99999.0,99999.0,99999.0,99999.0,99999.0,99999.0,99999.0,99999.0,99999.0,99999.0,99999.0,99999.0,99999.0,99999.0,99999.0,99999.0,99999.0,99999.0,99999.0,99999.0,99999.0,99999.0,99999.0,99999.0,99999.0,99999.0,99999.0,99999.0,99999.0,99999.0,99999.0,99999.0,99999.0,99999.0,99999.0,99999.0,99999.0,99999.0,99999.0,99999.0,99999.0,99999.0,99999.0,99999.0,99999.0,99999.0,99999.0,99999.0,99999.0,99999.0,99999.0,99999.0,99999.0,99999.0,99999.0,99999.0,99999.0,99999.0,99999.0,99999.0,99999.0,99999.0,99999.0,99999.0,99999.0,99999.0,99999.0,99999.0,99999.0,99999.0,99999.0,99999.0,99999.0,99999.0,99999.0,99999.0,99999.0,99999.0,99999.0,99999.0,99999.0,99999.0,99999.0,99999.0,99999.0,99999.0,99999.0,99999.0,99999.0,99999.0,99999.0,99999.0,99999.0,99999.0,99999.0,99999.0,99999.0,99999.0,99999.0,99999.0,99999.0,99999.0,99999.0,99999.0,99999.0,99999.0,99999.0,99999.0,99999.0,99999.0,99999.0,99999.0,99999.0,99999.0,99999.0,99999.0,99999.0,99999.0,99999.0,99999.0,99999.0,99999.0,99999.0,99999.0,99999.0,99999.0,99999.0,99999.0,99999.0,99999.0,99999.0,99999.0,99999.0,99999.0,99999.0,99999.0,99999.0,99999.0,99999.0,99999.0,99999.0,99999.0,99999.0,99999.0,99999.0,99999.0,99999.0,99999.0,99999.0,99999.0,99999.0,99999.0,99999.0,99999.0,99999.0,99999.0,99999.0,99999.0,99999.0,99999.0,99999.0,99999.0,99999.0,99999.0,99999.0,99999.0,99999.0,99999.0,99999.0,99999.0,99999.0,99999.0,99999.0,99999.0,99999.0,99999.0,99999.0,99999.0,99999.0,99999.0,99999.0,99999.0,99999.0,99999.0,99999.0,99999.0,99999.0,99999.0,99999.0,99999.0,99999.0,99999.0,99999.0,99999.0,99999.0,99999.0,99999.0,99999.0,99999.0,99999.0,99999.0,99999.0,99999.0,99999.0,99999.0,99999.0,99999.0,99999.0,99999.0,99999.0,99999.0,99999.0,99999.0,99999.0,99999.0,99999.0,99999.0,99999.0,99999.0,99999.0,99999.0,99999.0,99999.0,99999.0,99999.0,99999.0,99999.0,99999.0,99999.0,99999.0,99999.0,99999.0,99999.0,99999.0,99999.0,99999.0,99999.0,99999.0,99999.0,99999.0,99999.0,99999.0,99999.0,99999.0,99999.0,99999.0,99999.0,99999.0,99999.0,99999.0,99999.0,99999.0,99999.0,99999.0,99999.0,99999.0,99999.0,99999.0,99999.0,99999.0,99999.0,99999.0,99999.0,99999.0,99999.0,99999.0,99999.0,99999.0,99999.0,99999.0,99999.0,99999.0,99999.0,99999.0,99999.0,99999.0,99999.0,99999.0,99999.0,99999.0,99999.0,99999.0,99999.0,99999.0,99999.0,99999.0,99999.0,99999.0,99999.0,99999.0,99999.0,99999.0,99999.0,99999.0,99999.0,99999.0,99999.0,99999.0,99999.0,99999.0,99999.0,99999.0,99999.0,99999.0,99999.0,99999.0,99999.0,99999.0,99999.0,99999.0,99999.0,99999.0,99999.0,99999.0,99999.0,99999.0,99999.0,99999.0,99999.0,99999.0,99999.0,99999.0,99999.0,99999.0,99999.0,99999.0,99999.0,99999.0,99999.0,99999.0,99999.0,99999.0,99999.0,99999.0,99999.0,99999.0,99999.0,99999.0,99999.0,99999.0,99999.0,99999.0,99999.0,99999.0,99999.0,99999.0,99999.0,99999.0,99999.0,99999.0,99999.0,99999.0,99999.0,99999.0,99999.0,99999.0,99999.0,99999.0
84.5,99999.0,99999.0,99999.0,99999.0,99999.0,99999.0,99999.0,99999.0,99999.0,99999.0,99999.0,99999.0,99999.0,99999.0,99999.0,99999.0,99999.0,99999.0,99999.0,99999.0,99999.0,99999.0,99999.0,99999.0,99999.0,99999.0,99999.0,99999.0,99999.0,99999.0,99999.0,99999.0,99999.0,99999.0,99999.0,99999.0,99999.0,99999.0,99999.0,99999.0,99999.0,99999.0,99999.0,99999.0,99999.0,99999.0,99999.0,99999.0,99999.0,99999.0,99999.0,99999.0,99999.0,99999.0,99999.0,99999.0,99999.0,99999.0,99999.0,99999.0,99999.0,99999.0,99999.0,99999.0,99999.0,99999.0,99999.0,99999.0,99999.0,99999.0,99999.0,99999.0,99999.0,99999.0,99999.0,99999.0,99999.0,99999.0,99999.0,99999.0,99999.0,99999.0,99999.0,99999.0,99999.0,99999.0,99999.0,99999.0,99999.0,99999.0,99999.0,99999.0,99999.0,99999.0,99999.0,99999.0,99999.0,99999.0,99999.0,99999.0,99999.0,99999.0,99999.0,99999.0,99999.0,99999.0,99999.0,99999.0,99999.0,99999.0,99999.0,99999.0,99999.0,99999.0,99999.0,99999.0,99999.0,99999.0,99999.0,99999.0,99999.0,99999.0,99999.0,99999.0,99999.0,99999.0,99999.0,99999.0,99999.0,99999.0,99999.0,99999.0,99999.0,99999.0,99999.0,99999.0,99999.0,99999.0,99999.0,99999.0,99999.0,99999.0,99999.0,99999.0,99999.0,99999.0,99999.0,99999.0,99999.0,99999.0,99999.0,99999.0,99999.0,99999.0,99999.0,99999.0,99999.0,99999.0,99999.0,99999.0,99999.0,99999.0,99999.0,99999.0,99999.0,99999.0,99999.0,99999.0,99999.0,99999.0,99999.0,99999.0,99999.0,99999.0,99999.0,99999.0,99999.0,99999.0,99999.0,99999.0,99999.0,99999.0,99999.0,99999.0,99999.0,99999.0,99999.0,99999.0,99999.0,99999.0,99999.0,99999.0,99999.0,99999.0,99999.0,99999.0,99999.0,99999.0,99999.0,99999.0,99999.0,99999.0,99999.0,99999.0,99999.0,99999.0,99999.0,99999.0,99999.0,99999.0,99999.0,99999.0,99999.0,99999.0,99999.0,99999.0,99999.0,99999.0,99999.0,99999.0,99999.0,99999.0,99999.0,99999.0,99999.0,99999.0,99999.0,99999.0,99999.0,99999.0,99999.0,99999.0,99999.0,99999.0,99999.0,99999.0,99999.0,99999.0,99999.0,99999.0,99999.0,99999.0,99999.0,99999.0,99999.0,99999.0,99999.0,99999.0,99999.0,99999.0,99999.0,99999.0,99999.0,99999.0,99999.0,99999.0,99999.0,99999.0,99999.0,99999.0,99999.0,99999.0,99999.0,99999.0,99999.0,99999.0,99999.0,99999.0,99999.0,99999.0,99999.0,99999.0,99999.0,99999.0,99999.0,99999.0,99999.0,99999.0,99999.0,99999.0,99999.0,99999.0,99999.0,99999.0,99999.0,99999.0,99999.0,99999.0,99999.0,99999.0,99999.0,99999.0,99999.0,99999.0,99999.0,99999.0,99999.0,99999.0,99999.0,99999.0,99999.0,99999.0,99999.0,99999.0,99999.0,99999.0,99999.0,99999.0,99999.0,99999.0,99999.0,99999.0,99999.0,99999.0,99999.0,99999.0,99999.0,99999.0,99999.0,99999.0,99999.0,99999.0,99999.0,99999.0,99999.0,99999.0,99999.0,99999.0,99999.0,99999.0,99999.0,99999.0,99999.0,99999.0,99999.0,99999.0,99999.0,99999.0,99999.0,99999.0,99999.0,99999.0,99999.0,99999.0,99999.0,99999.0,99999.0,99999.0,99999.0,99999.0,99999.0,99999.0,99999.0,99999.0,99999.0,99999.0,99999.0,99999.0,99999.0,99999.0
83.5,99999.0,99999.0,99999.0,99999.0,99999.0,99999.0,99999.0,99999.0,99999.0,99999.0,99999.0,99999.0,99999.0,99999.0,99999.0,99999.0,99999.0,99999.0,99999.0,99999.0,99999.0,99999.0,99999.0,99999.0,99999.0,99999.0,99999.0,99999.0,99999.0,99999.0,99999.0,99999.0,99999.0,99999.0,99999.0,99999.0,99999.0,99999.0,99999.0,99999.0,99999.0,99999.0,99999.0,99999.0,99999.0,99999.0,99999.0,99999.0,99999.0,99999.0,99999.0,99999.0,99999.0,99999.0,99999.0,99999.0,99999.0,99999.0,99999.0,99999.0,99999.0,99999.0,99999.0,99999.0,99999.0,99999.0,99999.0,99999.0,99999.0,99999.0,99999.0,99999.0,99999.0,99999.0,99999.0,99999.0,99999.0,99999.0,99999.0,99999.0,99999.0,99999.0,99999.0,99999.0,99999.0,99999.0,99999.0,99999.0,99999.0,99999.0,99999.0,99999.0,99999.0,99999.0,99999.0,99999.0,99999.0,99999.0,99999.0,99999.0,99999.0,99999.0,99999.0,99999.0,99999.0,99999.0,99999.0,99999.0,99999.0,99999.0,99999.0,99999.0,99999.0,99999.0,99999.0,99999.0,99999.0,99999.0,99999.0,99999.0,99999.0,99999.0,99999.0,99999.0,99999.0,99999.0,99999.0,99999.0,99999.0,99999.0,99999.0,99999.0,99999.0,99999.0,99999.0,99999.0,99999.0,99999.0,99999.0,99999.0,99999.0,99999.0,99999.0,99999.0,99999.0,99999.0,99999.0,99999.0,99999.0,99999.0,99999.0,99999.0,99999.0,99999.0,99999.0,99999.0,99999.0,99999.0,99999.0,99999.0,99999.0,99999.0,99999.0,99999.0,99999.0,99999.0,99999.0,99999.0,99999.0,99999.0,99999.0,99999.0,99999.0,99999.0,99999.0,99999.0,99999.0,99999.0,99999.0,99999.0,99999.0,99999.0,99999.0,99999.0,99999.0,99999.0,99999.0,99999.0,99999.0,99999.0,99999.0,99999.0,99999.0,99999.0,99999.0,99999.0,99999.0,99999.0,99999.0,99999.0,99999.0,99999.0,99999.0,99999.0,99999.0,99999.0,99999.0,99999.0,99999.0,99999.0,99999.0,99999.0,99999.0,99999.0,99999.0,99999.0,99999.0,99999.0,99999.0,99999.0,99999.0,99999.0,99999.0,99999.0,99999.0,99999.0,99999.0,99999.0,99999.0,99999.0,99999.0,99999.0,99999.0,99999.0,99999.0,99999.0,99999.0,99999.0,99999.0,99999.0,99999.0,99999.0,99999.0,99999.0,99999.0,99999.0,99999.0,99999.0,99999.0,99999.0,99999.0,99999.0,99999.0,99999.0,99999.0,99999.0,99999.0,99999.0,99999.0,99999.0,99999.0,99999.0,99999.0,99999.0,99999.0,99999.0,99999.0,99999.0,99999.0,99999.0,99999.0,99999.0,99999.0,99999.0,99999.0,99999.0,99999.0,99999.0,99999.0,99999.0,99999.0,99999.0,99999.0,99999.0,99999.0,99999.0,99999.0,99999.0,99999.0,99999.0,99999.0,99999.0,99999.0,99999.0,99999.0,99999.0,99999.0,99999.0,99999.0,99999.0,99999.0,99999.0,99999.0,99999.0,99999.0,99999.0,99999.0,99999.0,99999.0,99999.0,99999.0,99999.0,99999.0,99999.0,99999.0,99999.0,99999.0,99999.0,99999.0,99999.0,99999.0,99999.0,99999.0,99999.0,99999.0,99999.0,99999.0,99999.0,99999.0,99999.0,99999.0,99999.0,99999.0,99999.0,99999.0,99999.0,99999.0,99999.0,99999.0,99999.0,99999.0,99999.0,99999.0,99999.0,99999.0,99999.0,99999.0,99999.0,99999.0,99999.0,99999.0,99999.0,99999.0,99999.0,99999.0,99999.0,99999.0,99999.0,99999.0,99999.0
82.5,99999.0,99999.0,99999.0,99999.0,99999.0,99999.0,99999.0,99999.0,99999.0,99999.0,99999.0,99999.0,99999.0,99999.0,99999.0,99999.0,99999.0,99999.0,99999.0,99999.0,99999.0,99999.0,99999.0,99999.0,99999.0,99999.0,99999.0,99999.0,99999.0,99999.0,99999.0,99999.0,99999.0,99999.0,99999.0,99999.0,99999.0,99999.0,99999.0,99999.0,99999.0,99999.0,99999.0,99999.0,99999.0,99999.0,99999.0,99999.0,99999.0,99999.0,99999.0,99999.0,99999.0,99999.0,99999.0,99999.0,99999.0,99999.0,99999.0,99999.0,99999.0,99999.0,99999.0,99999.0,99999.0,99999.0,99999.0,99999.0,99999.0,99999.0,99999.0,99999.0,99999.0,99999.0,99999.0,99999.0,99999.0,99999.0,99999.0,99999.0,99999.0,99999.0,99999.0,99999.0,99999.0,99999.0,99999.0,99999.0,99999.0,99999.0,99999.0,99999.0,99999.0,99999.0,99999.0,99999.0,99999.0,99999.0,99999.0,99999.0,99999.0,99999.0,99999.0,99999.0,99999.0,99999.0,99999.0,99999.0,99999.0,99999.0,99999.0,99999.0,99999.0,99999.0,99999.0,99999.0,99999.0,99999.0,99999.0,99999.0,99999.0,99999.0,99999.0,99999.0,99999.0,99999.0,99999.0,99999.0,99999.0,99999.0,99999.0,99999.0,99999.0,99999.0,99999.0,99999.0,99999.0,99999.0,99999.0,99999.0,99999.0,99999.0,99999.0,99999.0,99999.0,99999.0,99999.0,99999.0,99999.0,99999.0,99999.0,99999.0,99999.0,99999.0,99999.0,99999.0,99999.0,99999.0,99999.0,99999.0,99999.0,99999.0,99999.0,99999.0,99999.0,99999.0,99999.0,99999.0,99999.0,99999.0,99999.0,99999.0,99999.0,99999.0,99999.0,99999.0,99999.0,99999.0,99999.0,99999.0,99999.0,99999.0,99999.0,99999.0,99999.0,99999.0,99999.0,99999.0,99999.0,99999.0,99999.0,99999.0,99999.0,99999.0,99999.0,99999.0,99999.0,99999.0,99999.0,99999.0,99999.0,99999.0,99999.0,99999.0,99999.0,99999.0,99999.0,99999.0,99999.0,99999.0,99999.0,99999.0,99999.0,99999.0,99999.0,99999.0,99999.0,99999.0,99999.0,99999.0,99999.0,99999.0,99999.0,99999.0,99999.0,99999.0,99999.0,99999.0,99999.0,99999.0,99999.0,99999.0,99999.0,99999.0,99999.0,99999.0,99999.0,99999.0,99999.0,99999.0,99999.0,99999.0,99999.0,99999.0,99999.0,99999.0,99999.0,99999.0,99999.0,99999.0,99999.0,99999.0,99999.0,99999.0,99999.0,99999.0,99999.0,99999.0,99999.0,99999.0,99999.0,99999.0,99999.0,99999.0,99999.0,99999.0,99999.0,99999.0,99999.0,99999.0,99999.0,99999.0,99999.0,99999.0,99999.0,99999.0,99999.0,99999.0,99999.0,99999.0,99999.0,99999.0,99999.0,99999.0,99999.0,99999.0,99999.0,99999.0,99999.0,99999.0,99999.0,99999.0,99999.0,99999.0,99999.0,99999.0,99999.0,99999.0,99999.0,99999.0,99999.0,99999.0,99999.0,99999.0,99999.0,99999.0,99999.0,99999.0,99999.0,99999.0,99999.0,99999.0,99999.0,99999.0,99999.0,99999.0,99999.0,99999.0,99999.0,99999.0,99999.0,99999.0,99999.0,99999.0,99999.0,99999.0,99999.0,99999.0,99999.0,99999.0,99999.0,99999.0,99999.0,99999.0,99999.0,99999.0,99999.0,99999.0,99999.0,99999.0,99999.0,99999.0,99999.0,99999.0,99999.0,99999.0,99999.0,99999.0,99999.0,99999.0,99999.0,99999.0,99999.0,99999.0,99999.0,99999.0,99999.0,99999.0,99999.0,99999.0
81.5,99999.0,99999.0,99999.0,99999.0,99999.0,99999.0,99999.0,99999.0,99999.0,99999.0,99999.0,99999.0,99999.0,99999.0,99999.0,99999.0,99999.0,99999.0,99999.0,99999.0,99999.0,99999.0,99999.0,99999.0,99999.0,99999.0,99999.0,99999.0,99999.0,99999.0,99999.0,99999.0,99999.0,99999.0,99999.0,99999.0,99999.0,99999.0,99999.0,99999.0,99999.0,99999.0,99999.0,99999.0,99999.0,99999.0,99999.0,99999.0,99999.0,99999.0,99999.0,99999.0,99999.0,99999.0,99999.0,99999.0,99999.0,99999.0,99999.0,99999.0,99999.0,99999.0,99999.0,99999.0,99999.0,99999.0,99999.0,99999.0,99999.0,99999.0,99999.0,99999.0,99999.0,99999.0,99999.0,99999.0,99999.0,99999.0,99999.0,99999.0,99999.0,99999.0,99999.0,99999.0,99999.0,99999.0,99999.0,99999.0,99999.0,99999.0,99999.0,99999.0,99999.0,99999.0,99999.0,99999.0,99999.0,99999.0,99999.0,99999.0,99999.0,99999.0,99999.0,99999.0,99999.0,99999.0,99999.0,99999.0,99999.0,99999.0,99999.0,99999.0,99999.0,99999.0,99999.0,99999.0,99999.0,99999.0,99999.0,99999.0,99999.0,99999.0,99999.0,99999.0,99999.0,99999.0,99999.0,99999.0,99999.0,99999.0,99999.0,99999.0,99999.0,99999.0,99999.0,99999.0,99999.0,99999.0,99999.0,99999.0,99999.0,99999.0,99999.0,99999.0,99999.0,99999.0,99999.0,99999.0,99999.0,99999.0,99999.0,99999.0,99999.0,99999.0,99999.0,99999.0,99999.0,99999.0,99999.0,99999.0,99999.0,99999.0,99999.0,99999.0,99999.0,99999.0,99999.0,99999.0,99999.0,99999.0,99999.0,99999.0,99999.0,99999.0,99999.0,99999.0,99999.0,99999.0,99999.0,99999.0,99999.0,99999.0,99999.0,99999.0,99999.0,99999.0,99999.0,99999.0,99999.0,99999.0,99999.0,99999.0,99999.0,99999.0,99999.0,99999.0,99999.0,99999.0,99999.0,99999.0,99999.0,99999.0,99999.0,99999.0,99999.0,99999.0,99999.0,99999.0,99999.0,99999.0,99999.0,99999.0,99999.0,99999.0,99999.0,99999.0,99999.0,99999.0,99999.0,99999.0,99999.0,99999.0,99999.0,99999.0,99999.0,99999.0,99999.0,99999.0,99999.0,99999.0,99999.0,99999.0,99999.0,99999.0,99999.0,99999.0,99999.0,99999.0,99999.0,99999.0,99999.0,99999.0,99999.0,99999.0,99999.0,99999.0,99999.0,99999.0,99999.0,99999.0,99999.0,99999.0,99999.0,99999.0,99999.0,99999.0,99999.0,99999.0,99999.0,99999.0,99999.0,99999.0,99999.0,99999.0,99999.0,99999.0,99999.0,99999.0,99999.0,99999.0,99999.0,99999.0,99999.0,99999.0,99999.0,99999.0,99999.0,99999.0,99999.0,99999.0,99999.0,99999.0,99999.0,99999.0,99999.0,99999.0,99999.0,99999.0,99999.0,99999.0,99999.0,99999.0,99999.0,99999.0,99999.0,99999.0,99999.0,99999.0,99999.0,99999.0,99999.0,99999.0,99999.0,99999.0,99999.0,99999.0,99999.0,99999.0,99999.0,99999.0,99999.0,99999.0,99999.0,99999.0,99999.0,99999.0,99999.0,99999.0,99999.0,99999.0,99999.0,99999.0,99999.0,99999.0,99999.0,99999.0,99999.0,99999.0,99999.0,99999.0,99999.0,99999.0,99999.0,99999.0,99999.0,99999.0,99999.0,99999.0,99999.0,99999.0,99999.0,99999.0,99999.0,99999.0,99999.0,99999.0,99999.0,99999.0,99999.0,99999.0,99999.0,99999.0,99999.0,99999.0,99999.0,99999.0,99999.0,99999.0,99999.0,99999.0
80.5,99999.0,99999.0,99999.0,99999.0,99999.0,99999.0,99999.0,99999.0,99999.0,99999.0,99999.0,99999.0,99999.0,99999.0,99999.0,99999.0,99999.0,99999.0,99999.0,99999.0,99999.0,99999.0,99999.0,99999.0,99999.0,99999.0,99999.0,99999.0,99999.0,99999.0,99999.0,99999.0,99999.0,99999.0,99999.0,99999.0,99999.0,99999.0,99999.0,99999.0,99999.0,99999.0,99999.0,99999.0,99999.0,99999.0,99999.0,99999.0,99999.0,99999.0,99999.0,99999.0,99999.0,99999.0,99999.0,99999.0,99999.0,99999.0,99999.0,99999.0,99999.0,99999.0,99999.0,99999.0,99999.0,99999.0,99999.0,99999.0,99999.0,99999.0,99999.0,99999.0,99999.0,99999.0,99999.0,99999.0,99999.0,99999.0,99999.0,99999.0,99999.0,99999.0,99999.0,99999.0,99999.0,99999.0,99999.0,99999.0,99999.0,99999.0,99999.0,99999.0,99999.0,99999.0,99999.0,99999.0,99999.0,99999.0,99999.0,99999.0,99999.0,99999.0,99999.0,99999.0,99999.0,99999.0,99999.0,99999.0,99999.0,99999.0,99999.0,99999.0,99999.0,99999.0,99999.0,99999.0,99999.0,99999.0,99999.0,99999.0,99999.0,99999.0,99999.0,99999.0,99999.0,99999.0,99999.0,99999.0,99999.0,99999.0,99999.0,99999.0,99999.0,99999.0,99999.0,99999.0,99999.0,99999.0,99999.0,99999.0,99999.0,99999.0,99999.0,99999.0,99999.0,99999.0,99999.0,99999.0,99999.0,99999.0,99999.0,99999.0,99999.0,99999.0,99999.0,99999.0,99999.0,99999.0,99999.0,99999.0,99999.0,99999.0,99999.0,99999.0,99999.0,99999.0,99999.0,99999.0,99999.0,99999.0,99999.0,99999.0,99999.0,99999.0,99999.0,99999.0,99999.0,99999.0,99999.0,99999.0,99999.0,99999.0,99999.0,99999.0,99999.0,99999.0,99999.0,99999.0,99999.0,99999.0,99999.0,99999.0,99999.0,99999.0,99999.0,99999.0,99999.0,99999.0,99999.0,99999.0,99999.0,99999.0,99999.0,99999.0,99999.0,99999.0,99999.0,99999.0,99999.0,99999.0,99999.0,99999.0,99999.0,99999.0,99999.0,99999.0,99999.0,99999.0,99999.0,99999.0,99999.0,99999.0,99999.0,99999.0,99999.0,99999.0,99999.0,99999.0,99999.0,99999.0,99999.0,99999.0,99999.0,99999.0,99999.0,99999.0,99999.0,99999.0,99999.0,99999.0,99999.0,99999.0,99999.0,99999.0,99999.0,99999.0,99999.0,99999.0,99999.0,99999.0,99999.0,99999.0,99999.0,99999.0,99999.0,99999.0,99999.0,99999.0,99999.0,99999.0,99999.0,99999.0,99999.0,99999.0,99999.0,99999.0,99999.0,99999.0,99999.0,99999.0,99999.0,99999.0,99999.0,99999.0,99999.0,99999.0,99999.0,99999.0,99999.0,99999.0,99999.0,99999.0,99999.0,99999.0,99999.0,99999.0,99999.0,99999.0,99999.0,99999.0,99999.0,99999.0,99999.0,99999.0,99999.0,99999.0,99999.0,99999.0,99999.0,99999.0,99999.0,99999.0,99999.0,99999.0,99999.0,99999.0,99999.0,99999.0,99999.0,99999.0,99999.0,99999.0,99999.0,99999.0,99999.0,99999.0,99999.0,99999.0,99999.0,99999.0,99999.0,99999.0,99999.0,99999.0,99999.0,99999.0,99999.0,99999.0,99999.0,99999.0,99999.0,99999.0,99999.0,99999.0,99999.0,99999.0,99999.0,99999.0,99999.0,99999.0,99999.0,99999.0,99999.0,99999.0,99999.0,99999.0,99999.0,99999.0,99999.0,99999.0,99999.0,99999.0,99999.0,99999.0,99999.0,99999.0,99999.0,99999.0,99999.0,99999.0
79.5,99999.0,99999.0,99999.0,99999.0,99999.0,99999.0,99999.0,99999.0,99999.0,99999.0,99999.0,99999.0,99999.0,99999.0,99999.0,99999.0,99999.0,99999.0,99999.0,99999.0,99999.0,99999.0,99999.0,99999.0,99999.0,99999.0,99999.0,99999.0,99999.0,99999.0,99999.0,99999.0,99999.0,99999.0,99999.0,99999.0,99999.0,99999.0,99999.0,99999.0,99999.0,99999.0,99999.0,99999.0,99999.0,99999.0,99999.0,99999.0,99999.0,99999.0,99999.0,99999.0,99999.0,99999.0,99999.0,99999.0,99999.0,99999.0,99999.0,99999.0,99999.0,99999.0,99999.0,99999.0,99999.0,99999.0,99999.0,99999.0,99999.0,99999.0,99999.0,99999.0,99999.0,99999.0,99999.0,99999.0,99999.0,99999.0,99999.0,99999.0,99999.0,99999.0,99999.0,99999.0,99999.0,99999.0,99999.0,99999.0,99999.0,99999.0,99999.0,99999.0,99999.0,99999.0,99999.0,99999.0,99999.0,99999.0,99999.0,99999.0,99999.0,99999.0,99999.0,99999.0,99999.0,99999.0,99999.0,99999.0,99999.0,99999.0,99999.0,99999.0,99999.0,99999.0,99999.0,99999.0,99999.0,99999.0,99999.0,99999.0,99999.0,99999.0,99999.0,99999.0,99999.0,99999.0,99999.0,99999.0,99999.0,99999.0,99999.0,99999.0,99999.0,99999.0,99999.0,99999.0,99999.0,99999.0,99999.0,99999.0,99999.0,99999.0,99999.0,99999.0,99999.0,99999.0,99999.0,99999.0,99999.0,99999.0,99999.0,99999.0,99999.0,99999.0,99999.0,99999.0,99999.0,99999.0,99999.0,99999.0,99999.0,99999.0,99999.0,99999.0,99999.0,99999.0,99999.0,99999.0,99999.0,99999.0,99999.0,99999.0,99999.0,99999.0,99999.0,99999.0,99999.0,99999.0,99999.0,99999.0,99999.0,99999.0,99999.0,99999.0,99999.0,99999.0,99999.0,99999.0,99999.0,99999.0,99999.0,99999.0,99999.0,99999.0,99999.0,99999.0,99999.0,99999.0,99999.0,99999.0,99999.0,99999.0,99999.0,99999.0,99999.0,99999.0,99999.0,99999.0,99999.0,99999.0,99999.0,99999.0,99999.0,99999.0,99999.0,99999.0,99999.0,99999.0,99999.0,99999.0,99999.0,99999.0,99999.0,99999.0,99999.0,99999.0,99999.0,99999.0,99999.0,99999.0,99999.0,99999.0,99999.0,99999.0,99999.0,99999.0,99999.0,99999.0,99999.0,99999.0,99999.0,99999.0,99999.0,99999.0,99999.0,99999.0,99999.0,99999.0,99999.0,99999.0,99999.0,99999.0,99999.0,99999.0,99999.0,99999.0,99999.0,99999.0,99999.0,99999.0,99999.0,99999.0,99999.0,99999.0,99999.0,99999.0,99999.0,99999.0,99999.0,99999.0,99999.0,99999.0,99999.0,99999.0,99999.0,99999.0,99999.0,99999.0,99999.0,99999.0,99999.0,99999.0,99999.0,99999.0,99999.0,99999.0,99999.0,99999.0,99999.0,99999.0,99999.0,99999.0,99999.0,99999.0,99999.0,99999.0,99999.0,99999.0,99999.0,99999.0,99999.0,99999.0,99999.0,99999.0,99999.0,99999.0,99999.0,99999.0,99999.0,99999.0,99999.0,99999.0,99999.0,99999.0,99999.0,99999.0,99999.0,99999.0,99999.0,99999.0,99999.0,99999.0,99999.0,99999.0,99999.0,99999.0,99999.0,99999.0,99999.0,99999.0,99999.0,99999.0,99999.0,99999.0,99999.0,99999.0,99999.0,99999.0,99999.0,99999.0,99999.0,99999.0,99999.0,99999.0,99999.0,99999.0,99999.0,99999.0,99999.0,99999.0,99999.0,99999.0,99999.0,99999.0,99999.0,99999.0,99999.0,99999.0,99999.0,99999.0
78.5,99999.0,99999.0,99999.0,99999.0,99999.0,99999.0,99999.0,99999.0,99999.0,99999.0,99999.0,99999.0,99999.0,99999.0,99999.0,99999.0,99999.0,99999.0,99999.0,99999.0,99999.0,99999.0,99999.0,99999.0,99999.0,99999.0,99999.0,99999.0,99999.0,99999.0,99999.0,99999.0,99999.0,99999.0,99999.0,99999.0,99999.0,99999.0,99999.0,99999.0,99999.0,99999.0,99999.0,99999.0,99999.0,99999.0,99999.0,99999.0,99999.0,99999.0,99999.0,99999.0,99999.0,99999.0,99999.0,99999.0,99999.0,99999.0,99999.0,99999.0,99999.0,99999.0,99999.0,99999.0,99999.0,99999.0,99999.0,99999.0,99999.0,99999.0,99999.0,99999.0,99999.0,99999.0,99999.0,99999.0,99999.0,99999.0,99999.0,99999.0,99999.0,99999.0,99999.0,99999.0,99999.0,99999.0,99999.0,99999.0,99999.0,99999.0,99999.0,99999.0,99999.0,99999.0,99999.0,99999.0,99999.0,99999.0,99999.0,99999.0,99999.0,99999.0,99999.0,99999.0,99999.0,99999.0,99999.0,99999.0,99999.0,99999.0,99999.0,99999.0,99999.0,99999.0,99999.0,99999.0,99999.0,99999.0,99999.0,99999.0,99999.0,99999.0,99999.0,99999.0,99999.0,99999.0,99999.0,99999.0,99999.0,99999.0,99999.0,99999.0,99999.0,99999.0,99999.0,99999.0,99999.0,99999.0,99999.0,99999.0,99999.0,99999.0,99999.0,99999.0,99999.0,99999.0,99999.0,99999.0,99999.0,99999.0,99999.0,99999.0,99999.0,99999.0,99999.0,99999.0,99999.0,99999.0,99999.0,99999.0,99999.0,99999.0,99999.0,99999.0,99999.0,99999.0,99999.0,99999.0,99999.0,99999.0,99999.0,99999.0,99999.0,99999.0,99999.0,99999.0,99999.0,99999.0,99999.0,99999.0,99999.0,99999.0,99999.0,99999.0,99999.0,99999.0,99999.0,99999.0,99999.0,99999.0,99999.0,99999.0,99999.0,99999.0,99999.0,99999.0,99999.0,99999.0,99999.0,99999.0,99999.0,99999.0,99999.0,99999.0,99999.0,99999.0,99999.0,99999.0,99999.0,99999.0,99999.0,99999.0,99999.0,99999.0,99999.0,99999.0,99999.0,99999.0,99999.0,99999.0,99999.0,99999.0,99999.0,99999.0,99999.0,99999.0,99999.0,99999.0,99999.0,99999.0,99999.0,99999.0,99999.0,99999.0,99999.0,99999.0,99999.0,99999.0,99999.0,99999.0,99999.0,99999.0,99999.0,99999.0,99999.0,99999.0,99999.0,99999.0,99999.0,99999.0,99999.0,99999.0,99999.0,99999.0,99999.0,99999.0,99999.0,99999.0,99999.0,99999.0,99999.0,99999.0,99999.0,99999.0,99999.0,99999.0,99999.0,99999.0,99999.0,99999.0,99999.0,99999.0,99999.0,99999.0,99999.0,99999.0,99999.0,99999.0,99999.0,99999.0,99999.0,99999.0,99999.0,99999.0,99999.0,99999.0,99999.0,99999.0,99999.0,99999.0,99999.0,99999.0,99999.0,99999.0,99999.0,99999.0,99999.0,99999.0,99999.0,99999.0,99999.0,99999.0,99999.0,99999.0,99999.0,99999.0,99999.0,99999.0,99999.0,99999.0,99999.0,99999.0,99999.0,99999.0,99999.0,99999.0,99999.0,99999.0,99999.0,99999.0,99999.0,99999.0,99999.0,99999.0,99999.0,99999.0,99999.0,99999.0,99999.0,99999.0,99999.0,99999.0,99999.0,99999.0,99999.0,99999.0,99999.0,99999.0,99999.0,99999.0,99999.0,99999.0,99999.0,99999.0,99999.0,99999.0,99999.0,99999.0,99999.0,99999.0,99999.0,99999.0,99999.0,99999.0,99999.0,99999.0,99999.0,99999.0,99999.0,99999.0
77.5,99999.0,99999.0,99999.0,99999.0,99999.0,99999.0,99999.0,99999.0,99999.0,99999.0,99999.0,99999.0,99999.0,99999.0,99999.0,99999.0,99999.0,99999.0,99999.0,99999.0,99999.0,99999.0,99999.0,99999.0,99999.0,99999.0,99999.0,99999.0,99999.0,99999.0,99999.0,99999.0,99999.0,99999.0,99999.0,99999.0,99999.0,99999.0,99999.0,99999.0,99999.0,99999.0,99999.0,99999.0,99999.0,99999.0,99999.0,99999.0,99999.0,99999.0,99999.0,99999.0,99999.0,99999.0,99999.0,99999.0,99999.0,99999.0,99999.0,99999.0,99999.0,99999.0,99999.0,99999.0,99999.0,99999.0,99999.0,99999.0,99999.0,99999.0,99999.0,99999.0,99999.0,99999.0,99999.0,99999.0,99999.0,99999.0,99999.0,99999.0,99999.0,99999.0,99999.0,99999.0,99999.0,99999.0,99999.0,99999.0,99999.0,99999.0,99999.0,99999.0,99999.0,99999.0,99999.0,99999.0,99999.0,99999.0,99999.0,99999.0,99999.0,99999.0,99999.0,99999.0,99999.0,99999.0,99999.0,99999.0,99999.0,99999.0,99999.0,99999.0,99999.0,99999.0,99999.0,99999.0,99999.0,99999.0,99999.0,99999.0,99999.0,99999.0,99999.0,99999.0,99999.0,99999.0,99999.0,99999.0,99999.0,99999.0,99999.0,99999.0,99999.0,99999.0,99999.0,99999.0,99999.0,99999.0,99999.0,99999.0,99999.0,99999.0,99999.0,99999.0,99999.0,99999.0,99999.0,99999.0,99999.0,99999.0,99999.0,99999.0,99999.0,99999.0,99999.0,99999.0,99999.0,99999.0,99999.0,99999.0,99999.0,99999.0,99999.0,99999.0,99999.0,99999.0,99999.0,99999.0,99999.0,99999.0,99999.0,99999.0,99999.0,99999.0,99999.0,99999.0,99999.0,99999.0,99999.0,99999.0,99999.0,99999.0,99999.0,99999.0,99999.0,99999.0,99999.0,99999.0,99999.0,99999.0,99999.0,99999.0,99999.0,99999.0,99999.0,99999.0,99999.0,99999.0,99999.0,99999.0,99999.0,99999.0,99999.0,99999.0,99999.0,99999.0,99999.0,99999.0,99999.0,99999.0,99999.0,99999.0,99999.0,99999.0,99999.0,99999.0,99999.0,99999.0,99999.0,99999.0,99999.0,99999.0,99999.0,99999.0,99999.0,99999.0,99999.0,99999.0,99999.0,99999.0,99999.0,99999.0,99999.0,99999.0,99999.0,99999.0,99999.0,99999.0,99999.0,99999.0,99999.0,99999.0,99999.0,99999.0,99999.0,99999.0,99999.0,99999.0,99999.0,99999.0,99999.0,99999.0,99999.0,99999.0,99999.0,99999.0,99999.0,99999.0,99999.0,99999.0,99999.0,99999.0,99999.0,99999.0,99999.0,99999.0,99999.0,99999.0,99999.0,99999.0,99999.0,99999.0,99999.0,99999.0,99999.0,99999.0,99999.0,99999.0,99999.0,99999.0,99999.0,99999.0,99999.0,99999.0,99999.0,99999.0,99999.0,99999.0,99999.0,99999.0,99999.0,99999.0,99999.0,99999.0,99999.0,99999.0,99999.0,99999.0,99999.0,99999.0,99999.0,99999.0,99999.0,99999.0,99999.0,99999.0,99999.0,99999.0,99999.0,99999.0,99999.0,99999.0,99999.0,99999.0,99999.0,99999.0,99999.0,99999.0,99999.0,99999.0,99999.0,99999.0,99999.0,99999.0,99999.0,99999.0,99999.0,99999.0,99999.0,99999.0,99999.0,99999.0,99999.0,99999.0,99999.0,99999.0,99999.0,99999.0,99999.0,99999.0,99999.0,99999.0,99999.0,99999.0,99999.0,99999.0,99999.0,99999.0,99999.0,99999.0,99999.0,99999.0,99999.0,99999.0,99999.0,99999.0,99999.0,99999.0,99999.0,99999.0
76.5,99999.0,99999.0,99999.0,99999.0,99999.0,99999.0,99999.0,99999.0,99999.0,99999.0,99999.0,99999.0,99999.0,99999.0,99999.0,99999.0,99999.0,99999.0,99999.0,99999.0,99999.0,99999.0,99999.0,99999.0,99999.0,99999.0,99999.0,99999.0,99999.0,99999.0,99999.0,99999.0,99999.0,99999.0,99999.0,99999.0,99999.0,99999.0,99999.0,99999.0,99999.0,99999.0,99999.0,99999.0,99999.0,99999.0,99999.0,99999.0,99999.0,99999.0,99999.0,99999.0,99999.0,99999.0,99999.0,99999.0,99999.0,99999.0,99999.0,99999.0,99999.0,99999.0,99999.0,99999.0,99999.0,99999.0,99999.0,99999.0,99999.0,99999.0,99999.0,99999.0,99999.0,99999.0,99999.0,99999.0,99999.0,99999.0,99999.0,99999.0,99999.0,99999.0,99999.0,99999.0,99999.0,99999.0,99999.0,99999.0,99999.0,99999.0,99999.0,99999.0,99999.0,99999.0,99999.0,99999.0,99999.0,99999.0,99999.0,99999.0,99999.0,99999.0,99999.0,99999.0,99999.0,99999.0,99999.0,99999.0,99999.0,99999.0,99999.0,99999.0,99999.0,99999.0,99999.0,99999.0,99999.0,99999.0,99999.0,99999.0,99999.0,99999.0,99999.0,99999.0,99999.0,99999.0,99999.0,99999.0,99999.0,99999.0,99999.0,99999.0,99999.0,99999.0,99999.0,99999.0,99999.0,99999.0,99999.0,99999.0,99999.0,99999.0,99999.0,99999.0,99999.0,99999.0,99999.0,99999.0,99999.0,99999.0,99999.0,99999.0,99999.0,99999.0,99999.0,99999.0,99999.0,99999.0,99999.0,99999.0,99999.0,99999.0,99999.0,99999.0,99999.0,99999.0,99999.0,99999.0,99999.0,99999.0,99999.0,99999.0,99999.0,99999.0,99999.0,99999.0,99999.0,99999.0,99999.0,99999.0,99999.0,99999.0,99999.0,99999.0,99999.0,99999.0,99999.0,99999.0,99999.0,99999.0,99999.0,99999.0,99999.0,99999.0,99999.0,99999.0,99999.0,99999.0,99999.0,99999.0,99999.0,99999.0,99999.0,99999.0,99999.0,99999.0,99999.0,99999.0,99999.0,99999.0,99999.0,99999.0,99999.0,99999.0,99999.0,99999.0,99999.0,99999.0,99999.0,99999.0,99999.0,99999.0,99999.0,99999.0,99999.0,99999.0,99999.0,99999.0,99999.0,99999.0,99999.0,99999.0,99999.0,99999.0,99999.0,99999.0,99999.0,99999.0,99999.0,99999.0,99999.0,99999.0,99999.0,99999.0,99999.0,99999.0,99999.0,99999.0,99999.0,99999.0,99999.0,99999.0,99999.0,99999.0,99999.0,99999.0,99999.0,99999.0,99999.0,99999.0,99999.0,99999.0,99999.0,99999.0,99999.0,99999.0,99999.0,99999.0,99999.0,99999.0,99999.0,99999.0,99999.0,99999.0,99999.0,99999.0,99999.0,99999.0,99999.0,99999.0,99999.0,99999.0,99999.0,99999.0,99999.0,99999.0,99999.0,99999.0,99999.0,99999.0,99999.0,99999.0,99999.0,99999.0,99999.0,99999.0,99999.0,99999.0,99999.0,99999.0,99999.0,99999.0,99999.0,99999.0,99999.0,99999.0,99999.0,99999.0,99999.0,99999.0,99999.0,99999.0,99999.0,99999.0,99999.0,99999.0,99999.0,99999.0,99999.0,99999.0,99999.0,99999.0,99999.0,99999.0,99999.0,99999.0,99999.0,99999.0,99999.0,99999.0,99999.0,99999.0,99999.0,99999.0,99999.0,99999.0,99999.0,99999.0,99999.0,99999.0,99999.0,99999.0,99999.0,99999.0,99999.0,99999.0,99999.0,99999.0,99999.0,99999.0,99999.0,99999.0,99999.0,99999.0,99999.0,99999.0,99999.0,99999.0,99999.0,99999.0
75.5,99999.0,99999.0,99999.0,99999.0,99999.0,99999.0,99999.0,99999.0,99999.0,99999.0,99999.0,99999.0,99999.0,99999.0,99999.0,99999.0,99999.0,99999.0,99999.0,99999.0,99999.0,99999.0,99999.0,99999.0,99999.0,99999.0,99999.0,99999.0,99999.0,99999.0,99999.0,99999.0,99999.0,99999.0,99999.0,99999.0,99999.0,99999.0,99999.0,99999.0,99999.0,99999.0,99999.0,99999.0,99999.0,99999.0,99999.0,99999.0,99999.0,99999.0,99999.0,99999.0,99999.0,99999.0,99999.0,99999.0,99999.0,99999.0,99999.0,99999.0,99999.0,99999.0,99999.0,99999.0,99999.0,99999.0,99999.0,99999.0,99999.0,99999.0,99999.0,99999.0,99999.0,99999.0,99999.0,99999.0,99999.0,99999.0,99999.0,99999.0,99999.0,99999.0,99999.0,99999.0,99999.0,99999.0,99999.0,99999.0,99999.0,99999.0,99999.0,99999.0,99999.0,99999.0,99999.0,99999.0,99999.0,99999.0,99999.0,99999.0,99999.0,99999.0,99999.0,99999.0,99999.0,99999.0,99999.0,99999.0,99999.0,99999.0,99999.0,99999.0,99999.0,99999.0,99999.0,99999.0,99999.0,99999.0,99999.0,99999.0,99999.0,99999.0,99999.0,99999.0,99999.0,99999.0,99999.0,99999.0,99999.0,99999.0,99999.0,99999.0,99999.0,99999.0,99999.0,99999.0,99999.0,99999.0,99999.0,99999.0,99999.0,99999.0,99999.0,99999.0,99999.0,99999.0,99999.0,99999.0,99999.0,99999.0,99999.0,99999.0,99999.0,99999.0,99999.0,99999.0,99999.0,99999.0,99999.0,99999.0,99999.0,99999.0,99999.0,99999.0,99999.0,99999.0,99999.0,99999.0,99999.0,99999.0,99999.0,99999.0,99999.0,99999.0,99999.0,99999.0,99999.0,99999.0,99999.0,99999.0,99999.0,99999.0,99999.0,99999.0,99999.0,99999.0,99999.0,99999.0,99999.0,99999.0,99999.0,99999.0,99999.0,99999.0,99999.0,99999.0,99999.0,99999.0,99999.0,99999.0,99999.0,99999.0,99999.0,99999.0,99999.0,99999.0,99999.0,99999.0,99999.0,99999.0,99999.0,99999.0,99999.0,99999.0,99999.0,99999.0,99999.0,99999.0,99999.0,99999.0,99999.0,99999.0,99999.0,99999.0,99999.0,99999.0,99999.0,99999.0,99999.0,99999.0,99999.0,99999.0,99999.0,99999.0,99999.0,99999.0,99999.0,99999.0,99999.0,99999.0,99999.0,99999.0,99999.0,99999.0,99999.0,99999.0,99999.0,99999.0,99999.0,99999.0,99999.0,99999.0,99999.0,99999.0,99999.0,99999.0,99999.0,99999.0,99999.0,99999.0,99999.0,99999.0,99999.0,99999.0,99999.0,99999.0,99999.0,99999.0,99999.0,99999.0,99999.0,99999.0,99999.0,99999.0,99999.0,99999.0,99999.0,99999.0,99999.0,99999.0,99999.0,99999.0,99999.0,99999.0,99999.0,99999.0,99999.0,99999.0,99999.0,99999.0,99999.0,99999.0,99999.0,99999.0,99999.0,99999.0,99999.0,99999.0,99999.0,99999.0,99999.0,99999.0,99999.0,99999.0,99999.0,99999.0,99999.0,99999.0,99999.0,99999.0,99999.0,99999.0,99999.0,99999.0,99999.0,99999.0,99999.0,99999.0,99999.0,99999.0,99999.0,99999.0,99999.0,99999.0,99999.0,99999.0,99999.0,99999.0,99999.0,99999.0,99999.0,99999.0,99999.0,99999.0,99999.0,99999.0,99999.0,99999.0,99999.0,99999.0,99999.0,99999.0,99999.0,99999.0,99999.0,99999.0,99999.0,99999.0,99999.0,99999.0,99999.0,99999.0,99999.0,99999.0,99999.0,99999.0,99999.0,99999.0,99999.0,99999.0
74.5,99999.0,99999.0,99999.0,99999.0,99999.0,99999.0,99999.0,99999.0,99999.0,99999.0,99999.0,99999.0,99999.0,99999.0,99999.0,99999.0,99999.0,99999.0,99999.0,99999.0,99999.0,99999.0,99999.0,99999.0,99999.0,99999.0,99999.0,99999.0,99999.0,99999.0,99999.0,99999.0,99999.0,99999.0,99999.0,99999.0,99999.0,99999.0,99999.0,99999.0,99999.0,99999.0,99999.0,99999.0,99999.0,99999.0,99999.0,99999.0,99999.0,99999.0,99999.0,99999.0,99999.0,99999.0,99999.0,99999.0,99999.0,99999.0,99999.0,99999.0,99999.0,99999.0,99999.0,99999.0,99999.0,99999.0,99999.0,99999.0,99999.0,99999.0,99999.0,99999.0,99999.0,99999.0,99999.0,99999.0,99999.0,99999.0,99999.0,99999.0,99999.0,99999.0,99999.0,99999.0,99999.0,99999.0,99999.0,99999.0,99999.0,99999.0,99999.0,99999.0,99999.0,99999.0,99999.0,99999.0,99999.0,99999.0,99999.0,99999.0,99999.0,99999.0,99999.0,99999.0,99999.0,99999.0,99999.0,99999.0,99999.0,99999.0,99999.0,99999.0,99999.0,99999.0,99999.0,99999.0,99999.0,99999.0,99999.0,99999.0,99999.0,99999.0,99999.0,99999.0,99999.0,99999.0,99999.0,99999.0,99999.0,99999.0,99999.0,99999.0,99999.0,99999.0,99999.0,99999.0,99999.0,99999.0,99999.0,99999.0,99999.0,99999.0,99999.0,99999.0,99999.0,99999.0,99999.0,99999.0,99999.0,99999.0,99999.0,99999.0,99999.0,99999.0,99999.0,99999.0,99999.0,99999.0,99999.0,99999.0,99999.0,99999.0,99999.0,99999.0,99999.0,99999.0,99999.0,99999.0,99999.0,99999.0,99999.0,99999.0,99999.0,99999.0,99999.0,99999.0,99999.0,99999.0,99999.0,99999.0,99999.0,99999.0,99999.0,99999.0,99999.0,99999.0,99999.0,99999.0,99999.0,99999.0,99999.0,99999.0,99999.0,99999.0,99999.0,99999.0,99999.0,99999.0,99999.0,99999.0,99999.0,99999.0,99999.0,99999.0,99999.0,99999.0,99999.0,99999.0,99999.0,99999.0,99999.0,99999.0,99999.0,99999.0,99999.0,99999.0,99999.0,99999.0,99999.0,99999.0,99999.0,99999.0,99999.0,99999.0,99999.0,99999.0,99999.0,99999.0,99999.0,99999.0,99999.0,99999.0,99999.0,99999.0,99999.0,99999.0,99999.0,99999.0,99999.0,99999.0,99999.0,99999.0,99999.0,99999.0,99999.0,99999.0,99999.0,99999.0,99999.0,99999.0,99999.0,99999.0,99999.0,99999.0,99999.0,99999.0,99999.0,99999.0,99999.0,99999.0,99999.0,99999.0,99999.0,99999.0,99999.0,99999.0,99999.0,99999.0,99999.0,99999.0,99999.0,99999.0,99999.0,99999.0,99999.0,99999.0,99999.0,99999.0,99999.0,99999.0,99999.0,99999.0,99999.0,99999.0,99999.0,99999.0,99999.0,99999.0,99999.0,99999.0,99999.0,99999.0,99999.0,99999.0,99999.0,99999.0,99999.0,99999.0,99999.0,99999.0,99999.0,99999.0,99999.0,99999.0,99999.0,99999.0,99999.0,99999.0,99999.0,99999.0,99999.0,99999.0,99999.0,99999.0,99999.0,99999.0,99999.0,99999.0,99999.0,99999.0,99999.0,99999.0,99999.0,99999.0,99999.0,99999.0,99999.0,99999.0,99999.0,99999.0,99999.0,99999.0,99999.0,99999.0,99999.0,99999.0,99999.0,99999.0,99999.0,99999.0,99999.0,99999.0,99999.0,99999.0,99999.0,99999.0,99999.0,99999.0,99999.0,99999.0,99999.0,99999.0,99999.0,99999.0,99999.0,99999.0,99999.0,99999.0,99999.0,99999.0
73.5,99999.0,99999.0,99999.0,99999.0,99999.0,99999.0,99999.0,99999.0,99999.0,99999.0,99999.0,99999.0,99999.0,99999.0,99999.0,99999.0,99999.0,99999.0,99999.0,99999.0,99999.0,99999.0,99999.0,99999.0,99999.0,99999.0,99999.0,99999.0,99999.0,99999.0,99999.0,99999.0,99999.0,99999.0,99999.0,99999.0,99999.0,99999.0,99999.0,99999.0,99999.0,99999.0,99999.0,99999.0,99999.0,99999.0,99999.0,99999.0,99999.0,99999.0,99999.0,99999.0,99999.0,99999.0,99999.0,99999.0,99999.0,99999.0,99999.0,99999.0,99999.0,99999.0,99999.0,99999.0,99999.0,99999.0,99999.0,99999.0,99999.0,99999.0,99999.0,99999.0,99999.0,99999.0,99999.0,99999.0,99999.0,99999.0,99999.0,99999.0,99999.0,99999.0,99999.0,99999.0,99999.0,99999.0,99999.0,99999.0,99999.0,99999.0,99999.0,99999.0,99999.0,99999.0,99999.0,99999.0,99999.0,99999.0,99999.0,99999.0,99999.0,99999.0,99999.0,99999.0,99999.0,99999.0,99999.0,99999.0,99999.0,99999.0,99999.0,99999.0,99999.0,99999.0,99999.0,99999.0,99999.0,99999.0,99999.0,99999.0,99999.0,99999.0,99999.0,99999.0,99999.0,99999.0,99999.0,99999.0,99999.0,99999.0,99999.0,99999.0,99999.0,99999.0,99999.0,99999.0,99999.0,99999.0,99999.0,99999.0,99999.0,99999.0,99999.0,99999.0,99999.0,99999.0,99999.0,99999.0,99999.0,99999.0,99999.0,99999.0,99999.0,99999.0,99999.0,99999.0,99999.0,99999.0,99999.0,99999.0,99999.0,99999.0,99999.0,99999.0,99999.0,99999.0,99999.0,99999.0,99999.0,99999.0,99999.0,99999.0,99999.0,99999.0,99999.0,99999.0,99999.0,99999.0,99999.0,99999.0,99999.0,99999.0,99999.0,99999.0,99999.0,99999.0,99999.0,99999.0,99999.0,99999.0,99999.0,99999.0,99999.0,99999.0,99999.0,99999.0,99999.0,99999.0,99999.0,99999.0,99999.0,99999.0,99999.0,99999.0,99999.0,99999.0,99999.0,99999.0,99999.0,99999.0,99999.0,99999.0,99999.0,99999.0,99999.0,99999.0,99999.0,99999.0,99999.0,99999.0,99999.0,99999.0,99999.0,99999.0,99999.0,99999.0,99999.0,99999.0,99999.0,99999.0,99999.0,99999.0,99999.0,99999.0,99999.0,99999.0,99999.0,99999.0,99999.0,99999.0,99999.0,99999.0,99999.0,99999.0,99999.0,99999.0,99999.0,99999.0,99999.0,99999.0,99999.0,99999.0,99999.0,99999.0,99999.0,99999.0,99999.0,99999.0,99999.0,99999.0,99999.0,99999.0,99999.0,99999.0,99999.0,99999.0,99999.0,99999.0,99999.0,99999.0,99999.0,99999.0,99999.0,99999.0,99999.0,99999.0,99999.0,99999.0,99999.0,99999.0,99999.0,99999.0,99999.0,99999.0,99999.0,99999.0,99999.0,99999.0,99999.0,99999.0,99999.0,99999.0,99999.0,99999.0,99999.0,99999.0,99999.0,99999.0,99999.0,99999.0,99999.0,99999.0,99999.0,99999.0,99999.0,99999.0,99999.0,99999.0,99999.0,99999.0,99999.0,99999.0,99999.0,99999.0,99999.0,99999.0,99999.0,99999.0,99999.0,99999.0,99999.0,99999.0,99999.0,99999.0,99999.0,99999.0,99999.0,99999.0,99999.0,99999.0,99999.0,99999.0,99999.0,99999.0,99999.0,99999.0,99999.0,99999.0,99999.0,99999.0,99999.0,99999.0,99999.0,99999.0,99999.0,99999.0,99999.0,99999.0,99999.0,99999.0,99999.0,99999.0,99999.0,99999.0,99999.0,99999.0,99999.0,99999.0,99999.0,99999.0
72.5,99999.0,99999.0,99999.0,99999.0,99999.0,99999.0,99999.0,99999.0,99999.0,99999.0,99999.0,99999.0,99999.0,99999.0,99999.0,99999.0,99999.0,99999.0,99999.0,99999.0,99999.0,99999.0,99999.0,99999.0,99999.0,99999.0,99999.0,99999.0,99999.0,99999.0,99999.0,99999.0,99999.0,99999.0,99999.0,99999.0,99999.0,99999.0,99999.0,99999.0,99999.0,99999.0,99999.0,99999.0,99999.0,99999.0,99999.0,99999.0,99999.0,99999.0,99999.0,99999.0,99999.0,99999.0,99999.0,99999.0,99999.0,99999.0,99999.0,99999.0,99999.0,99999.0,99999.0,99999.0,99999.0,99999.0,99999.0,99999.0,99999.0,99999.0,99999.0,99999.0,99999.0,99999.0,99999.0,99999.0,99999.0,99999.0,99999.0,99999.0,99999.0,99999.0,99999.0,99999.0,99999.0,99999.0,99999.0,99999.0,99999.0,99999.0,99999.0,99999.0,99999.0,99999.0,99999.0,99999.0,99999.0,99999.0,99999.0,99999.0,99999.0,99999.0,99999.0,99999.0,99999.0,99999.0,99999.0,99999.0,99999.0,99999.0,99999.0,99999.0,99999.0,99999.0,99999.0,99999.0,99999.0,99999.0,99999.0,99999.0,99999.0,99999.0,99999.0,99999.0,99999.0,99999.0,99999.0,99999.0,99999.0,99999.0,99999.0,99999.0,99999.0,99999.0,99999.0,99999.0,99999.0,99999.0,99999.0,99999.0,99999.0,99999.0,99999.0,99999.0,99999.0,99999.0,99999.0,99999.0,99999.0,99999.0,99999.0,99999.0,99999.0,99999.0,99999.0,99999.0,99999.0,99999.0,99999.0,99999.0,99999.0,99999.0,99999.0,99999.0,99999.0,99999.0,99999.0,99999.0,99999.0,99999.0,99999.0,99999.0,99999.0,99999.0,99999.0,99999.0,99999.0,99999.0,99999.0,99999.0,99999.0,99999.0,99999.0,99999.0,99999.0,99999.0,99999.0,99999.0,99999.0,99999.0,99999.0,99999.0,99999.0,99999.0,99999.0,99999.0,99999.0,99999.0,99999.0,99999.0,99999.0,99999.0,99999.0,99999.0,99999.0,99999.0,99999.0,99999.0,99999.0,99999.0,99999.0,99999.0,99999.0,99999.0,99999.0,99999.0,99999.0,99999.0,99999.0,99999.0,99999.0,99999.0,99999.0,99999.0,99999.0,99999.0,99999.0,99999.0,99999.0,99999.0,99999.0,99999.0,99999.0,99999.0,99999.0,99999.0,99999.0,99999.0,99999.0,99999.0,99999.0,99999.0,99999.0,99999.0,99999.0,99999.0,99999.0,99999.0,99999.0,99999.0,99999.0,99999.0,99999.0,99999.0,99999.0,99999.0,99999.0,99999.0,99999.0,99999.0,99999.0,99999.0,99999.0,99999.0,99999.0,99999.0,99999.0,99999.0,99999.0,99999.0,99999.0,99999.0,99999.0,99999.0,99999.0,99999.0,99999.0,99999.0,99999.0,99999.0,99999.0,99999.0,99999.0,99999.0,99999.0,99999.0,99999.0,99999.0,99999.0,99999.0,99999.0,99999.0,99999.0,99999.0,99999.0,99999.0,99999.0,99999.0,99999.0,99999.0,99999.0,99999.0,99999.0,99999.0,99999.0,99999.0,99999.0,99999.0,99999.0,99999.0,99999.0,99999.0,99999.0,99999.0,99999.0,99999.0,99999.0,99999.0,99999.0,99999.0,99999.0,99999.0,99999.0,99999.0,99999.0,99999.0,99999.0,99999.0,99999.0,99999.0,99999.0,99999.0,99999.0,99999.0,99999.0,99999.0,99999.0,99999.0,99999.0,99999.0,99999.0,99999.0,99999.0,99999.0,99999.0,99999.0,99999.0,99999.0,99999.0,99999.0,99999.0,99999.0,99999.0,99999.0,99999.0,99999.0,99999.0,99999.0,99999.0,99999.0
71.5,99999.0,99999.0,99999.0,99999.0,99999.0,99999.0,99999.0,99999.0,99999.0,99999.0,99999.0,99999.0,99999.0,99999.0,99999.0,99999.0,99999.0,99999.0,99999.0,99999.0,99999.0,99999.0,99999.0,99999.0,99999.0,99999.0,99999.0,99999.0,99999.0,99999.0,99999.0,99999.0,99999.0,99999.0,99999.0,99999.0,99999.0,99999.0,99999.0,99999.0,99999.0,99999.0,99999.0,99999.0,99999.0,99999.0,99999.0,99999.0,99999.0,99999.0,99999.0,99999.0,99999.0,99999.0,99999.0,99999.0,99999.0,99999.0,99999.0,99999.0,99999.0,99999.0,99999.0,99999.0,99999.0,99999.0,99999.0,99999.0,99999.0,99999.0,99999.0,99999.0,99999.0,99999.0,99999.0,99999.0,99999.0,99999.0,99999.0,99999.0,99999.0,99999.0,99999.0,99999.0,99999.0,99999.0,99999.0,99999.0,99999.0,99999.0,99999.0,99999.0,99999.0,99999.0,99999.0,99999.0,99999.0,99999.0,99999.0,99999.0,99999.0,99999.0,99999.0,99999.0,99999.0,99999.0,99999.0,99999.0,99999.0,99999.0,99999.0,99999.0,99999.0,99999.0,99999.0,99999.0,99999.0,99999.0,99999.0,99999.0,99999.0,99999.0,99999.0,99999.0,99999.0,99999.0,99999.0,99999.0,99999.0,99999.0,99999.0,99999.0,99999.0,99999.0,99999.0,99999.0,99999.0,99999.0,99999.0,99999.0,99999.0,99999.0,99999.0,99999.0,99999.0,99999.0,99999.0,99999.0,99999.0,99999.0,99999.0,99999.0,99999.0,99999.0,99999.0,99999.0,99999.0,99999.0,99999.0,99999.0,99999.0,99999.0,99999.0,99999.0,99999.0,99999.0,99999.0,99999.0,99999.0,99999.0,99999.0,99999.0,99999.0,99999.0,99999.0,1.35,1.64,3.97,3.83,3.1,4.26,5.43,5.43,5.87,5.28,4.99,5.57,99999.0,5.57,4.99,99999.0,5.14,5.43,4.99,5.14,6.16,6.45,6.45,5.87,5.72,6.16,5.87,5.57,5.14,99999.0,5.28,5.57,4.7,3.39,4.99,4.85,4.85,4.99,4.85,4.85,4.26,3.68,3.39,2.52,99999.0,99999.0,2.52,99999.0,99999.0,99999.0,99999.0,99999.0,99999.0,99999.0,99999.0,99999.0,99999.0,99999.0,99999.0,99999.0,99999.0,99999.0,99999.0,99999.0,99999.0,99999.0,99999.0,99999.0,99999.0,99999.0,99999.0,99999.0,99999.0,99999.0,99999.0,99999.0,99999.0,99999.0,99999.0,99999.0,99999.0,99999.0,99999.0,99999.0,99999.0,99999.0,99999.0,99999.0,99999.0,99999.0,99999.0,99999.0,99999.0,99999.0,99999.0,99999.0,99999.0,99999.0,99999.0,99999.0,99999.0,99999.0,99999.0,99999.0,99999.0,99999.0,99999.0,99999.0,99999.0,99999.0,99999.0,99999.0,99999.0,99999.0,99999.0,99999.0,99999.0,99999.0,99999.0,99999.0,99999.0,99999.0,99999.0,99999.0,99999.0,99999.0,99999.0,99999.0,99999.0,99999.0,99999.0,99999.0,99999.0,99999.0,99999.0,99999.0,99999.0,99999.0,99999.0,99999.0,99999.0,99999.0,99999.0,99999.0,99999.0,99999.0,99999.0,99999.0,99999.0,99999.0,99999.0,99999.0,99999.0,99999.0,99999.0,99999.0,99999.0,99999.0,99999.0,99999.0,99999.0,99999.0,99999.0,99999.0,99999.0,99999.0,99999.0,99999.0,99999.0,99999.0,99999.0,99999.0,99999.0,99999.0,99999.0,99999.0,99999.0,99999.0,99999.0,99999.0,99999.0,99999.0,99999.0,99999.0,99999.0
70.5,99999.0,99999.0,99999.0,99999.0,99999.0,99999.0,99999.0,99999.0,99999.0,99999.0,99999.0,99999.0,99999.0,99999.0,99999.0,99999.0,99999.0,99999.0,99999.0,99999.0,99999.0,99999.0,99999.0,99999.0,99999.0,99999.0,99999.0,99999.0,99999.0,99999.0,99999.0,99999.0,99999.0,99999.0,99999.0,99999.0,99999.0,99999.0,99999.0,99999.0,99999.0,99999.0,99999.0,99999.0,99999.0,99999.0,99999.0,99999.0,99999.0,99999.0,99999.0,99999.0,99999.0,99999.0,99999.0,99999.0,99999.0,99999.0,99999.0,99999.0,99999.0,99999.0,99999.0,99999.0,99999.0,99999.0,99999.0,99999.0,99999.0,99999.0,99999.0,99999.0,99999.0,99999.0,99999.0,99999.0,99999.0,99999.0,99999.0,99999.0,99999.0,99999.0,99999.0,99999.0,99999.0,99999.0,99999.0,99999.0,99999.0,99999.0,99999.0,99999.0,99999.0,99999.0,99999.0,99999.0,99999.0,99999.0,99999.0,99999.0,99999.0,99999.0,99999.0,99999.0,99999.0,99999.0,99999.0,99999.0,99999.0,99999.0,99999.0,99999.0,99999.0,99999.0,99999.0,99999.0,99999.0,99999.0,99999.0,99999.0,99999.0,99999.0,99999.0,99999.0,99999.0,99999.0,99999.0,99999.0,99999.0,99999.0,99999.0,99999.0,99999.0,99999.0,99999.0,99999.0,99999.0,99999.0,99999.0,99999.0,99999.0,99999.0,99999.0,99999.0,99999.0,99999.0,99999.0,99999.0,99999.0,99999.0,99999.0,99999.0,99999.0,99999.0,99999.0,99999.0,99999.0,99999.0,99999.0,99999.0,99999.0,99999.0,99999.0,99999.0,99999.0,0.91,0.62,1.5,2.08,2.08,2.52,2.37,99999.0,0.62,99999.0,4.26,4.7,6.45,6.16,5.72,99999.0,6.16,6.59,6.01,6.3,6.45,99999.0,99999.0,6.45,6.45,99999.0,6.01,99999.0,6.01,6.74,6.16,6.01,6.59,6.3,6.45,5.87,4.7,5.14,99999.0,99999.0,2.95,99999.0,99999.0,99999.0,99999.0,99999.0,4.7,4.41,4.41,4.26,4.12,3.83,3.1,3.54,3.24,99999.0,99999.0,99999.0,99999.0,99999.0,99999.0,99999.0,99999.0,1.5,99999.0,99999.0,99999.0,99999.0,99999.0,99999.0,99999.0,99999.0,99999.0,99999.0,99999.0,99999.0,99999.0,99999.0,99999.0,99999.0,99999.0,99999.0,99999.0,99999.0,99999.0,99999.0,99999.0,99999.0,99999.0,99999.0,99999.0,99999.0,99999.0,99999.0,99999.0,99999.0,99999.0,99999.0,99999.0,99999.0,99999.0,99999.0,99999.0,99999.0,99999.0,99999.0,99999.0,99999.0,99999.0,99999.0,99999.0,99999.0,99999.0,99999.0,99999.0,99999.0,99999.0,99999.0,99999.0,99999.0,99999.0,99999.0,99999.0,99999.0,99999.0,99999.0,99999.0,99999.0,99999.0,99999.0,99999.0,99999.0,99999.0,99999.0,99999.0,99999.0,99999.0,99999.0,99999.0,99999.0,99999.0,99999.0,99999.0,99999.0,99999.0,99999.0,99999.0,99999.0,99999.0,99999.0,99999.0,99999.0,99999.0,99999.0,99999.0,99999.0,99999.0,99999.0,99999.0,99999.0,99999.0,99999.0,99999.0,99999.0,99999.0,99999.0,99999.0,99999.0,99999.0,99999.0,99999.0,99999.0,99999.0,99999.0,99999.0,99999.0,99999.0,99999.0,99999.0,99999.0,99999.0,99999.0,99999.0,99999.0,99999.0,99999.0,99999.0,99999.0,99999.0,99999.0,99999.0,99999.0,99999.0,99999.0,99999.0
69.5,99999.0,99999.0,99999.0,99999.0,99999.0,99999.0,99999.0,99999.0,99999.0,99999.0,99999.0,99999.0,99999.0,99999.0,99999.0,99999.0,99999.0,99999.0,99999.0,99999.0,99999.0,99999.0,99999.0,99999.0,99999.0,99999.0,99999.0,99999.0,99999.0,99999.0,99999.0,99999.0,99999.0,99999.0,99999.0,99999.0,99999.0,99999.0,99999.0,99999.0,99999.0,99999.0,99999.0,99999.0,99999.0,99999.0,99999.0,99999.0,99999.0,99999.0,99999.0,99999.0,99999.0,99999.0,99999.0,99999.0,99999.0,99999.0,99999.0,99999.0,99999.0,99999.0,99999.0,99999.0,99999.0,99999.0,99999.0,99999.0,99999.0,99999.0,99999.0,99999.0,99999.0,99999.0,99999.0,99999.0,99999.0,99999.0,99999.0,99999.0,99999.0,99999.0,99999.0,99999.0,99999.0,99999.0,99999.0,99999.0,99999.0,99999.0,99999.0,99999.0,99999.0,99999.0,99999.0,99999.0,99999.0,99999.0,99999.0,99999.0,99999.0,99999.0,99999.0,99999.0,99999.0,99999.0,99999.0,99999.0,99999.0,99999.0,99999.0,99999.0,99999.0,99999.0,99999.0,99999.0,99999.0,99999.0,99999.0,99999.0,99999.0,-0.11,0.19,0.19,0.33,0.48,99999.0,99999.0,99999.0,99999.0,99999.0,99999.0,99999.0,99999.0,99999.0,99999.0,99999.0,99999.0,99999.0,99999.0,99999.0,99999.0,99999.0,99999.0,99999.0,99999.0,99999.0,99999.0,99999.0,99999.0,99999.0,99999.0,99999.0,99999.0,99999.0,99999.0,99999.0,99999.0,99999.0,99999.0,99999.0,99999.0,99999.0,99999.0,0.62,0.77,1.06,0.48,0.48,0.62,1.5,2.66,3.68,99999.0,3.68,4.12,6.01,6.16,7.03,5.72,5.87,6.16,6.89,6.59,6.59,6.45,6.74,7.32,7.47,7.32,7.47,7.32,6.89,6.45,7.18,7.18,6.01,99999.0,99999.0,99999.0,99999.0,99999.0,99999.0,99999.0,99999.0,99999.0,99999.0,99999.0,99999.0,99999.0,99999.0,99999.0,99999.0,3.97,4.12,4.41,4.41,4.12,3.54,3.39,3.54,99999.0,3.24,2.37,99999.0,99999.0,99999.0,99999.0,99999.0,99999.0,99999.0,99999.0,99999.0,99999.0,99999.0,99999.0,99999.0,99999.0,99999.0,99999.0,99999.0,99999.0,99999.0,99999.0,99999.0,99999.0,99999.0,99999.0,99999.0,99999.0,99999.0,99999.0,99999.0,99999.0,99999.0,99999.0,99999.0,99999.0,99999.0,99999.0,99999.0,99999.0,99999.0,99999.0,99999.0,99999.0,99999.0,99999.0,99999.0,99999.0,99999.0,99999.0,99999.0,99999.0,99999.0,99999.0,99999.0,99999.0,99999.0,99999.0,99999.0,99999.0,99999.0,99999.0,99999.0,99999.0,99999.0,99999.0,99999.0,99999.0,99999.0,99999.0,99999.0,99999.0,99999.0,99999.0,99999.0,99999.0,99999.0,99999.0,99999.0,99999.0,99999.0,99999.0,99999.0,99999.0,99999.0,99999.0,99999.0,99999.0,99999.0,99999.0,99999.0,99999.0,99999.0,99999.0,99999.0,99999.0,99999.0,99999.0,99999.0,99999.0,99999.0,99999.0,99999.0,99999.0,99999.0,99999.0,99999.0,99999.0,99999.0,99999.0,99999.0,99999.0,99999.0,99999.0,99999.0,99999.0,99999.0,99999.0,99999.0,99999.0,99999.0,99999.0,99999.0,99999.0,99999.0,99999.0,99999.0,99999.0,99999.0,99999.0,99999.0,99999.0,99999.0,99999.0,99999.0,99999.0,99999.0,99999.0
68.5,99999.0,99999.0,99999.0,99999.0,99999.0,99999.0,99999.0,99999.0,99999.0,99999.0,99999.0,99999.0,99999.0,99999.0,99999.0,99999.0,99999.0,99999.0,99999.0,99999.0,99999.0,99999.0,99999.0,99999.0,99999.0,99999.0,99999.0,99999.0,99999.0,99999.0,99999.0,99999.0,99999.0,99999.0,99999.0,99999.0,99999.0,99999.0,99999.0,99999.0,99999.0,99999.0,99999.0,99999.0,99999.0,99999.0,99999.0,99999.0,99999.0,99999.0,99999.0,99999.0,99999.0,99999.0,99999.0,99999.0,99999.0,99999.0,99999.0,99999.0,99999.0,99999.0,99999.0,99999.0,99999.0,99999.0,99999.0,99999.0,99999.0,99999.0,99999.0,99999.0,99999.0,99999.0,99999.0,99999.0,99999.0,99999.0,99999.0,99999.0,99999.0,99999.0,99999.0,99999.0,99999.0,99999.0,99999.0,99999.0,99999.0,99999.0,99999.0,99999.0,99999.0,99999.0,99999.0,99999.0,99999.0,99999.0,99999.0,99999.0,99999.0,99999.0,99999.0,99999.0,99999.0,99999.0,99999.0,99999.0,99999.0,99999.0,99999.0,99999.0,99999.0,99999.0,99999.0,99999.0,99999.0,99999.0,99999.0,99999.0,99999.0,-0.11,-0.11,0.48,0.48,0.48,0.33,99999.0,99999.0,99999.0,99999.0,99999.0,99999.0,99999.0,99999.0,99999.0,99999.0,99999.0,99999.0,99999.0,99999.0,99999.0,99999.0,99999.0,99999.0,99999.0,99999.0,99999.0,99999.0,99999.0,99999.0,99999.0,-0.11,99999.0,99999.0,99999.0,99999.0,99999.0,99999.0,99999.0,2.22,2.08,99999.0,0.77,99999.0,1.06,1.2,1.2,1.93,99999.0,2.22,2.37,2.52,3.83,4.41,4.12,3.97,5.43,5.43,6.16,6.59,6.3,6.89,6.89,6.74,7.32,7.47,7.61,7.76,7.61,7.61,7.18,6.89,6.3,5.43,99999.0,99999.0,99999.0,99999.0,99999.0,99999.0,99999.0,99999.0,99999.0,99999.0,99999.0,99999.0,99999.0,99999.0,99999.0,99999.0,99999.0,99999.0,99999.0,99999.0,99999.0,99999.0,99999.0,2.81,3.39,3.39,1.79,1.93,99999.0,99999.0,99999.0,99999.0,99999.0,99999.0,99999.0,99999.0,99999.0,99999.0,99999.0,99999.0,99999.0,99999.0,99999.0,99999.0,99999.0,99999.0,99999.0,99999.0,99999.0,99999.0,99999.0,99999.0,99999.0,99999.0,99999.0,99999.0,99999.0,99999.0,99999.0,99999.0,99999.0,99999.0,99999.0,99999.0,99999.0,99999.0,99999.0,99999.0,99999.0,99999.0,99999.0,99999.0,99999.0,99999.0,99999.0,99999.0,99999.0,99999.0,99999.0,99999.0,99999.0,99999.0,99999.0,99999.0,99999.0,99999.0,99999.0,99999.0,99999.0,99999.0,99999.0,99999.0,99999.0,99999.0,99999.0,99999.0,99999.0,99999.0,99999.0,99999.0,99999.0,99999.0,99999.0,99999.0,99999.0,99999.0,99999.0,99999.0,99999.0,99999.0,99999.0,99999.0,99999.0,99999.0,99999.0,99999.0,99999.0,99999.0,99999.0,99999.0,99999.0,99999.0,99999.0,99999.0,99999.0,99999.0,99999.0,99999.0,99999.0,99999.0,99999.0,99999.0,99999.0,99999.0,99999.0,99999.0,99999.0,99999.0,99999.0,99999.0,99999.0,99999.0,99999.0,99999.0,99999.0,99999.0,99999.0,99999.0,99999.0,99999.0,99999.0,99999.0,99999.0,99999.0,99999.0,99999.0,99999.0,99999.0,99999.0,99999.0,99999.0,99999.0,99999.0,99999.0,99999.0
67.5,99999.0,99999.0,99999.0,99999.0,99999.0,99999.0,99999.0,99999.0,99999.0,99999.0,99999.0,99999.0,99999.0,99999.0,99999.0,99999.0,99999.0,99999.0,99999.0,99999.0,99999.0,99999.0,99999.0,99999.0,99999.0,99999.0,99999.0,99999.0,99999.0,99999.0,99999.0,99999.0,99999.0,99999.0,99999.0,99999.0,99999.0,99999.0,99999.0,99999.0,99999.0,99999.0,99999.0,99999.0,99999.0,99999.0,99999.0,99999.0,99999.0,99999.0,99999.0,99999.0,99999.0,99999.0,99999.0,99999.0,99999.0,99999.0,99999.0,99999.0,99999.0,99999.0,99999.0,99999.0,99999.0,99999.0,99999.0,99999.0,99999.0,99999.0,99999.0,99999.0,99999.0,99999.0,99999.0,99999.0,99999.0,99999.0,99999.0,99999.0,99999.0,99999.0,99999.0,99999.0,99999.0,99999.0,99999.0,99999.0,99999.0,99999.0,99999.0,99999.0,99999.0,99999.0,99999.0,99999.0,99999.0,99999.0,99999.0,99999.0,99999.0,99999.0,99999.0,99999.0,99999.0,99999.0,99999.0,99999.0,99999.0,99999.0,99999.0,99999.0,99999.0,99999.0,99999.0,99999.0,99999.0,99999.0,99999.0,99999.0,99999.0,0.77,0.77,0.91,0.62,-0.11,99999.0,99999.0,99999.0,99999.0,99999.0,99999.0,99999.0,99999.0,99999.0,99999.0,99999.0,99999.0,99999.0,99999.0,99999.0,99999.0,99999.0,99999.0,99999.0,99999.0,99999.0,99999.0,0.04,-0.11,99999.0,99999.0,99999.0,99999.0,99999.0,99999.0,1.5,1.35,2.52,3.54,3.97,4.7,2.81,3.68,4.41,4.26,1.35,1.64,2.08,2.37,1.5,1.93,2.52,3.68,3.97,4.12,4.7,4.7,5.14,5.57,99999.0,6.89,7.32,6.59,7.18,7.03,5.28,7.32,8.34,7.76,7.32,7.32,6.74,6.45,5.87,99999.0,99999.0,99999.0,99999.0,99999.0,99999.0,99999.0,99999.0,99999.0,99999.0,99999.0,99999.0,99999.0,99999.0,99999.0,99999.0,99999.0,99999.0,99999.0,99999.0,99999.0,99999.0,99999.0,99999.0,99999.0,99999.0,1.06,99999.0,99999.0,99999.0,99999.0,99999.0,99999.0,99999.0,99999.0,99999.0,99999.0,99999.0,99999.0,99999.0,99999.0,99999.0,99999.0,99999.0,99999.0,99999.0,99999.0,99999.0,99999.0,99999.0,99999.0,99999.0,99999.0,99999.0,99999.0,99999.0,99999.0,99999.0,99999.0,99999.0,99999.0,99999.0,99999.0,99999.0,99999.0,99999.0,99999.0,99999.0,99999.0,99999.0,99999.0,99999.0,99999.0,99999.0,99999.0,99999.0,99999.0,99999.0,99999.0,99999.0,99999.0,99999.0,99999.0,99999.0,99999.0,99999.0,99999.0,99999.0,99999.0,99999.0,99999.0,99999.0,99999.0,99999.0,99999.0,99999.0,99999.0,99999.0,99999.0,99999.0,99999.0,99999.0,99999.0,99999.0,99999.0,99999.0,99999.0,99999.0,99999.0,99999.0,99999.0,99999.0,99999.0,99999.0,99999.0,99999.0,99999.0,99999.0,99999.0,99999.0,99999.0,99999.0,99999.0,99999.0,99999.0,99999.0,99999.0,99999.0,99999.0,99999.0,99999.0,99999.0,99999.0,99999.0,99999.0,99999.0,99999.0,99999.0,99999.0,99999.0,99999.0,99999.0,99999.0,99999.0,99999.0,99999.0,99999.0,99999.0,99999.0,99999.0,99999.0,99999.0,99999.0,99999.0,99999.0,99999.0,99999.0,99999.0,99999.0,99999.0,99999.0,99999.0,99999.0,99999.0,99999.0
66.5,99999.0,99999.0,99999.0,99999.0,99999.0,99999.0,99999.0,99999.0,99999.0,99999.0,99999.0,99999.0,99999.0,99999.0,99999.0,99999.0,99999.0,99999.0,99999.0,99999.0,99999.0,99999.0,99999.0,99999.0,99999.0,99999.0,99999.0,99999.0,99999.0,99999.0,99999.0,99999.0,99999.0,99999.0,99999.0,99999.0,99999.0,99999.0,99999.0,99999.0,99999.0,99999.0,99999.0,99999.0,99999.0,99999.0,99999.0,99999.0,99999.0,99999.0,99999.0,99999.0,99999.0,99999.0,99999.0,99999.0,99999.0,99999.0,99999.0,99999.0,99999.0,99999.0,99999.0,99999.0,99999.0,99999.0,99999.0,99999.0,99999.0,99999.0,99999.0,99999.0,99999.0,99999.0,99999.0,99999.0,99999.0,99999.0,99999.0,99999.0,99999.0,99999.0,99999.0,99999.0,99999.0,99999.0,99999.0,99999.0,99999.0,99999.0,99999.0,99999.0,99999.0,99999.0,99999.0,99999.0,99999.0,99999.0,99999.0,99999.0,99999.0,99999.0,99999.0,99999.0,99999.0,99999.0,99999.0,99999.0,99999.0,99999.0,99999.0,99999.0,99999.0,99999.0,99999.0,99999.0,99999.0,99999.0,99999.0,99999.0,99999.0,99999.0,99999.0,0.91,1.2,0.77,99999.0,99999.0,99999.0,99999.0,99999.0,99999.0,99999.0,99999.0,99999.0,99999.0,99999.0,99999.0,99999.0,99999.0,99999.0,99999.0,99999.0,99999.0,99999.0,99999.0,99999.0,99999.0,99999.0,99999.0,99999.0,99999.0,99999.0,0.48,7.03,5.72,5.57,3.97,4.56,4.99,4.85,4.41,4.56,99999.0,3.54,3.97,4.26,4.12,2.08,2.95,2.95,2.81,3.1,3.68,3.54,4.7,4.85,5.28,4.99,5.57,7.47,7.32,7.32,7.32,7.32,7.61,7.91,8.49,8.2,8.05,8.2,7.47,5.72,99999.0,99999.0,99999.0,99999.0,99999.0,99999.0,99999.0,99999.0,99999.0,99999.0,99999.0,99999.0,99999.0,99999.0,99999.0,99999.0,99999.0,99999.0,99999.0,99999.0,99999.0,99999.0,99999.0,99999.0,99999.0,99999.0,99999.0,99999.0,99999.0,99999.0,99999.0,99999.0,99999.0,99999.0,99999.0,99999.0,99999.0,99999.0,99999.0,99999.0,99999.0,99999.0,99999.0,99999.0,99999.0,99999.0,99999.0,99999.0,99999.0,99999.0,99999.0,99999.0,99999.0,99999.0,99999.0,99999.0,99999.0,99999.0,99999.0,99999.0,99999.0,99999.0,99999.0,99999.0,99999.0,99999.0,99999.0,99999.0,99999.0,99999.0,99999.0,99999.0,99999.0,99999.0,99999.0,99999.0,99999.0,99999.0,99999.0,99999.0,99999.0,99999.0,99999.0,99999.0,99999.0,99999.0,99999.0,99999.0,99999.0,99999.0,99999.0,99999.0,99999.0,99999.0,99999.0,99999.0,99999.0,99999.0,99999.0,99999.0,99999.0,99999.0,99999.0,99999.0,99999.0,99999.0,99999.0,99999.0,99999.0,99999.0,99999.0,99999.0,99999.0,99999.0,99999.0,99999.0,99999.0,99999.0,99999.0,99999.0,99999.0,99999.0,99999.0,99999.0,99999.0,99999.0,99999.0,99999.0,99999.0,99999.0,99999.0,99999.0,99999.0,99999.0,99999.0,99999.0,99999.0,99999.0,99999.0,99999.0,99999.0,99999.0,99999.0,99999.0,99999.0,99999.0,99999.0,99999.0,99999.0,99999.0,99999.0,99999.0,99999.0,99999.0,99999.0,99999.0,99999.0,99999.0,99999.0,99999.0,99999.0,99999.0,99999.0,99999.0,99999.0,99999.0,99999.0
65.5,99999.0,99999.0,99999.0,99999.0,99999.0,99999.0,99999.0,99999.0,99999.0,99999.0,99999.0,99999.0,99999.0,99999.0,99999.0,99999.0,99999.0,99999.0,99999.0,99999.0,99999.0,99999.0,99999.0,99999.0,99999.0,99999.0,99999.0,99999.0,99999.0,99999.0,99999.0,99999.0,99999.0,99999.0,99999.0,99999.0,99999.0,99999.0,99999.0,99999.0,99999.0,99999.0,99999.0,99999.0,99999.0,99999.0,99999.0,99999.0,99999.0,99999.0,99999.0,99999.0,99999.0,99999.0,99999.0,99999.0,99999.0,99999.0,99999.0,99999.0,99999.0,99999.0,99999.0,99999.0,99999.0,99999.0,99999.0,99999.0,99999.0,99999.0,99999.0,99999.0,99999.0,99999.0,99999.0,99999.0,99999.0,99999.0,99999.0,99999.0,99999.0,99999.0,99999.0,99999.0,99999.0,99999.0,99999.0,99999.0,99999.0,99999.0,99999.0,99999.0,99999.0,99999.0,99999.0,99999.0,99999.0,99999.0,99999.0,99999.0,99999.0,99999.0,99999.0,99999.0,99999.0,99999.0,99999.0,99999.0,99999.0,99999.0,99999.0,99999.0,99999.0,99999.0,99999.0,99999.0,99999.0,99999.0,99999.0,99999.0,99999.0,99999.0,1.35,1.93,1.06,0.77,0.48,99999.0,99999.0,99999.0,99999.0,99999.0,99999.0,99999.0,99999.0,99999.0,99999.0,99999.0,99999.0,99999.0,99999.0,99999.0,99999.0,99999.0,1.79,3.54,4.41,7.18,7.03,7.32,7.47,7.61,7.61,6.89,5.72,4.26,1.79,1.5,99999.0,99999.0,99999.0,99999.0,99999.0,99999.0,99999.0,99999.0,3.54,3.83,3.83,2.95,2.81,2.95,3.1,3.39,3.68,3.97,5.14,5.28,6.16,6.3,6.59,7.18,6.89,7.18,7.76,8.05,8.2,8.34,8.34,8.49,8.2,6.01,99999.0,99999.0,99999.0,99999.0,99999.0,99999.0,99999.0,99999.0,99999.0,99999.0,0.04,0.48,99999.0,99999.0,99999.0,99999.0,99999.0,99999.0,99999.0,99999.0,99999.0,99999.0,99999.0,99999.0,99999.0,99999.0,99999.0,99999.0,99999.0,99999.0,99999.0,99999.0,99999.0,99999.0,99999.0,99999.0,99999.0,99999.0,99999.0,99999.0,99999.0,99999.0,99999.0,99999.0,99999.0,99999.0,99999.0,99999.0,99999.0,99999.0,99999.0,99999.0,99999.0,99999.0,99999.0,99999.0,99999.0,99999.0,99999.0,99999.0,99999.0,99999.0,99999.0,99999.0,99999.0,99999.0,99999.0,99999.0,99999.0,99999.0,99999.0,99999.0,99999.0,99999.0,99999.0,99999.0,99999.0,99999.0,99999.0,99999.0,99999.0,99999.0,99999.0,99999.0,99999.0,99999.0,99999.0,99999.0,99999.0,99999.0,99999.0,99999.0,99999.0,99999.0,99999.0,99999.0,99999.0,99999.0,99999.0,99999.0,99999.0,99999.0,99999.0,99999.0,99999.0,99999.0,99999.0,99999.0,99999.0,99999.0,99999.0,99999.0,99999.0,99999.0,99999.0,99999.0,99999.0,99999.0,99999.0,99999.0,99999.0,99999.0,99999.0,99999.0,99999.0,99999.0,99999.0,99999.0,99999.0,99999.0,99999.0,99999.0,99999.0,99999.0,99999.0,99999.0,99999.0,99999.0,99999.0,99999.0,99999.0,99999.0,99999.0,99999.0,99999.0,99999.0,99999.0,99999.0,99999.0,99999.0,99999.0,99999.0,99999.0,99999.0,99999.0,99999.0,99999.0,99999.0,99999.0,99999.0,99999.0,99999.0,99999.0,99999.0,99999.0,99999.0,99999.0,99999.0
64.5,99999.0,99999.0,99999.0,99999.0,99999.0,99999.0,99999.0,99999.0,99999.0,99999.0,99999.0,99999.0,99999.0,99999.0,99999.0,99999.0,99999.0,99999.0,99999.0,99999.0,99999.0,99999.0,99999.0,99999.0,99999.0,99999.0,99999.0,99999.0,99999.0,99999.0,99999.0,99999.0,99999.0,99999.0,99999.0,99999.0,99999.0,99999.0,99999.0,99999.0,99999.0,99999.0,99999.0,99999.0,99999.0,99999.0,99999.0,99999.0,99999.0,99999.0,99999.0,99999.0,99999.0,99999.0,99999.0,99999.0,99999.0,99999.0,99999.0,99999.0,99999.0,99999.0,99999.0,99999.0,99999.0,99999.0,99999.0,99999.0,99999.0,99999.0,99999.0,99999.0,99999.0,99999.0,99999.0,99999.0,99999.0,99999.0,99999.0,99999.0,99999.0,99999.0,99999.0,99999.0,99999.0,99999.0,99999.0,99999.0,99999.0,99999.0,99999.0,99999.0,99999.0,99999.0,99999.0,99999.0,99999.0,99999.0,99999.0,99999.0,99999.0,99999.0,99999.0,99999.0,99999.0,99999.0,99999.0,99999.0,99999.0,99999.0,99999.0,99999.0,99999.0,99999.0,99999.0,99999.0,99999.0,99999.0,99999.0,99999.0,99999.0,1.93,1.93,1.79,1.93,1.5,0.77,0.77,0.62,99999.0,99999.0,99999.0,99999.0,99999.0,99999.0,99999.0,99999.0,99999.0,99999.0,99999.0,2.66,4.41,3.83,6.59,6.45,7.03,6.89,6.74,6.74,6.59,7.03,7.91,7.91,7.61,7.47,7.32,7.03,4.12,99999.0,99999.0,99999.0,99999.0,99999.0,99999.0,99999.0,2.66,4.56,3.97,7.32,7.32,4.56,3.83,3.54,3.68,4.12,3.97,4.41,6.01,7.47,6.59,7.32,7.61,8.05,8.49,8.63,8.78,8.49,8.34,8.05,7.76,6.16,99999.0,99999.0,99999.0,99999.0,99999.0,99999.0,99999.0,99999.0,99999.0,99999.0,99999.0,1.35,0.19,99999.0,99999.0,99999.0,99999.0,99999.0,99999.0,99999.0,99999.0,99999.0,99999.0,99999.0,99999.0,99999.0,99999.0,99999.0,99999.0,99999.0,99999.0,99999.0,99999.0,99999.0,99999.0,99999.0,99999.0,99999.0,99999.0,99999.0,99999.0,99999.0,99999.0,99999.0,99999.0,99999.0,99999.0,99999.0,99999.0,99999.0,99999.0,99999.0,99999.0,99999.0,99999.0,99999.0,99999.0,99999.0,99999.0,99999.0,99999.0,99999.0,99999.0,99999.0,99999.0,99999.0,99999.0,99999.0,99999.0,99999.0,99999.0,99999.0,99999.0,99999.0,99999.0,99999.0,99999.0,99999.0,99999.0,99999.0,99999.0,99999.0,99999.0,99999.0,99999.0,99999.0,99999.0,99999.0,99999.0,99999.0,99999.0,99999.0,99999.0,99999.0,99999.0,99999.0,99999.0,99999.0,99999.0,99999.0,99999.0,99999.0,99999.0,99999.0,99999.0,99999.0,99999.0,99999.0,99999.0,99999.0,99999.0,99999.0,99999.0,99999.0,99999.0,99999.0,99999.0,99999.0,99999.0,99999.0,99999.0,99999.0,99999.0,99999.0,99999.0,99999.0,99999.0,99999.0,99999.0,99999.0,99999.0,99999.0,99999.0,99999.0,99999.0,99999.0,99999.0,99999.0,99999.0,99999.0,99999.0,99999.0,99999.0,99999.0,99999.0,99999.0,99999.0,99999.0,99999.0,99999.0,99999.0,99999.0,99999.0,99999.0,99999.0,99999.0,99999.0,99999.0,99999.0,99999.0,99999.0,99999.0,99999.0,99999.0,99999.0,99999.0,99999.0,99999.0,99999.0
63.5,99999.0,99999.0,99999.0,99999.0,99999.0,99999.0,99999.0,99999.0,99999.0,99999.0,99999.0,99999.0,99999.0,99999.0,-0.25,99999.0,99999.0,99999.0,99999.0,99999.0,99999.0,99999.0,99999.0,99999.0,99999.0,99999.0,99999.0,99999.0,99999.0,99999.0,99999.0,99999.0,99999.0,99999.0,99999.0,99999.0,99999.0,99999.0,99999.0,99999.0,99999.0,99999.0,99999.0,99999.0,99999.0,99999.0,99999.0,99999.0,99999.0,99999.0,99999.0,99999.0,99999.0,99999.0,99999.0,99999.0,99999.0,99999.0,99999.0,99999.0,99999.0,99999.0,99999.0,99999.0,99999.0,99999.0,99999.0,99999.0,99999.0,99999.0,99999.0,99999.0,99999.0,99999.0,99999.0,99999.0,99999.0,99999.0,99999.0,99999.0,99999.0,99999.0,99999.0,99999.0,99999.0,99999.0,99999.0,99999.0,99999.0,99999.0,99999.0,99999.0,99999.0,99999.0,99999.0,99999.0,99999.0,99999.0,99999.0,99999.0,99999.0,99999.0,99999.0,99999.0,99999.0,99999.0,99999.0,99999.0,99999.0,99999.0,99999.0,99999.0,99999.0,99999.0,99999.0,99999.0,99999.0,99999.0,99999.0,99999.0,2.22,2.66,2.37,1.93,1.79,1.64,1.5,0.77,0.33,99999.0,99999.0,99999.0,99999.0,99999.0,99999.0,99999.0,99999.0,99999.0,99999.0,99999.0,6.45,6.59,7.03,6.89,6.01,6.3,6.59,6.59,6.89,6.74,7.03,7.61,7.91,8.2,8.05,8.05,7.91,7.76,7.61,7.18,6.16,5.87,7.91,8.34,9.22,9.22,9.07,8.34,7.47,7.18,7.32,7.76,7.18,6.45,4.56,4.41,4.99,4.99,6.45,8.2,8.2,8.63,8.78,8.49,8.49,8.49,8.2,7.76,99999.0,99999.0,5.57,99999.0,99999.0,99999.0,99999.0,99999.0,99999.0,99999.0,99999.0,0.77,1.93,99999.0,99999.0,99999.0,99999.0,99999.0,99999.0,99999.0,99999.0,99999.0,99999.0,99999.0,99999.0,99999.0,99999.0,99999.0,99999.0,99999.0,99999.0,99999.0,99999.0,99999.0,99999.0,99999.0,99999.0,99999.0,99999.0,99999.0,99999.0,99999.0,99999.0,99999.0,99999.0,99999.0,99999.0,99999.0,99999.0,99999.0,99999.0,99999.0,99999.0,99999.0,99999.0,99999.0,99999.0,99999.0,99999.0,99999.0,99999.0,99999.0,99999.0,99999.0,99999.0,99999.0,99999.0,99999.0,99999.0,99999.0,99999.0,99999.0,99999.0,99999.0,99999.0,99999.0,99999.0,99999.0,99999.0,99999.0,99999.0,99999.0,99999.0,99999.0,99999.0,99999.0,99999.0,99999.0,99999.0,99999.0,99999.0,99999.0,99999.0,99999.0,99999.0,99999.0,99999.0,99999.0,99999.0,99999.0,99999.0,99999.0,99999.0,99999.0,99999.0,99999.0,99999.0,99999.0,99999.0,99999.0,99999.0,99999.0,99999.0,99999.0,99999.0,99999.0,99999.0,99999.0,99999.0,99999.0,99999.0,99999.0,99999.0,99999.0,99999.0,99999.0,99999.0,99999.0,99999.0,99999.0,99999.0,99999.0,99999.0,99999.0,99999.0,99999.0,99999.0,99999.0,99999.0,99999.0,99999.0,99999.0,99999.0,99999.0,99999.0,99999.0,99999.0,99999.0,99999.0,99999.0,99999.0,99999.0,99999.0,99999.0,99999.0,99999.0,99999.0,99999.0,99999.0,99999.0,99999.0,99999.0,99999.0,99999.0,99999.0,99999.0,99999.0,99999.0,99999.0,99999.0,99999.0,99999.0
62.5,1.5,1.35,99999.0,99999.0,99999.0,99999.0,99999.0,99999.0,99999.0,99999.0,99999.0,99999.0,0.77,99999.0,-0.25,99999.0,99999.0,99999.0,99999.0,99999.0,99999.0,99999.0,99999.0,99999.0,99999.0,99999.0,99999.0,99999.0,99999.0,99999.0,99999.0,99999.0,99999.0,99999.0,99999.0,99999.0,99999.0,99999.0,99999.0,99999.0,99999.0,99999.0,99999.0,99999.0,99999.0,99999.0,99999.0,99999.0,99999.0,99999.0,99999.0,99999.0,99999.0,99999.0,99999.0,99999.0,99999.0,99999.0,99999.0,99999.0,99999.0,99999.0,99999.0,99999.0,99999.0,99999.0,99999.0,99999.0,99999.0,99999.0,99999.0,99999.0,99999.0,99999.0,99999.0,99999.0,99999.0,99999.0,99999.0,99999.0,99999.0,99999.0,99999.0,99999.0,99999.0,99999.0,99999.0,99999.0,99999.0,99999.0,99999.0,99999.0,99999.0,99999.0,99999.0,99999.0,99999.0,99999.0,99999.0,99999.0,99999.0,99999.0,99999.0,99999.0,99999.0,99999.0,99999.0,99999.0,99999.0,99999.0,99999.0,99999.0,99999.0,99999.0,99999.0,99999.0,99999.0,99999.0,99999.0,99999.0,99999.0,3.1,2.95,3.54,4.26,3.97,1.93,2.22,1.06,0.19,99999.0,99999.0,99999.0,99999.0,99999.0,99999.0,99999.0,99999.0,2.22,5.43,6.89,6.16,6.45,5.87,5.72,5.87,6.01,6.16,7.47,7.32,6.74,8.05,8.2,8.34,8.49,8.78,8.78,8.78,8.93,8.93,9.07,8.93,9.07,9.22,9.22,9.22,9.22,9.22,8.78,8.78,8.49,8.49,7.61,7.32,7.91,7.76,7.91,7.76,7.91,8.2,8.2,8.93,8.93,8.2,7.91,7.76,99999.0,99999.0,99999.0,99999.0,99999.0,99999.0,99999.0,99999.0,99999.0,99999.0,99999.0,99999.0,3.68,3.39,3.54,99999.0,99999.0,99999.0,99999.0,99999.0,99999.0,99999.0,99999.0,99999.0,99999.0,99999.0,99999.0,99999.0,99999.0,99999.0,99999.0,99999.0,99999.0,99999.0,99999.0,99999.0,99999.0,99999.0,99999.0,99999.0,99999.0,99999.0,99999.0,99999.0,99999.0,99999.0,99999.0,99999.0,99999.0,99999.0,99999.0,99999.0,99999.0,99999.0,99999.0,99999.0,99999.0,99999.0,99999.0,99999.0,99999.0,99999.0,99999.0,99999.0,99999.0,99999.0,99999.0,99999.0,99999.0,99999.0,99999.0,99999.0,99999.0,99999.0,99999.0,99999.0,99999.0,99999.0,99999.0,99999.0,99999.0,99999.0,99999.0,99999.0,99999.0,99999.0,99999.0,99999.0,99999.0,99999.0,99999.0,99999.0,99999.0,99999.0,99999.0,99999.0,99999.0,99999.0,99999.0,99999.0,99999.0,99999.0,99999.0,99999.0,99999.0,99999.0,99999.0,99999.0,99999.0,99999.0,99999.0,99999.0,99999.0,99999.0,99999.0,99999.0,99999.0,99999.0,99999.0,99999.0,99999.0,99999.0,99999.0,99999.0,99999.0,99999.0,99999.0,99999.0,99999.0,99999.0,99999.0,99999.0,99999.0,99999.0,99999.0,99999.0,99999.0,99999.0,99999.0,99999.0,99999.0,99999.0,99999.0,99999.0,99999.0,99999.0,99999.0,99999.0,99999.0,99999.0,99999.0,99999.0,99999.0,99999.0,99999.0,99999.0,99999.0,99999.0,99999.0,99999.0,99999.0,99999.0,99999.0,99999.0,99999.0,99999.0,99999.0,99999.0,99999.0,99999.0,99999.0,99999.0,99999.0,99999.0
61.5,2.52,2.81,2.08,0.91,0.48,-1.27,-1.42,99999.0,99999.0,99999.0,99999.0,99999.0,-0.25,-0.54,99999.0,99999.0,99999.0,99999.0,99999.0,99999.0,99999.0,99999.0,99999.0,99999.0,99999.0,99999.0,99999.0,99999.0,99999.0,99999.0,99999.0,99999.0,99999.0,99999.0,99999.0,99999.0,99999.0,99999.0,99999.0,99999.0,99999.0,99999.0,99999.0,99999.0,99999.0,99999.0,99999.0,99999.0,99999.0,99999.0,99999.0,99999.0,99999.0,99999.0,99999.0,99999.0,99999.0,99999.0,99999.0,99999.0,99999.0,99999.0,99999.0,99999.0,99999.0,99999.0,99999.0,99999.0,99999.0,99999.0,99999.0,99999.0,99999.0,99999.0,99999.0,99999.0,99999.0,99999.0,99999.0,99999.0,99999.0,99999.0,99999.0,99999.0,99999.0,99999.0,99999.0,99999.0,99999.0,99999.0,99999.0,99999.0,99999.0,99999.0,99999.0,99999.0,99999.0,99999.0,99999.0,99999.0,99999.0,99999.0,99999.0,99999.0,99999.0,99999.0,99999.0,99999.0,99999.0,99999.0,99999.0,99999.0,99999.0,99999.0,99999.0,99999.0,99999.0,99999.0,99999.0,1.64,3.1,2.37,2.08,4.26,4.26,4.26,3.68,5.14,99999.0,0.62,0.33,99999.0,99999.0,99999.0,99999.0,99999.0,99999.0,99999.0,2.66,6.3,4.99,5.14,5.28,5.28,5.57,6.16,6.3,6.59,6.59,6.74,7.91,8.2,8.49,8.78,8.78,8.93,8.93,8.93,8.93,8.93,8.93,9.51,9.22,9.22,8.93,9.22,9.07,9.22,9.36,9.51,8.63,9.07,8.2,7.76,8.05,7.61,9.07,9.51,9.22,9.51,9.22,7.91,8.78,8.49,7.47,99999.0,99999.0,99999.0,99999.0,99999.0,99999.0,99999.0,99999.0,99999.0,99999.0,99999.0,99999.0,2.95,2.95,3.24,3.24,99999.0,99999.0,99999.0,99999.0,99999.0,99999.0,99999.0,99999.0,99999.0,3.54,99999.0,99999.0,99999.0,99999.0,2.81,99999.0,99999.0,99999.0,99999.0,99999.0,99999.0,99999.0,99999.0,99999.0,99999.0,99999.0,99999.0,99999.0,99999.0,99999.0,99999.0,99999.0,99999.0,99999.0,99999.0,99999.0,99999.0,99999.0,99999.0,99999.0,99999.0,99999.0,99999.0,99999.0,99999.0,99999.0,99999.0,99999.0,99999.0,99999.0,99999.0,99999.0,99999.0,99999.0,99999.0,99999.0,99999.0,99999.0,99999.0,99999.0,99999.0,99999.0,99999.0,99999.0,99999.0,99999.0,99999.0,99999.0,99999.0,99999.0,99999.0,99999.0,99999.0,99999.0,99999.0,99999.0,99999.0,99999.0,99999.0,99999.0,99999.0,99999.0,99999.0,99999.0,99999.0,99999.0,99999.0,99999.0,99999.0,99999.0,99999.0,99999.0,99999.0,99999.0,99999.0,99999.0,99999.0,99999.0,99999.0,99999.0,99999.0,99999.0,99999.0,99999.0,99999.0,99999.0,99999.0,99999.0,99999.0,99999.0,99999.0,99999.0,99999.0,99999.0,99999.0,99999.0,99999.0,99999.0,99999.0,99999.0,99999.0,99999.0,99999.0,99999.0,99999.0,99999.0,99999.0,99999.0,99999.0,99999.0,99999.0,99999.0,99999.0,99999.0,99999.0,99999.0,99999.0,99999.0,99999.0,99999.0,99999.0,99999.0,99999.0,99999.0,99999.0,99999.0,99999.0,99999.0,99999.0,99999.0,99999.0,99999.0,99999.0,1.79,2.37,2.95,2.95,3.39,2.37
60.5,3.68,2.37,2.81,2.22,2.08,1.06,0.19,-0.25,0.33,99999.0,99999.0,99999.0,1.93,0.19,-0.4,99999.0,99999.0,99999.0,99999.0,99999.0,99999.0,99999.0,99999.0,99999.0,99999.0,99999.0,99999.0,99999.0,99999.0,99999.0,99999.0,99999.0,5.57,4.85,99999.0,99999.0,99999.0,99999.0,99999.0,99999.0,99999.0,99999.0,99999.0,99999.0,99999.0,99999.0,99999.0,99999.0,99999.0,99999.0,99999.0,99999.0,99999.0,99999.0,99999.0,99999.0,99999.0,99999.0,99999.0,99999.0,99999.0,99999.0,99999.0,99999.0,99999.0,99999.0,99999.0,99999.0,99999.0,99999.0,99999.0,99999.0,99999.0,99999.0,99999.0,99999.0,99999.0,99999.0,99999.0,99999.0,99999.0,99999.0,99999.0,99999.0,99999.0,99999.0,99999.0,99999.0,99999.0,99999.0,99999.0,99999.0,99999.0,99999.0,99999.0,99999.0,99999.0,99999.0,99999.0,99999.0,99999.0,99999.0,99999.0,99999.0,99999.0,99999.0,99999.0,99999.0,99999.0,99999.0,99999.0,99999.0,99999.0,99999.0,99999.0,99999.0,99999.0,99999.0,99999.0,99999.0,99999.0,3.97,99999.0,99999.0,3.68,3.83,4.12,4.26,4.56,4.41,4.41,4.85,0.19,99999.0,0.91,99999.0,99999.0,1.2,6.01,5.14,4.85,5.43,5.72,5.43,6.01,6.16,6.74,7.32,7.03,7.91,8.34,8.34,8.49,8.78,8.93,8.93,9.07,9.22,9.07,9.36,9.51,9.51,9.36,9.22,9.36,9.22,9.65,9.36,9.22,8.93,9.22,9.07,9.36,8.93,9.22,9.65,9.94,9.22,8.2,8.63,8.93,8.78,8.49,7.61,7.18,99999.0,99999.0,99999.0,99999.0,99999.0,99999.0,99999.0,99999.0,99999.0,99999.0,99999.0,99999.0,99999.0,1.79,1.79,2.22,99999.0,99999.0,99999.0,99999.0,99999.0,99999.0,99999.0,99999.0,99999.0,99999.0,99999.0,99999.0,99999.0,99999.0,99999.0,99999.0,99999.0,99999.0,99999.0,99999.0,99999.0,99999.0,99999.0,99999.0,99999.0,99999.0,99999.0,99999.0,99999.0,99999.0,99999.0,99999.0,99999.0,99999.0,99999.0,99999.0,99999.0,99999.0,99999.0,99999.0,99999.0,99999.0,99999.0,99999.0,99999.0,99999.0,99999.0,99999.0,99999.0,99999.0,99999.0,99999.0,99999.0,99999.0,99999.0,99999.0,99999.0,99999.0,99999.0,99999.0,99999.0,99999.0,99999.0,99999.0,99999.0,99999.0,99999.0,99999.0,99999.0,99999.0,99999.0,99999.0,99999.0,99999.0,99999.0,99999.0,99999.0,99999.0,99999.0,99999.0,99999.0,99999.0,99999.0,99999.0,99999.0,99999.0,99999.0,99999.0,99999.0,99999.0,99999.0,99999.0,99999.0,99999.0,99999.0,99999.0,99999.0,99999.0,99999.0,99999.0,99999.0,99999.0,99999.0,99999.0,99999.0,99999.0,99999.0,99999.0,99999.0,99999.0,99999.0,99999.0,99999.0,99999.0,99999.0,99999.0,99999.0,99999.0,99999.0,99999.0,99999.0,99999.0,99999.0,99999.0,99999.0,99999.0,99999.0,99999.0,99999.0,99999.0,99999.0,99999.0,99999.0,99999.0,99999.0,99999.0,99999.0,99999.0,99999.0,99999.0,99999.0,99999.0,99999.0,99999.0,99999.0,99999.0,99999.0,99999.0,99999.0,99999.0,2.37,2.52,2.37,2.22,2.37,2.22,2.81,2.95,2.95
59.5,3.24,3.24,3.1,3.24,2.95,3.1,2.22,1.2,2.08,0.48,99999.0,1.2,99999.0,99999.0,-0.54,-0.69,-0.83,-0.54,99999.0,99999.0,99999.0,99999.0,99999.0,99999.0,-0.11,99999.0,-0.11,4.56,99999.0,4.85,5.72,6.01,5.57,5.87,4.12,6.16,6.01,6.16,5.87,6.16,99999.0,99999.0,99999.0,99999.0,99999.0,99999.0,99999.0,99999.0,99999.0,99999.0,99999.0,99999.0,99999.0,99999.0,99999.0,99999.0,99999.0,99999.0,99999.0,99999.0,99999.0,99999.0,99999.0,99999.0,99999.0,99999.0,99999.0,99999.0,99999.0,99999.0,99999.0,99999.0,99999.0,99999.0,99999.0,99999.0,99999.0,99999.0,99999.0,99999.0,99999.0,99999.0,99999.0,99999.0,99999.0,99999.0,99999.0,99999.0,99999.0,99999.0,99999.0,99999.0,99999.0,99999.0,99999.0,99999.0,99999.0,99999.0,99999.0,99999.0,99999.0,99999.0,99999.0,99999.0,99999.0,99999.0,99999.0,99999.0,99999.0,99999.0,99999.0,99999.0,99999.0,99999.0,99999.0,99999.0,99999.0,99999.0,99999.0,99999.0,99999.0,99999.0,99999.0,99999.0,3.24,3.68,3.97,3.97,3.83,99999.0,3.83,4.7,4.26,5.14,5.28,5.14,3.83,5.72,4.99,4.7,4.41,4.99,5.28,5.28,6.01,6.45,6.45,7.03,7.91,8.2,8.2,8.34,8.34,8.49,8.63,9.07,8.93,9.51,9.36,9.22,9.65,9.94,9.65,9.51,9.51,9.65,9.51,9.94,10.24,9.65,9.51,9.94,9.94,10.24,9.07,9.07,8.93,8.49,8.63,8.78,8.2,8.34,7.91,7.61,6.89,99999.0,99999.0,99999.0,99999.0,99999.0,2.66,99999.0,99999.0,99999.0,99999.0,99999.0,99999.0,99999.0,99999.0,3.24,3.97,4.12,3.68,2.66,2.81,99999.0,99999.0,99999.0,99999.0,99999.0,99999.0,99999.0,99999.0,99999.0,99999.0,99999.0,99999.0,99999.0,99999.0,99999.0,99999.0,99999.0,99999.0,99999.0,99999.0,99999.0,99999.0,99999.0,99999.0,99999.0,99999.0,99999.0,99999.0,99999.0,99999.0,99999.0,99999.0,99999.0,99999.0,99999.0,99999.0,99999.0,99999.0,99999.0,99999.0,99999.0,99999.0,99999.0,99999.0,99999.0,99999.0,99999.0,99999.0,99999.0,99999.0,99999.0,99999.0,99999.0,99999.0,99999.0,99999.0,99999.0,99999.0,99999.0,99999.0,99999.0,99999.0,99999.0,99999.0,99999.0,99999.0,99999.0,99999.0,99999.0,99999.0,99999.0,99999.0,99999.0,99999.0,99999.0,99999.0,99999.0,99999.0,99999.0,99999.0,99999.0,99999.0,99999.0,99999.0,99999.0,99999.0,99999.0,99999.0,99999.0,99999.0,99999.0,99999.0,99999.0,99999.0,99999.0,99999.0,99999.0,99999.0,99999.0,99999.0,99999.0,99999.0,99999.0,99999.0,99999.0,99999.0,99999.0,99999.0,99999.0,99999.0,99999.0,99999.0,99999.0,99999.0,99999.0,99999.0,99999.0,99999.0,99999.0,99999.0,99999.0,99999.0,99999.0,99999.0,99999.0,99999.0,99999.0,99999.0,99999.0,99999.0,99999.0,0.77,0.91,0.19,99999.0,99999.0,99999.0,99999.0,99999.0,1.2,1.5,2.22,2.22,2.22,2.37,2.37,2.37,2.22,2.08,2.08,2.22,2.52,2.81,2.66,2.66
58.5,2.81,2.81,3.39,3.54,3.83,4.12,3.83,1.79,1.64,0.77,0.91,1.2,0.91,-0.54,-0.54,-0.69,-0.83,-0.25,-0.98,-1.13,-1.13,-0.25,-0.4,99999.0,99999.0,99999.0,4.56,3.97,5.57,5.57,5.72,5.72,5.43,4.99,4.12,4.26,4.85,4.85,4.85,5.87,6.3,6.16,5.87,99999.0,99999.0,99999.0,99999.0,99999.0,99999.0,99999.0,99999.0,99999.0,99999.0,99999.0,99999.0,99999.0,99999.0,99999.0,99999.0,99999.0,99999.0,99999.0,99999.0,99999.0,99999.0,99999.0,99999.0,99999.0,99999.0,99999.0,99999.0,99999.0,99999.0,99999.0,99999.0,99999.0,99999.0,99999.0,99999.0,99999.0,99999.0,99999.0,99999.0,99999.0,99999.0,99999.0,99999.0,99999.0,99999.0,99999.0,99999.0,99999.0,99999.0,99999.0,99999.0,99999.0,99999.0,99999.0,99999.0,99999.0,99999.0,99999.0,99999.0,99999.0,99999.0,99999.0,99999.0,99999.0,99999.0,99999.0,99999.0,99999.0,99999.0,99999.0,99999.0,99999.0,99999.0,99999.0,99999.0,99999.0,0.19,1.2,99999.0,99999.0,99999.0,99999.0,3.68,3.39,3.54,3.1,3.39,4.12,4.41,4.56,4.56,4.56,4.7,4.7,3.1,4.56,4.7,5.28,5.14,5.43,6.16,6.59,7.18,7.61,7.91,7.91,7.91,8.05,8.05,8.05,8.63,9.36,9.51,9.65,9.65,9.65,9.8,9.8,9.8,9.51,9.51,9.65,9.36,9.94,10.38,10.24,10.38,10.24,9.22,7.76,8.78,99999.0,99999.0,8.34,8.63,8.63,8.49,8.78,8.63,8.34,8.93,7.18,99999.0,99999.0,99999.0,6.59,6.3,99999.0,0.48,99999.0,4.26,99999.0,99999.0,2.81,5.14,6.01,4.7,4.26,99999.0,2.08,99999.0,99999.0,99999.0,99999.0,99999.0,99999.0,99999.0,99999.0,99999.0,99999.0,99999.0,99999.0,99999.0,99999.0,99999.0,99999.0,99999.0,99999.0,99999.0,99999.0,99999.0,99999.0,99999.0,99999.0,99999.0,99999.0,99999.0,99999.0,99999.0,99999.0,99999.0,99999.0,99999.0,99999.0,99999.0,99999.0,99999.0,99999.0,99999.0,99999.0,99999.0,99999.0,99999.0,99999.0,99999.0,99999.0,99999.0,99999.0,99999.0,99999.0,99999.0,99999.0,99999.0,99999.0,99999.0,99999.0,99999.0,99999.0,99999.0,99999.0,99999.0,99999.0,99999.0,99999.0,99999.0,99999.0,99999.0,99999.0,99999.0,99999.0,99999.0,99999.0,99999.0,99999.0,99999.0,99999.0,99999.0,99999.0,99999.0,99999.0,99999.0,99999.0,99999.0,99999.0,99999.0,99999.0,99999.0,99999.0,99999.0,99999.0,99999.0,99999.0,99999.0,99999.0,99999.0,99999.0,99999.0,99999.0,99999.0,99999.0,99999.0,99999.0,99999.0,99999.0,99999.0,99999.0,99999.0,99999.0,99999.0,99999.0,99999.0,99999.0,99999.0,99999.0,99999.0,99999.0,99999.0,99999.0,99999.0,99999.0,99999.0,99999.0,99999.0,99999.0,99999.0,99999.0,99999.0,99999.0,0.04,0.62,0.62,0.62,1.2,0.48,99999.0,99999.0,99999.0,99999.0,99999.0,0.91,2.22,2.08,2.22,1.35,1.93,1.93,2.08,2.22,2.08,2.22,2.37,1.93,2.22,2.66,2.37,2.66
57.5,2.37,3.54,3.24,3.39,3.68,3.39,3.24,2.08,1.5,0.62,1.79,1.2,1.06,0.77,-0.4,-0.54,-0.83,0.04,1.93,1.93,0.48,-1.13,99999.0,99999.0,3.39,99999.0,99999.0,3.83,4.56,5.43,4.56,3.97,4.26,4.12,4.26,4.56,4.12,4.26,5.28,4.99,5.57,6.01,5.87,6.74,99999.0,99999.0,99999.0,99999.0,99999.0,99999.0,99999.0,99999.0,99999.0,99999.0,99999.0,99999.0,99999.0,99999.0,99999.0,99999.0,99999.0,99999.0,99999.0,99999.0,99999.0,99999.0,99999.0,99999.0,99999.0,99999.0,99999.0,99999.0,99999.0,99999.0,99999.0,99999.0,99999.0,99999.0,99999.0,99999.0,99999.0,99999.0,99999.0,99999.0,99999.0,99999.0,99999.0,99999.0,99999.0,99999.0,99999.0,99999.0,99999.0,99999.0,99999.0,99999.0,99999.0,99999.0,99999.0,99999.0,99999.0,99999.0,99999.0,99999.0,99999.0,99999.0,99999.0,99999.0,99999.0,99999.0,99999.0,99999.0,99999.0,99999.0,99999.0,99999.0,99999.0,99999.0,99999.0,99999.0,99999.0,99999.0,99999.0,2.22,2.95,99999.0,3.24,3.1,3.24,2.66,3.24,3.68,3.83,4.26,3.24,3.68,4.26,3.83,4.12,4.26,5.57,5.14,5.72,5.87,6.74,7.76,7.32,7.91,7.61,7.61,7.61,8.05,7.91,8.34,9.36,9.22,9.51,9.65,9.51,9.94,9.8,9.65,9.65,9.65,9.65,9.36,9.36,10.09,10.24,10.09,10.09,9.65,7.76,99999.0,99999.0,99999.0,99999.0,99999.0,7.76,8.05,8.78,7.91,8.2,7.76,8.2,7.91,6.59,5.28,5.87,5.43,2.95,2.52,99999.0,99999.0,99999.0,99999.0,99999.0,3.68,99999.0,4.41,4.12,-0.25,99999.0,1.2,99999.0,99999.0,99999.0,99999.0,99999.0,99999.0,99999.0,99999.0,99999.0,99999.0,99999.0,99999.0,99999.0,99999.0,99999.0,99999.0,99999.0,99999.0,99999.0,99999.0,99999.0,99999.0,99999.0,99999.0,99999.0,99999.0,99999.0,99999.0,99999.0,99999.0,99999.0,99999.0,99999.0,99999.0,99999.0,99999.0,99999.0,99999.0,99999.0,99999.0,99999.0,99999.0,99999.0,99999.0,99999.0,99999.0,99999.0,99999.0,99999.0,99999.0,99999.0,99999.0,99999.0,99999.0,99999.0,99999.0,99999.0,99999.0,99999.0,99999.0,99999.0,99999.0,99999.0,99999.0,99999.0,99999.0,99999.0,99999.0,99999.0,99999.0,99999.0,99999.0,99999.0,99999.0,99999.0,99999.0,99999.0,99999.0,99999.0,99999.0,99999.0,99999.0,99999.0,99999.0,99999.0,99999.0,99999.0,99999.0,99999.0,99999.0,99999.0,99999.0,99999.0,99999.0,99999.0,99999.0,99999.0,99999.0,99999.0,99999.0,99999.0,99999.0,99999.0,99999.0,99999.0,99999.0,99999.0,99999.0,99999.0,99999.0,99999.0,99999.0,99999.0,99999.0,99999.0,99999.0,99999.0,99999.0,99999.0,99999.0,99999.0,99999.0,99999.0,99999.0,99999.0,99999.0,99999.0,99999.0,99999.0,99999.0,1.5,1.5,0.04,99999.0,99999.0,99999.0,99999.0,99999.0,99999.0,1.93,2.37,2.22,1.93,2.22,1.93,1.93,2.22,2.08,2.37,2.22,2.95,2.81,2.81,2.95,3.39,2.95
56.5,3.39,3.39,3.39,3.54,3.83,3.68,3.54,3.39,3.39,3.24,3.24,3.54,3.39,3.24,2.81,2.22,2.08,3.1,3.1,0.91,99999.0,3.1,3.68,3.97,3.83,2.81,4.41,5.28,5.28,3.97,3.68,4.12,4.12,4.56,4.7,4.7,4.85,4.85,5.43,5.57,5.57,6.3,6.16,6.89,7.03,6.16,5.87,4.12,99999.0,99999.0,99999.0,99999.0,99999.0,99999.0,99999.0,99999.0,99999.0,99999.0,99999.0,99999.0,99999.0,99999.0,99999.0,99999.0,99999.0,99999.0,99999.0,99999.0,99999.0,99999.0,99999.0,99999.0,99999.0,99999.0,99999.0,99999.0,99999.0,99999.0,99999.0,99999.0,99999.0,99999.0,99999.0,99999.0,99999.0,99999.0,99999.0,99999.0,99999.0,99999.0,99999.0,99999.0,99999.0,99999.0,99999.0,99999.0,99999.0,99999.0,99999.0,99999.0,99999.0,99999.0,99999.0,99999.0,99999.0,99999.0,99999.0,99999.0,99999.0,99999.0,99999.0,99999.0,99999.0,99999.0,99999.0,99999.0,99999.0,99999.0,99999.0,99999.0,99999.0,99999.0,99999.0,99999.0,2.22,2.66,2.95,3.1,99999.0,2.66,3.24,3.54,3.1,3.54,3.83,4.12,4.56,4.7,4.41,5.43,5.28,6.01,5.87,5.72,6.45,6.89,7.61,7.32,7.18,7.32,8.2,8.05,8.2,8.2,8.2,8.78,9.65,9.65,10.09,9.8,10.24,10.09,10.24,9.94,9.65,9.65,10.24,10.09,10.38,10.38,10.38,9.65,9.36,8.78,99999.0,99999.0,99999.0,7.47,8.05,8.63,99999.0,8.63,7.47,7.76,7.47,7.32,7.03,5.87,99999.0,99999.0,99999.0,3.24,2.66,99999.0,99999.0,99999.0,99999.0,4.26,3.97,4.7,2.95,99999.0,99999.0,99999.0,99999.0,99999.0,99999.0,99999.0,99999.0,99999.0,99999.0,99999.0,99999.0,99999.0,99999.0,99999.0,99999.0,99999.0,99999.0,99999.0,99999.0,99999.0,99999.0,99999.0,99999.0,99999.0,99999.0,99999.0,99999.0,99999.0,99999.0,99999.0,99999.0,99999.0,99999.0,99999.0,99999.0,99999.0,99999.0,99999.0,99999.0,99999.0,99999.0,99999.0,99999.0,99999.0,99999.0,99999.0,99999.0,99999.0,99999.0,99999.0,99999.0,99999.0,99999.0,99999.0,99999.0,99999.0,99999.0,99999.0,99999.0,99999.0,99999.0,99999.0,99999.0,99999.0,99999.0,99999.0,99999.0,99999.0,99999.0,99999.0,99999.0,99999.0,99999.0,99999.0,99999.0,99999.0,99999.0,99999.0,99999.0,99999.0,99999.0,99999.0,99999.0,99999.0,99999.0,99999.0,99999.0,99999.0,99999.0,99999.0,99999.0,99999.0,99999.0,99999.0,99999.0,99999.0,99999.0,99999.0,99999.0,99999.0,99999.0,99999.0,99999.0,99999.0,99999.0,99999.0,99999.0,99999.0,99999.0,99999.0,99999.0,99999.0,99999.0,99999.0,99999.0,99999.0,99999.0,99999.0,99999.0,99999.0,99999.0,99999.0,99999.0,99999.0,99999.0,99999.0,99999.0,99999.0,99999.0,0.04,0.04,-0.54,1.35,99999.0,99999.0,99999.0,99999.0,99999.0,99999.0,99999.0,99999.0,1.64,2.37,2.08,2.66,2.66,2.81,1.93,2.81,3.1,3.39,2.81,3.24,3.1,3.1,3.68,2.95,3.24
55.5,3.54,3.54,3.68,2.37,3.83,3.24,3.54,3.54,3.54,3.54,3.83,3.39,2.95,3.24,3.83,3.83,2.52,99999.0,99999.0,3.68,3.97,4.12,4.41,4.26,4.85,4.99,4.26,4.56,4.12,4.12,4.12,3.83,3.97,4.12,4.26,4.7,4.99,5.14,5.87,5.87,5.87,6.59,6.45,6.89,7.61,7.32,99999.0,99999.0,99999.0,99999.0,99999.0,99999.0,99999.0,99999.0,99999.0,99999.0,99999.0,99999.0,99999.0,99999.0,99999.0,99999.0,99999.0,99999.0,99999.0,99999.0,99999.0,99999.0,99999.0,99999.0,99999.0,99999.0,99999.0,99999.0,99999.0,99999.0,99999.0,99999.0,99999.0,99999.0,99999.0,99999.0,99999.0,99999.0,99999.0,99999.0,99999.0,99999.0,99999.0,99999.0,99999.0,99999.0,99999.0,99999.0,99999.0,99999.0,99999.0,99999.0,99999.0,99999.0,99999.0,99999.0,99999.0,99999.0,99999.0,99999.0,99999.0,99999.0,99999.0,99999.0,99999.0,99999.0,99999.0,99999.0,99999.0,99999.0,99999.0,99999.0,99999.0,99999.0,99999.0,99999.0,99999.0,99999.0,99999.0,2.22,2.37,2.52,2.66,0.62,3.24,3.39,3.24,3.83,4.12,3.54,4.26,4.56,5.28,4.85,5.28,5.72,6.01,6.3,6.59,6.45,6.89,6.89,6.74,7.32,7.76,7.76,7.61,8.34,8.78,8.49,8.63,9.36,8.93,9.8,10.38,10.24,10.38,10.38,10.53,10.82,10.67,10.67,10.53,10.38,9.94,9.65,8.93,9.36,8.78,99999.0,99999.0,99999.0,7.47,8.2,8.2,7.91,7.91,7.03,7.03,6.89,7.47,4.12,1.06,99999.0,99999.0,99999.0,3.54,99999.0,4.56,4.56,4.26,4.26,4.26,4.26,3.39,99999.0,99999.0,99999.0,99999.0,99999.0,99999.0,99999.0,99999.0,99999.0,99999.0,99999.0,99999.0,99999.0,99999.0,99999.0,99999.0,99999.0,99999.0,99999.0,99999.0,99999.0,99999.0,99999.0,99999.0,99999.0,99999.0,99999.0,99999.0,99999.0,99999.0,99999.0,99999.0,99999.0,99999.0,99999.0,99999.0,99999.0,99999.0,99999.0,99999.0,99999.0,99999.0,99999.0,99999.0,99999.0,99999.0,99999.0,99999.0,99999.0,99999.0,99999.0,99999.0,99999.0,99999.0,99999.0,99999.0,99999.0,99999.0,99999.0,99999.0,99999.0,99999.0,99999.0,99999.0,99999.0,99999.0,99999.0,99999.0,99999.0,99999.0,99999.0,99999.0,99999.0,99999.0,99999.0,99999.0,99999.0,99999.0,99999.0,99999.0,99999.0,99999.0,99999.0,99999.0,99999.0,99999.0,99999.0,99999.0,99999.0,99999.0,99999.0,99999.0,99999.0,99999.0,99999.0,99999.0,99999.0,99999.0,99999.0,99999.0,99999.0,99999.0,99999.0,99999.0,99999.0,99999.0,99999.0,99999.0,99999.0,99999.0,99999.0,99999.0,99999.0,99999.0,99999.0,99999.0,99999.0,99999.0,99999.0,99999.0,99999.0,99999.0,99999.0,99999.0,99999.0,99999.0,99999.0,-0.54,99999.0,99999.0,99999.0,99999.0,-0.83,1.5,99999.0,99999.0,99999.0,99999.0,99999.0,99999.0,99999.0,1.79,2.08,2.66,2.52,2.37,2.81,2.81,2.95,3.54,3.68,3.1,3.68,3.24,3.24,3.24,3.1,3.24,3.54
54.5,3.83,3.54,4.12,4.12,4.12,4.26,3.97,3.83,3.54,3.83,3.68,3.39,3.68,3.97,4.26,3.68,3.68,3.24,4.41,4.26,4.12,4.7,3.97,3.97,3.97,3.97,4.26,4.12,4.12,3.83,3.97,3.68,4.12,4.26,4.12,4.85,4.99,5.43,5.72,5.87,6.01,6.45,6.74,7.47,7.47,7.47,7.32,7.03,7.18,5.87,99999.0,99999.0,99999.0,99999.0,99999.0,1.2,99999.0,99999.0,99999.0,99999.0,99999.0,99999.0,99999.0,99999.0,99999.0,99999.0,99999.0,99999.0,99999.0,99999.0,99999.0,99999.0,99999.0,99999.0,99999.0,99999.0,99999.0,99999.0,-0.69,99999.0,99999.0,99999.0,99999.0,99999.0,99999.0,99999.0,99999.0,99999.0,99999.0,99999.0,99999.0,99999.0,99999.0,99999.0,99999.0,99999.0,99999.0,99999.0,99999.0,99999.0,99999.0,99999.0,99999.0,99999.0,99999.0,99999.0,99999.0,99999.0,99999.0,99999.0,99999.0,99999.0,99999.0,99999.0,99999.0,99999.0,99999.0,99999.0,99999.0,99999.0,99999.0,99999.0,99999.0,99999.0,99999.0,99999.0,99999.0,1.79,2.66,3.24,2.95,3.68,2.95,3.39,3.68,4.12,4.12,4.41,4.85,5.14,5.14,5.43,5.57,6.16,6.74,6.89,6.59,6.3,6.74,6.59,7.32,7.47,7.47,7.32,8.49,7.91,8.78,9.51,10.24,10.38,10.67,10.96,10.53,10.82,10.67,10.96,10.53,10.24,10.38,9.8,9.51,8.34,99999.0,99999.0,8.63,8.34,99999.0,99999.0,99999.0,6.89,7.61,6.89,6.01,7.03,7.61,7.03,6.89,5.57,2.22,99999.0,3.1,3.24,3.1,99999.0,3.1,4.7,99999.0,99999.0,99999.0,3.83,99999.0,99999.0,99999.0,99999.0,99999.0,99999.0,99999.0,99999.0,99999.0,99999.0,99999.0,99999.0,99999.0,99999.0,99999.0,99999.0,99999.0,99999.0,99999.0,99999.0,99999.0,99999.0,99999.0,99999.0,99999.0,99999.0,99999.0,99999.0,99999.0,99999.0,99999.0,99999.0,99999.0,99999.0,99999.0,99999.0,99999.0,99999.0,99999.0,99999.0,99999.0,99999.0,99999.0,99999.0,99999.0,99999.0,99999.0,99999.0,99999.0,99999.0,99999.0,99999.0,99999.0,99999.0,99999.0,99999.0,99999.0,99999.0,99999.0,99999.0,99999.0,99999.0,99999.0,99999.0,99999.0,99999.0,99999.0,99999.0,99999.0,99999.0,99999.0,99999.0,99999.0,99999.0,99999.0,99999.0,99999.0,99999.0,99999.0,99999.0,99999.0,99999.0,99999.0,99999.0,99999.0,99999.0,99999.0,99999.0,99999.0,99999.0,99999.0,99999.0,99999.0,99999.0,99999.0,99999.0,99999.0,99999.0,99999.0,99999.0,99999.0,99999.0,99999.0,99999.0,99999.0,99999.0,99999.0,99999.0,99999.0,99999.0,99999.0,99999.0,99999.0,99999.0,99999.0,99999.0,99999.0,99999.0,99999.0,99999.0,99999.0,99999.0,99999.0,99999.0,99999.0,99999.0,99999.0,99999.0,-0.11,0.19,99999.0,99999.0,99999.0,99999.0,1.64,99999.0,99999.0,99999.0,99999.0,99999.0,1.2,1.2,1.79,2.08,2.37,2.52,2.81,2.95,2.95,1.93,2.95,3.24,3.39,3.54,3.68,3.83,3.83,3.68,3.83,3.83
53.5,4.12,3.97,4.12,4.12,3.39,4.41,4.41,3.68,3.97,3.83,4.12,4.56,3.68,4.12,4.12,4.26,4.12,4.12,4.41,4.41,4.26,3.83,4.12,4.41,2.95,4.41,4.26,4.26,4.12,4.56,4.26,4.85,4.7,4.85,4.99,4.26,5.43,6.3,6.89,6.45,6.3,7.03,7.32,7.32,7.91,8.05,7.91,99999.0,8.34,7.91,99999.0,99999.0,99999.0,99999.0,99999.0,99999.0,99999.0,99999.0,99999.0,99999.0,99999.0,99999.0,99999.0,99999.0,99999.0,99999.0,99999.0,99999.0,99999.0,99999.0,99999.0,99999.0,99999.0,99999.0,99999.0,99999.0,99999.0,99999.0,99999.0,99999.0,99999.0,99999.0,99999.0,99999.0,99999.0,99999.0,99999.0,99999.0,99999.0,99999.0,99999.0,99999.0,99999.0,99999.0,99999.0,99999.0,99999.0,99999.0,99999.0,99999.0,99999.0,99999.0,99999.0,99999.0,99999.0,99999.0,99999.0,99999.0,99999.0,99999.0,99999.0,99999.0,99999.0,99999.0,99999.0,99999.0,99999.0,99999.0,99999.0,99999.0,99999.0,99999.0,99999.0,99999.0,99999.0,99999.0,-1.13,1.06,99999.0,99999.0,-0.4,99999.0,3.83,2.52,4.26,4.85,4.41,4.7,4.85,5.57,5.72,5.14,6.16,6.16,6.89,6.89,6.74,6.59,6.59,6.59,7.03,7.32,8.34,9.65,9.8,8.93,10.09,10.09,10.24,10.67,10.96,10.82,10.82,10.67,10.96,11.11,10.38,10.53,10.82,9.94,99999.0,99999.0,99999.0,99999.0,9.94,7.61,6.45,99999.0,99999.0,99999.0,5.43,6.16,6.01,6.74,6.16,1.64,3.54,99999.0,99999.0,99999.0,99999.0,99999.0,99999.0,99999.0,99999.0,99999.0,99999.0,99999.0,99999.0,99999.0,99999.0,99999.0,99999.0,99999.0,99999.0,99999.0,99999.0,99999.0,99999.0,99999.0,99999.0,99999.0,99999.0,99999.0,99999.0,99999.0,99999.0,99999.0,99999.0,99999.0,99999.0,99999.0,99999.0,99999.0,99999.0,99999.0,99999.0,99999.0,99999.0,99999.0,99999.0,99999.0,99999.0,99999.0,99999.0,99999.0,99999.0,99999.0,99999.0,99999.0,99999.0,99999.0,99999.0,99999.0,99999.0,99999.0,99999.0,99999.0,99999.0,99999.0,99999.0,99999.0,99999.0,99999.0,99999.0,99999.0,99999.0,99999.0,99999.0,99999.0,99999.0,99999.0,99999.0,99999.0,99999.0,99999.0,99999.0,99999.0,99999.0,99999.0,99999.0,99999.0,99999.0,99999.0,99999.0,99999.0,99999.0,99999.0,99999.0,99999.0,99999.0,99999.0,99999.0,99999.0,99999.0,99999.0,99999.0,99999.0,99999.0,99999.0,99999.0,99999.0,99999.0,99999.0,99999.0,99999.0,99999.0,99999.0,99999.0,99999.0,99999.0,99999.0,99999.0,99999.0,99999.0,99999.0,99999.0,99999.0,99999.0,99999.0,99999.0,99999.0,99999.0,99999.0,99999.0,99999.0,99999.0,99999.0,99999.0,99999.0,99999.0,99999.0,99999.0,99999.0,99999.0,99999.0,99999.0,99999.0,99999.0,0.04,99999.0,0.91,99999.0,1.2,1.79,1.5,99999.0,99999.0,99999.0,99999.0,2.08,2.37,2.22,2.52,2.66,2.66,2.81,2.95,2.95,3.1,3.97,4.41,3.97,3.68,4.26,4.26,3.97,4.12,3.83,3.97
52.5,4.12,4.41,4.41,4.41,4.41,4.26,4.12,4.12,4.56,4.41,3.83,4.41,3.68,4.41,4.26,4.41,4.12,4.41,4.41,3.97,4.99,4.99,4.85,4.85,3.97,4.85,4.99,4.56,4.85,4.56,4.85,4.99,5.28,5.14,3.97,5.28,5.43,5.57,5.87,6.16,7.18,6.89,6.59,7.18,8.05,8.05,8.34,8.49,8.34,8.78,8.05,99999.0,99999.0,99999.0,99999.0,99999.0,99999.0,99999.0,99999.0,99999.0,99999.0,99999.0,99999.0,99999.0,99999.0,99999.0,99999.0,99999.0,99999.0,99999.0,99999.0,99999.0,99999.0,99999.0,99999.0,99999.0,99999.0,99999.0,99999.0,99999.0,99999.0,0.48,99999.0,99999.0,99999.0,99999.0,99999.0,99999.0,99999.0,99999.0,99999.0,99999.0,99999.0,99999.0,99999.0,99999.0,99999.0,99999.0,99999.0,99999.0,99999.0,99999.0,99999.0,99999.0,99999.0,99999.0,99999.0,99999.0,99999.0,99999.0,99999.0,99999.0,99999.0,99999.0,99999.0,99999.0,99999.0,99999.0,99999.0,99999.0,99999.0,99999.0,99999.0,99999.0,99999.0,0.91,99999.0,-0.11,-0.11,2.52,99999.0,4.56,5.14,5.43,5.43,6.89,8.34,5.72,5.72,6.89,6.45,5.57,6.01,5.57,6.3,7.18,7.18,6.74,6.59,7.18,7.61,6.89,9.36,8.93,8.93,8.93,9.94,9.8,9.8,9.8,10.96,11.69,11.4,11.4,11.26,10.96,10.82,11.11,10.96,10.09,99999.0,99999.0,99999.0,99999.0,10.53,7.91,99999.0,99999.0,99999.0,99999.0,99999.0,99999.0,7.76,7.32,5.28,99999.0,99999.0,99999.0,99999.0,99999.0,99999.0,99999.0,99999.0,99999.0,99999.0,99999.0,99999.0,99999.0,99999.0,99999.0,99999.0,99999.0,99999.0,99999.0,99999.0,99999.0,99999.0,99999.0,99999.0,99999.0,99999.0,99999.0,99999.0,99999.0,99999.0,99999.0,99999.0,99999.0,99999.0,99999.0,99999.0,99999.0,99999.0,99999.0,99999.0,99999.0,99999.0,99999.0,99999.0,99999.0,99999.0,99999.0,99999.0,99999.0,99999.0,99999.0,99999.0,99999.0,99999.0,99999.0,99999.0,99999.0,99999.0,99999.0,99999.0,99999.0,99999.0,99999.0,99999.0,99999.0,99999.0,99999.0,99999.0,99999.0,99999.0,99999.0,99999.0,99999.0,99999.0,99999.0,99999.0,99999.0,99999.0,99999.0,99999.0,99999.0,99999.0,99999.0,99999.0,99999.0,99999.0,99999.0,99999.0,99999.0,99999.0,99999.0,99999.0,99999.0,99999.0,99999.0,99999.0,99999.0,99999.0,99999.0,99999.0,99999.0,99999.0,99999.0,99999.0,99999.0,99999.0,99999.0,99999.0,99999.0,99999.0,99999.0,99999.0,99999.0,99999.0,99999.0,99999.0,99999.0,99999.0,99999.0,99999.0,99999.0,99999.0,99999.0,99999.0,99999.0,99999.0,99999.0,99999.0,99999.0,99999.0,99999.0,99999.0,99999.0,99999.0,99999.0,99999.0,99999.0,99999.0,99999.0,99999.0,99999.0,99999.0,99999.0,99999.0,99999.0,0.33,99999.0,0.91,1.79,1.93,1.93,99999.0,99999.0,1.2,2.22,2.37,2.52,2.37,2.81,2.81,2.81,2.81,2.95,2.81,3.1,3.83,3.68,4.56,3.97,4.26,4.56,3.83,4.26,4.12,3.83
51.5,4.12,4.41,4.41,4.26,4.56,4.26,3.83,4.12,4.12,4.99,4.56,4.85,4.56,4.41,4.26,4.26,4.26,4.85,4.56,5.14,5.28,4.99,4.99,4.99,4.26,4.99,4.7,4.7,4.85,5.72,5.14,5.28,4.99,5.57,5.72,5.87,5.57,6.16,7.03,7.32,7.32,7.03,7.61,7.76,7.61,7.91,8.05,8.49,9.07,9.22,9.94,9.07,99999.0,99999.0,99999.0,99999.0,99999.0,99999.0,99999.0,99999.0,99999.0,99999.0,99999.0,99999.0,99999.0,99999.0,99999.0,99999.0,99999.0,99999.0,99999.0,99999.0,99999.0,99999.0,99999.0,99999.0,99999.0,99999.0,99999.0,99999.0,99999.0,99999.0,99999.0,99999.0,99999.0,99999.0,99999.0,99999.0,99999.0,99999.0,99999.0,99999.0,99999.0,99999.0,99999.0,99999.0,99999.0,99999.0,99999.0,99999.0,99999.0,99999.0,99999.0,99999.0,99999.0,99999.0,99999.0,99999.0,99999.0,99999.0,99999.0,99999.0,99999.0,99999.0,99999.0,99999.0,99999.0,99999.0,99999.0,99999.0,99999.0,99999.0,99999.0,99999.0,0.04,99999.0,99999.0,99999.0,0.77,99999.0,1.93,99999.0,5.43,99999.0,4.41,10.24,8.78,7.32,6.01,6.89,6.89,5.14,6.16,6.89,8.78,8.34,8.49,8.05,9.07,9.51,9.94,10.09,9.07,9.94,9.65,9.36,10.67,10.82,11.11,10.24,11.55,11.55,11.55,11.26,11.4,10.96,11.26,11.4,11.4,10.38,9.36,9.94,10.24,10.38,9.65,8.93,99999.0,99999.0,99999.0,99999.0,99999.0,7.61,7.91,99999.0,99999.0,99999.0,99999.0,99999.0,99999.0,99999.0,99999.0,99999.0,99999.0,99999.0,99999.0,99999.0,99999.0,99999.0,99999.0,99999.0,99999.0,99999.0,99999.0,99999.0,99999.0,99999.0,99999.0,99999.0,99999.0,99999.0,99999.0,99999.0,99999.0,99999.0,99999.0,99999.0,99999.0,99999.0,99999.0,99999.0,99999.0,99999.0,99999.0,99999.0,99999.0,99999.0,99999.0,99999.0,99999.0,99999.0,99999.0,99999.0,99999.0,99999.0,99999.0,99999.0,99999.0,99999.0,99999.0,99999.0,99999.0,99999.0,99999.0,99999.0,99999.0,99999.0,99999.0,99999.0,99999.0,99999.0,99999.0,99999.0,99999.0,99999.0,99999.0,99999.0,99999.0,99999.0,99999.0,99999.0,99999.0,99999.0,99999.0,99999.0,99999.0,99999.0,99999.0,99999.0,99999.0,99999.0,99999.0,99999.0,99999.0,99999.0,99999.0,99999.0,99999.0,99999.0,99999.0,99999.0,99999.0,99999.0,99999.0,99999.0,99999.0,99999.0,99999.0,99999.0,99999.0,99999.0,99999.0,99999.0,99999.0,99999.0,99999.0,99999.0,99999.0,99999.0,99999.0,99999.0,99999.0,99999.0,99999.0,99999.0,99999.0,99999.0,99999.0,99999.0,99999.0,99999.0,99999.0,99999.0,99999.0,99999.0,99999.0,99999.0,99999.0,99999.0,99999.0,99999.0,99999.0,99999.0,99999.0,99999.0,99999.0,99999.0,99999.0,99999.0,99999.0,0.62,1.06,1.2,1.06,1.5,1.35,1.93,99999.0,1.35,2.08,2.37,2.22,2.08,2.22,2.52,2.66,2.52,2.52,2.66,3.1,3.68,3.83,4.12,4.7,4.7,4.56,4.41,4.26,4.7,4.26,3.97
50.5,4.26,4.41,4.26,4.56,4.85,4.85,4.7,4.85,4.56,4.26,4.85,4.85,4.99,5.28,4.99,5.14,4.7,5.14,5.28,4.7,4.85,5.28,5.72,5.43,5.14,5.14,5.72,5.72,6.01,6.16,5.87,5.72,5.72,5.72,6.16,6.16,6.59,6.45,6.59,7.32,7.32,7.32,7.76,7.61,7.61,8.2,8.05,8.34,8.63,8.78,9.36,9.65,99999.0,99999.0,99999.0,99999.0,99999.0,99999.0,99999.0,99999.0,99999.0,99999.0,99999.0,99999.0,99999.0,99999.0,99999.0,99999.0,99999.0,99999.0,99999.0,99999.0,99999.0,99999.0,99999.0,99999.0,99999.0,99999.0,99999.0,99999.0,99999.0,-0.83,99999.0,99999.0,99999.0,99999.0,99999.0,99999.0,99999.0,99999.0,99999.0,99999.0,99999.0,99999.0,99999.0,99999.0,99999.0,99999.0,99999.0,99999.0,99999.0,99999.0,99999.0,99999.0,99999.0,99999.0,99999.0,99999.0,99999.0,99999.0,99999.0,99999.0,99999.0,99999.0,99999.0,99999.0,99999.0,99999.0,99999.0,99999.0,99999.0,0.62,99999.0,99999.0,0.77,0.91,0.91,1.5,0.91,1.06,1.35,2.37,1.35,5.14,4.7,8.93,10.09,8.49,9.94,8.93,8.49,7.32,7.18,8.63,9.07,7.76,9.07,9.51,10.09,9.07,10.38,10.24,9.65,9.94,10.24,10.09,10.67,10.82,10.96,11.4,11.11,11.69,12.28,11.98,11.69,11.98,11.26,11.26,11.55,11.55,10.82,10.82,10.53,10.38,10.09,99999.0,9.07,9.36,8.93,10.09,9.51,6.59,99999.0,99999.0,99999.0,99999.0,99999.0,99999.0,99999.0,99999.0,99999.0,99999.0,99999.0,99999.0,99999.0,99999.0,99999.0,99999.0,99999.0,99999.0,99999.0,99999.0,99999.0,99999.0,99999.0,99999.0,99999.0,99999.0,99999.0,99999.0,99999.0,99999.0,99999.0,99999.0,99999.0,99999.0,99999.0,99999.0,99999.0,99999.0,99999.0,99999.0,99999.0,99999.0,99999.0,99999.0,99999.0,99999.0,99999.0,99999.0,99999.0,99999.0,99999.0,99999.0,99999.0,99999.0,99999.0,99999.0,99999.0,99999.0,99999.0,99999.0,99999.0,99999.0,99999.0,99999.0,99999.0,99999.0,99999.0,99999.0,99999.0,99999.0,99999.0,99999.0,99999.0,99999.0,99999.0,99999.0,99999.0,99999.0,99999.0,99999.0,99999.0,99999.0,99999.0,99999.0,99999.0,99999.0,99999.0,99999.0,99999.0,99999.0,99999.0,99999.0,99999.0,99999.0,99999.0,99999.0,99999.0,99999.0,99999.0,99999.0,99999.0,99999.0,99999.0,99999.0,99999.0,99999.0,99999.0,99999.0,99999.0,99999.0,99999.0,99999.0,99999.0,99999.0,99999.0,99999.0,99999.0,99999.0,99999.0,99999.0,99999.0,99999.0,99999.0,99999.0,99999.0,99999.0,99999.0,99999.0,99999.0,99999.0,99999.0,99999.0,99999.0,99999.0,99999.0,99999.0,99999.0,99999.0,99999.0,99999.0,99999.0,99999.0,99999.0,99999.0,99999.0,99999.0,99999.0,1.06,0.77,1.06,1.5,1.93,1.93,2.08,1.93,2.08,2.37,2.22,2.22,1.93,2.08,2.52,2.66,2.52,3.1,2.95,3.83,3.83,3.97,4.56,4.7,4.85,4.7,4.99,4.85,4.56,4.41,4.56
49.5,4.41,4.56,5.28,5.28,5.28,4.99,4.85,5.14,5.57,5.43,5.72,5.43,5.14,6.16,5.72,5.43,5.43,5.14,5.57,5.14,5.14,5.87,5.72,5.72,5.57,5.87,6.16,6.3,6.01,6.3,6.45,6.3,6.3,6.16,6.45,6.74,7.32,6.89,6.89,7.32,8.2,8.05,8.05,7.61,7.91,7.76,8.34,8.63,8.93,8.93,8.78,9.36,9.36,99999.0,99999.0,7.32,99999.0,99999.0,99999.0,99999.0,99999.0,99999.0,99999.0,99999.0,99999.0,99999.0,99999.0,99999.0,99999.0,99999.0,99999.0,99999.0,99999.0,99999.0,99999.0,99999.0,99999.0,99999.0,99999.0,99999.0,99999.0,99999.0,99999.0,99999.0,99999.0,99999.0,99999.0,99999.0,99999.0,99999.0,99999.0,99999.0,99999.0,99999.0,99999.0,99999.0,99999.0,99999.0,99999.0,99999.0,99999.0,99999.0,99999.0,99999.0,99999.0,99999.0,99999.0,99999.0,99999.0,99999.0,99999.0,99999.0,99999.0,99999.0,99999.0,99999.0,99999.0,99999.0,99999.0,99999.0,99999.0,0.91,99999.0,99999.0,99999.0,99999.0,0.91,1.06,1.06,1.5,99999.0,4.26,3.83,4.41,4.99,99999.0,6.16,7.03,10.38,12.28,10.53,8.2,7.61,7.91,9.65,10.38,11.69,11.11,9.51,9.51,10.38,10.24,9.8,9.94,10.82,11.26,11.84,11.11,11.69,11.98,11.69,12.28,11.55,11.98,12.13,11.98,11.84,11.98,11.84,11.11,11.55,11.26,10.82,11.26,11.26,11.55,11.26,10.67,99999.0,8.93,99999.0,99999.0,99999.0,99999.0,99999.0,99999.0,99999.0,99999.0,99999.0,99999.0,99999.0,99999.0,99999.0,99999.0,99999.0,99999.0,99999.0,99999.0,99999.0,99999.0,99999.0,99999.0,99999.0,99999.0,99999.0,99999.0,99999.0,99999.0,99999.0,99999.0,99999.0,99999.0,99999.0,99999.0,99999.0,99999.0,99999.0,99999.0,99999.0,99999.0,99999.0,99999.0,99999.0,99999.0,99999.0,99999.0,99999.0,99999.0,99999.0,99999.0,99999.0,99999.0,99999.0,99999.0,99999.0,99999.0,99999.0,99999.0,99999.0,99999.0,99999.0,99999.0,99999.0,99999.0,99999.0,99999.0,99999.0,99999.0,99999.0,99999.0,99999.0,99999.0,99999.0,99999.0,99999.0,99999.0,99999.0,99999.0,99999.0,99999.0,99999.0,99999.0,99999.0,99999.0,99999.0,99999.0,99999.0,99999.0,99999.0,99999.0,99999.0,99999.0,99999.0,99999.0,99999.0,99999.0,99999.0,99999.0,99999.0,99999.0,99999.0,99999.0,99999.0,99999.0,99999.0,99999.0,99999.0,99999.0,99999.0,99999.0,99999.0,99999.0,99999.0,99999.0,99999.0,99999.0,99999.0,99999.0,99999.0,99999.0,99999.0,99999.0,99999.0,99999.0,99999.0,99999.0,99999.0,99999.0,99999.0,99999.0,99999.0,99999.0,99999.0,99999.0,99999.0,99999.0,99999.0,99999.0,99999.0,99999.0,99999.0,99999.0,99999.0,99999.0,99999.0,99999.0,0.48,99999.0,99999.0,99999.0,0.48,99999.0,1.5,1.93,2.08,2.37,2.08,2.22,2.37,2.37,2.22,2.37,2.95,3.1,2.95,3.24,3.83,3.68,3.97,4.41,4.26,4.56,4.56,4.7,4.7,4.56,4.12,4.56,4.7,5.14
48.5,4.99,5.28,5.57,5.43,5.72,5.72,6.16,5.43,6.16,5.87,6.45,5.87,5.72,6.16,6.16,5.72,5.57,6.16,5.72,5.43,5.72,4.7,5.14,5.43,4.99,6.74,6.45,6.3,6.59,7.03,6.89,7.18,7.03,7.03,7.32,7.61,7.61,8.2,7.61,8.05,8.34,8.05,7.91,8.2,8.34,8.78,9.36,9.22,9.36,8.93,8.78,9.51,9.94,10.24,10.24,9.22,99999.0,99999.0,99999.0,99999.0,99999.0,99999.0,99999.0,99999.0,99999.0,99999.0,99999.0,99999.0,99999.0,99999.0,99999.0,99999.0,99999.0,99999.0,99999.0,99999.0,99999.0,99999.0,99999.0,99999.0,99999.0,99999.0,99999.0,99999.0,99999.0,99999.0,99999.0,99999.0,99999.0,99999.0,99999.0,1.5,0.04,0.77,99999.0,99999.0,99999.0,99999.0,99999.0,99999.0,99999.0,99999.0,99999.0,99999.0,99999.0,99999.0,99999.0,99999.0,99999.0,99999.0,99999.0,99999.0,99999.0,99999.0,99999.0,99999.0,-0.11,0.33,0.33,99999.0,99999.0,99999.0,99999.0,99999.0,99999.0,99999.0,99999.0,0.77,6.59,99999.0,99999.0,2.37,-0.25,1.2,3.39,3.39,6.3,10.09,11.98,12.42,11.84,13.0,11.4,12.13,10.96,10.09,11.84,12.13,11.11,11.98,11.98,12.28,11.98,11.55,11.98,12.28,12.28,12.13,11.98,12.13,12.13,12.13,12.71,12.13,12.13,12.13,11.98,11.98,12.42,11.98,11.84,11.84,11.84,11.84,11.98,99999.0,99999.0,99999.0,99999.0,99999.0,99999.0,99999.0,99999.0,99999.0,99999.0,99999.0,99999.0,99999.0,99999.0,99999.0,99999.0,99999.0,99999.0,99999.0,99999.0,99999.0,99999.0,99999.0,99999.0,99999.0,99999.0,99999.0,99999.0,99999.0,99999.0,99999.0,99999.0,99999.0,99999.0,99999.0,99999.0,99999.0,99999.0,99999.0,99999.0,99999.0,99999.0,99999.0,99999.0,99999.0,99999.0,99999.0,99999.0,99999.0,99999.0,99999.0,99999.0,99999.0,99999.0,99999.0,99999.0,99999.0,99999.0,99999.0,99999.0,99999.0,99999.0,99999.0,99999.0,99999.0,99999.0,99999.0,99999.0,99999.0,99999.0,99999.0,99999.0,99999.0,99999.0,99999.0,99999.0,99999.0,99999.0,99999.0,99999.0,99999.0,99999.0,99999.0,99999.0,99999.0,99999.0,99999.0,99999.0,99999.0,99999.0,99999.0,99999.0,99999.0,99999.0,99999.0,99999.0,99999.0,99999.0,99999.0,99999.0,99999.0,99999.0,99999.0,99999.0,99999.0,99999.0,99999.0,99999.0,99999.0,99999.0,99999.0,99999.0,99999.0,99999.0,99999.0,99999.0,99999.0,99999.0,99999.0,99999.0,99999.0,99999.0,99999.0,99999.0,99999.0,99999.0,99999.0,99999.0,99999.0,99999.0,99999.0,99999.0,99999.0,99999.0,99999.0,99999.0,99999.0,99999.0,99999.0,99999.0,99999.0,99999.0,99999.0,99999.0,99999.0,99999.0,99999.0,99999.0,99999.0,99999.0,99999.0,0.91,99999.0,99999.0,1.5,1.35,1.64,1.5,1.64,2.22,1.93,1.93,2.22,2.37,2.81,3.1,3.54,3.68,3.39,2.81,2.81,3.83,3.68,3.54,4.41,4.56,4.85,5.14,5.43,4.99,4.41,5.57,4.85,5.43,5.14
47.5,5.14,5.43,6.16,5.57,5.57,5.57,6.89,6.3,6.59,6.74,6.59,6.59,6.16,6.45,6.74,6.16,6.16,6.74,6.74,6.01,6.01,6.16,6.16,7.03,7.18,7.18,6.89,7.18,7.32,7.18,7.32,7.61,7.47,7.61,7.91,7.76,8.2,8.2,8.05,8.49,8.49,8.49,8.49,9.22,8.78,9.07,9.51,10.09,10.09,10.24,10.24,10.09,9.94,10.09,10.38,9.36,99999.0,99999.0,99999.0,99999.0,99999.0,99999.0,99999.0,99999.0,99999.0,99999.0,99999.0,99999.0,99999.0,99999.0,99999.0,99999.0,99999.0,99999.0,99999.0,99999.0,99999.0,99999.0,99999.0,99999.0,99999.0,99999.0,99999.0,99999.0,99999.0,99999.0,99999.0,99999.0,99999.0,2.66,3.1,2.95,99999.0,99999.0,99999.0,99999.0,99999.0,99999.0,99999.0,99999.0,99999.0,99999.0,99999.0,99999.0,99999.0,99999.0,99999.0,99999.0,99999.0,99999.0,99999.0,99999.0,99999.0,99999.0,99999.0,-0.25,0.62,0.62,-1.42,99999.0,99999.0,2.52,2.52,1.79,6.16,99999.0,99999.0,6.74,0.19,1.2,1.06,0.62,5.72,8.2,6.89,3.54,5.57,9.07,99999.0,11.11,11.11,12.71,13.0,13.44,11.11,11.11,10.67,12.57,12.13,12.42,12.86,12.28,11.84,11.55,11.69,12.13,12.13,12.13,12.28,11.98,12.42,12.86,12.42,11.98,12.28,12.42,12.28,12.28,12.57,12.13,12.13,12.13,11.98,12.13,11.84,12.13,10.67,99999.0,99999.0,99999.0,99999.0,99999.0,99999.0,99999.0,99999.0,99999.0,99999.0,99999.0,99999.0,5.43,99999.0,99999.0,99999.0,99999.0,99999.0,99999.0,99999.0,99999.0,99999.0,99999.0,99999.0,99999.0,99999.0,99999.0,99999.0,99999.0,99999.0,99999.0,99999.0,99999.0,99999.0,99999.0,99999.0,99999.0,99999.0,99999.0,99999.0,99999.0,99999.0,99999.0,99999.0,99999.0,99999.0,99999.0,99999.0,99999.0,99999.0,99999.0,99999.0,99999.0,99999.0,99999.0,99999.0,99999.0,99999.0,99999.0,99999.0,99999.0,99999.0,99999.0,99999.0,99999.0,99999.0,99999.0,99999.0,99999.0,99999.0,99999.0,99999.0,99999.0,99999.0,99999.0,99999.0,99999.0,99999.0,99999.0,99999.0,99999.0,99999.0,99999.0,99999.0,99999.0,99999.0,99999.0,99999.0,99999.0,99999.0,99999.0,99999.0,99999.0,99999.0,99999.0,99999.0,99999.0,99999.0,99999.0,99999.0,99999.0,99999.0,99999.0,99999.0,99999.0,99999.0,99999.0,99999.0,99999.0,99999.0,99999.0,99999.0,99999.0,99999.0,99999.0,99999.0,99999.0,99999.0,99999.0,99999.0,99999.0,99999.0,99999.0,99999.0,99999.0,99999.0,99999.0,99999.0,99999.0,99999.0,99999.0,99999.0,99999.0,99999.0,99999.0,99999.0,99999.0,99999.0,99999.0,99999.0,99999.0,99999.0,99999.0,1.64,99999.0,99999.0,99999.0,99999.0,1.2,2.08,1.35,1.64,1.64,1.79,2.08,2.22,2.52,2.22,2.08,2.08,2.22,2.37,3.24,3.24,3.83,4.26,3.68,3.97,3.83,3.83,4.26,4.26,4.12,3.83,4.85,5.57,6.3,6.01,6.45,6.74,4.99,5.57,5.28
46.5,4.85,6.01,6.89,6.3,6.89,7.03,7.03,6.89,6.74,7.03,7.47,7.03,7.18,7.61,7.47,7.03,7.32,7.47,7.03,7.03,6.89,6.59,6.89,7.47,7.03,7.61,6.89,7.18,7.76,7.32,7.91,7.61,7.76,8.63,8.49,8.49,8.63,8.78,8.63,9.07,8.93,9.22,9.22,9.94,9.65,10.67,10.67,10.09,10.09,10.82,10.82,10.82,10.82,10.82,10.82,9.94,99999.0,99999.0,99999.0,99999.0,99999.0,99999.0,99999.0,99999.0,99999.0,99999.0,99999.0,99999.0,99999.0,99999.0,99999.0,99999.0,99999.0,99999.0,99999.0,99999.0,99999.0,99999.0,99999.0,99999.0,99999.0,99999.0,99999.0,99999.0,99999.0,99999.0,99999.0,99999.0,99999.0,99999.0,99999.0,99999.0,99999.0,99999.0,99999.0,99999.0,99999.0,99999.0,99999.0,99999.0,99999.0,99999.0,99999.0,99999.0,99999.0,99999.0,99999.0,99999.0,99999.0,99999.0,99999.0,99999.0,99999.0,99999.0,99999.0,99999.0,-0.54,-0.25,0.91,1.5,0.62,0.91,2.08,2.52,1.79,2.37,1.79,0.48,1.79,3.83,2.22,3.24,2.22,4.99,5.72,5.28,5.43,6.45,12.86,13.44,11.84,14.75,13.3,12.71,13.0,12.71,12.86,12.86,13.0,13.44,13.59,13.73,13.15,12.71,13.0,14.02,13.3,13.3,13.44,13.0,13.0,13.15,13.0,12.42,12.71,12.86,13.0,12.86,12.57,13.0,12.28,12.71,12.13,12.13,12.13,11.98,11.98,12.71,99999.0,99999.0,99999.0,99999.0,99999.0,99999.0,99999.0,99999.0,7.47,99999.0,99999.0,99999.0,99999.0,99999.0,99999.0,99999.0,99999.0,99999.0,99999.0,99999.0,99999.0,99999.0,99999.0,99999.0,99999.0,99999.0,99999.0,99999.0,99999.0,99999.0,99999.0,99999.0,99999.0,4.12,99999.0,99999.0,99999.0,2.08,0.91,0.04,99999.0,99999.0,99999.0,99999.0,2.37,99999.0,99999.0,99999.0,99999.0,99999.0,99999.0,99999.0,99999.0,99999.0,99999.0,99999.0,99999.0,99999.0,99999.0,99999.0,99999.0,99999.0,99999.0,99999.0,99999.0,99999.0,99999.0,99999.0,99999.0,99999.0,99999.0,99999.0,99999.0,99999.0,99999.0,99999.0,99999.0,99999.0,99999.0,99999.0,99999.0,99999.0,99999.0,99999.0,99999.0,99999.0,99999.0,99999.0,99999.0,99999.0,99999.0,99999.0,99999.0,99999.0,99999.0,99999.0,99999.0,99999.0,99999.0,99999.0,99999.0,99999.0,99999.0,99999.0,99999.0,99999.0,99999.0,99999.0,99999.0,99999.0,99999.0,99999.0,99999.0,99999.0,99999.0,99999.0,99999.0,99999.0,99999.0,99999.0,99999.0,99999.0,99999.0,99999.0,99999.0,99999.0,99999.0,99999.0,99999.0,99999.0,99999.0,99999.0,99999.0,99999.0,99999.0,99999.0,99999.0,99999.0,99999.0,99999.0,1.06,3.24,3.1,2.81,1.06,99999.0,1.5,99999.0,1.79,1.79,2.22,1.93,1.93,1.93,1.64,2.37,2.08,2.08,2.37,2.81,3.1,3.68,4.99,4.99,4.12,4.26,4.12,4.41,4.41,4.26,4.85,4.26,4.12,7.03,7.18,7.18,7.03,6.16,6.3,6.3,5.87,5.72
45.5,6.74,7.18,7.61,6.89,6.89,8.63,8.78,7.18,8.34,7.61,7.76,7.91,7.76,7.91,7.61,8.05,7.76,7.61,7.61,7.91,7.76,7.32,8.05,7.91,8.05,7.91,7.61,7.91,8.2,8.05,8.2,8.49,8.34,8.63,8.78,9.22,9.07,9.07,9.22,9.65,9.65,9.8,9.22,9.51,9.94,10.82,11.55,11.4,11.26,11.55,11.11,11.26,11.26,11.26,11.4,11.4,99999.0,99999.0,99999.0,99999.0,99999.0,99999.0,99999.0,99999.0,99999.0,99999.0,99999.0,99999.0,99999.0,99999.0,99999.0,99999.0,99999.0,99999.0,99999.0,99999.0,99999.0,99999.0,99999.0,99999.0,99999.0,99999.0,99999.0,99999.0,99999.0,99999.0,99999.0,99999.0,99999.0,99999.0,99999.0,99999.0,99999.0,2.52,99999.0,99999.0,2.81,3.83,2.66,0.48,99999.0,99999.0,99999.0,99999.0,99999.0,99999.0,99999.0,99999.0,99999.0,99999.0,99999.0,99999.0,99999.0,99999.0,99999.0,99999.0,99999.0,99999.0,99999.0,1.93,1.93,2.08,2.95,2.66,1.79,1.35,1.64,3.1,3.54,4.56,4.85,1.79,2.81,5.28,7.03,7.32,10.24,14.61,9.36,11.84,15.19,99999.0,13.3,13.0,11.98,13.73,13.0,12.57,14.75,13.59,14.61,14.17,14.17,13.59,13.59,13.15,13.3,13.15,12.42,12.42,13.15,13.0,13.15,12.71,13.88,13.59,12.71,13.0,12.71,12.86,12.71,12.86,12.71,12.57,12.42,12.13,12.42,13.15,12.57,99999.0,99999.0,99999.0,99999.0,99999.0,99999.0,99999.0,99999.0,99999.0,99999.0,99999.0,99999.0,99999.0,7.61,10.38,99999.0,99999.0,99999.0,99999.0,99999.0,99999.0,99999.0,99999.0,99999.0,99999.0,99999.0,99999.0,99999.0,99999.0,99999.0,99999.0,7.32,8.78,6.74,99999.0,99999.0,1.5,1.35,2.52,99999.0,99999.0,99999.0,99999.0,99999.0,99999.0,99999.0,99999.0,99999.0,8.93,-0.11,1.06,99999.0,1.06,1.2,99999.0,99999.0,99999.0,99999.0,99999.0,0.77,99999.0,99999.0,99999.0,99999.0,99999.0,99999.0,99999.0,99999.0,99999.0,99999.0,99999.0,99999.0,99999.0,99999.0,99999.0,99999.0,99999.0,99999.0,99999.0,99999.0,99999.0,99999.0,99999.0,99999.0,99999.0,99999.0,99999.0,99999.0,99999.0,99999.0,99999.0,99999.0,99999.0,99999.0,99999.0,99999.0,99999.0,99999.0,99999.0,99999.0,99999.0,99999.0,99999.0,99999.0,99999.0,99999.0,99999.0,99999.0,99999.0,99999.0,99999.0,99999.0,99999.0,99999.0,99999.0,99999.0,99999.0,99999.0,99999.0,99999.0,99999.0,99999.0,99999.0,99999.0,99999.0,99999.0,99999.0,99999.0,99999.0,99999.0,99999.0,99999.0,99999.0,99999.0,99999.0,99999.0,99999.0,99999.0,1.64,2.66,3.1,4.7,3.54,99999.0,99999.0,1.06,-0.4,2.08,99999.0,2.52,1.93,2.08,2.08,2.37,2.22,2.37,2.81,2.52,2.66,3.24,3.97,3.97,8.49,8.63,4.99,4.85,6.74,6.89,4.56,6.01,7.03,7.32,7.03,7.18,8.2,7.76,8.49,6.59,6.59,6.74,6.89
44.5,8.93,8.2,8.34,9.07,8.34,9.36,9.22,9.07,8.93,9.07,9.22,8.93,9.07,8.78,8.93,8.2,8.78,8.63,8.63,8.49,8.2,8.49,8.05,8.2,8.2,8.49,8.93,9.22,8.63,9.07,9.22,9.22,9.51,9.07,9.07,9.36,9.07,9.51,9.8,9.8,10.09,10.24,9.94,10.24,10.24,10.53,11.11,10.96,11.98,11.55,11.55,11.4,11.4,11.11,11.55,11.55,99999.0,99999.0,99999.0,99999.0,99999.0,99999.0,99999.0,99999.0,99999.0,99999.0,99999.0,99999.0,99999.0,1.35,99999.0,99999.0,99999.0,99999.0,99999.0,99999.0,99999.0,99999.0,99999.0,99999.0,99999.0,99999.0,99999.0,99999.0,99999.0,99999.0,99999.0,99999.0,99999.0,99999.0,99999.0,99999.0,2.22,3.68,99999.0,99999.0,99999.0,99999.0,99999.0,99999.0,0.48,99999.0,99999.0,99999.0,99999.0,99999.0,99999.0,99999.0,99999.0,99999.0,99999.0,99999.0,4.41,5.87,99999.0,99999.0,2.66,2.22,3.68,3.24,3.1,1.2,3.97,5.28,3.54,4.56,5.43,5.28,5.72,6.45,4.85,5.72,11.55,7.61,8.78,11.26,15.63,16.79,16.35,15.48,14.75,14.61,13.15,13.3,13.59,14.17,14.61,14.61,15.19,13.88,13.59,14.31,14.17,13.73,13.88,14.02,13.59,13.59,13.44,13.0,13.0,14.02,13.88,14.02,13.3,13.0,12.86,12.57,13.0,13.44,12.86,13.0,13.0,13.0,12.13,13.0,13.15,13.73,13.44,99999.0,99999.0,99999.0,99999.0,99999.0,99999.0,99999.0,99999.0,99999.0,99999.0,99999.0,99999.0,99999.0,9.94,13.44,13.73,99999.0,99999.0,99999.0,99999.0,99999.0,99999.0,99999.0,99999.0,99999.0,99999.0,99999.0,99999.0,99999.0,99999.0,8.34,8.78,10.24,10.53,9.51,10.09,9.8,8.05,9.65,99999.0,99999.0,99999.0,99999.0,99999.0,99999.0,99999.0,99999.0,99999.0,-0.11,2.37,5.72,99999.0,99999.0,99999.0,99999.0,99999.0,99999.0,99999.0,99999.0,99999.0,0.33,1.2,99999.0,99999.0,99999.0,99999.0,99999.0,99999.0,99999.0,99999.0,99999.0,99999.0,99999.0,99999.0,99999.0,99999.0,99999.0,99999.0,99999.0,99999.0,99999.0,99999.0,99999.0,99999.0,99999.0,99999.0,99999.0,99999.0,99999.0,99999.0,99999.0,99999.0,99999.0,99999.0,99999.0,99999.0,99999.0,99999.0,99999.0,99999.0,99999.0,99999.0,99999.0,99999.0,99999.0,99999.0,99999.0,99999.0,99999.0,99999.0,99999.0,99999.0,99999.0,99999.0,99999.0,99999.0,99999.0,99999.0,99999.0,99999.0,99999.0,99999.0,99999.0,99999.0,99999.0,99999.0,99999.0,99999.0,99999.0,99999.0,99999.0,99999.0,99999.0,99999.0,99999.0,99999.0,99999.0,1.64,1.5,4.7,99999.0,99999.0,4.56,99999.0,0.48,1.06,1.5,2.08,2.52,2.22,2.22,2.95,3.24,3.24,3.54,2.08,3.97,3.97,4.56,5.43,8.05,7.76,7.61,8.05,7.76,7.32,7.32,5.28,6.01,6.45,6.59,7.18,7.03,7.18,7.76,8.49,8.78,8.49,6.74,9.65,9.51
43.5,10.53,10.53,9.94,9.65,10.09,10.09,9.65,9.22,9.65,9.36,9.51,8.78,9.07,8.93,8.78,9.07,9.36,9.8,9.36,9.65,10.24,8.78,9.07,9.22,9.94,9.36,9.65,10.09,9.07,10.09,9.8,10.09,9.8,9.8,9.51,9.94,9.36,9.94,9.36,10.53,10.96,10.67,10.82,11.4,11.84,11.26,11.69,12.28,11.84,12.28,12.13,12.28,11.98,11.84,11.98,11.98,99999.0,99999.0,99999.0,99999.0,99999.0,99999.0,99999.0,99999.0,99999.0,99999.0,99999.0,99999.0,99999.0,99999.0,99999.0,99999.0,99999.0,99999.0,99999.0,99999.0,99999.0,99999.0,99999.0,99999.0,99999.0,99999.0,99999.0,99999.0,99999.0,99999.0,99999.0,99999.0,99999.0,99999.0,99999.0,99999.0,3.83,2.22,99999.0,99999.0,99999.0,1.2,99999.0,99999.0,3.1,3.68,5.14,99999.0,99999.0,99999.0,99999.0,99999.0,99999.0,99999.0,5.57,6.01,6.01,99999.0,2.37,3.54,3.54,4.26,5.43,4.7,5.87,7.61,11.98,5.43,5.43,7.47,5.87,6.74,7.03,6.89,5.87,5.87,13.3,17.08,16.35,12.42,16.94,16.21,15.63,17.37,14.46,14.9,15.92,16.35,16.94,16.65,16.06,15.63,15.92,16.35,15.92,14.75,14.9,13.73,13.88,14.31,13.88,14.17,13.44,13.15,14.46,14.17,14.17,14.02,14.02,13.44,13.44,13.15,13.59,13.15,13.15,13.44,99999.0,99999.0,99999.0,13.73,13.44,13.3,99999.0,99999.0,99999.0,99999.0,99999.0,99999.0,11.26,99999.0,99999.0,14.9,13.44,14.46,99999.0,99999.0,99999.0,99999.0,14.75,15.33,12.86,99999.0,99999.0,99999.0,99999.0,99999.0,99999.0,99999.0,99999.0,99999.0,99999.0,99999.0,8.93,9.8,9.8,9.36,8.78,9.07,9.22,8.93,9.51,9.65,9.8,10.82,99999.0,99999.0,99999.0,99999.0,99999.0,99999.0,99999.0,3.1,5.14,9.8,9.65,99999.0,99999.0,99999.0,99999.0,99999.0,99999.0,99999.0,99999.0,99999.0,99999.0,99999.0,99999.0,99999.0,99999.0,99999.0,99999.0,99999.0,99999.0,99999.0,99999.0,99999.0,99999.0,99999.0,99999.0,99999.0,99999.0,99999.0,99999.0,99999.0,99999.0,99999.0,99999.0,99999.0,99999.0,99999.0,99999.0,99999.0,99999.0,99999.0,99999.0,99999.0,99999.0,99999.0,99999.0,99999.0,99999.0,99999.0,99999.0,99999.0,99999.0,99999.0,99999.0,99999.0,99999.0,99999.0,99999.0,99999.0,99999.0,99999.0,99999.0,99999.0,99999.0,99999.0,99999.0,99999.0,99999.0,99999.0,99999.0,99999.0,99999.0,99999.0,99999.0,99999.0,99999.0,99999.0,99999.0,99999.0,99999.0,99999.0,99999.0,99999.0,99999.0,99999.0,99999.0,2.37,3.1,5.87,4.85,4.85,99999.0,99999.0,99999.0,99999.0,99999.0,2.08,2.08,2.37,2.95,3.24,3.1,3.68,3.68,2.81,3.83,7.47,5.28,4.85,4.99,7.61,7.47,7.61,6.3,7.91,7.91,6.3,4.85,5.43,5.87,7.91,8.78,10.53,12.13,9.94,8.49,9.65,9.51,9.07,9.8,9.94
42.5,10.24,11.11,9.94,10.24,10.53,11.11,10.67,11.4,11.11,10.53,10.53,9.22,10.09,10.53,10.38,9.94,10.53,10.53,10.38,9.94,10.53,10.09,10.38,10.67,10.09,10.82,10.82,10.53,10.38,10.82,10.53,10.53,10.82,10.96,10.67,10.67,10.24,10.67,10.96,10.96,11.55,11.26,12.57,12.71,12.13,11.26,12.71,13.0,12.71,12.28,12.28,12.86,11.98,12.13,12.42,11.98,99999.0,99999.0,99999.0,99999.0,99999.0,99999.0,99999.0,99999.0,99999.0,99999.0,99999.0,99999.0,99999.0,99999.0,99999.0,99999.0,99999.0,99999.0,99999.0,99999.0,99999.0,99999.0,99999.0,99999.0,99999.0,99999.0,99999.0,99999.0,99999.0,99999.0,99999.0,99999.0,99999.0,99999.0,99999.0,99999.0,3.97,4.26,99999.0,99999.0,99999.0,0.33,99999.0,2.37,2.52,99999.0,99999.0,99999.0,99999.0,99999.0,99999.0,99999.0,99999.0,5.43,6.45,6.59,6.01,4.41,4.41,6.01,6.3,6.3,6.45,2.95,99999.0,99999.0,99999.0,14.75,12.42,9.07,8.63,8.2,4.56,6.74,7.32,15.04,14.9,18.25,17.81,17.81,16.06,16.94,16.21,16.21,15.92,16.06,16.79,14.46,17.08,16.35,16.5,15.63,17.23,16.06,15.77,15.77,15.77,14.9,14.31,14.75,14.9,14.75,14.17,13.44,14.61,14.75,13.73,14.17,14.02,14.17,14.17,14.02,13.59,13.88,14.17,99999.0,99999.0,99999.0,99999.0,99999.0,99999.0,99999.0,99999.0,99999.0,99999.0,99999.0,99999.0,14.46,13.44,13.3,13.59,14.02,14.61,14.46,15.63,99999.0,99999.0,99999.0,13.73,15.19,15.63,15.48,14.31,99999.0,99999.0,99999.0,99999.0,99999.0,99999.0,99999.0,99999.0,9.51,10.38,9.8,99999.0,9.65,9.94,10.53,10.96,10.82,9.65,9.51,11.26,10.53,10.67,10.67,99999.0,99999.0,99999.0,99999.0,99999.0,99999.0,10.53,8.78,9.22,9.65,7.47,99999.0,99999.0,99999.0,99999.0,99999.0,99999.0,99999.0,99999.0,99999.0,99999.0,99999.0,99999.0,99999.0,99999.0,99999.0,99999.0,99999.0,99999.0,99999.0,99999.0,99999.0,99999.0,99999.0,7.03,6.74,99999.0,99999.0,99999.0,99999.0,99999.0,99999.0,99999.0,99999.0,99999.0,99999.0,99999.0,99999.0,99999.0,99999.0,99999.0,99999.0,99999.0,99999.0,99999.0,99999.0,99999.0,99999.0,99999.0,99999.0,99999.0,99999.0,99999.0,99999.0,99999.0,99999.0,99999.0,99999.0,99999.0,99999.0,99999.0,99999.0,99999.0,99999.0,99999.0,99999.0,99999.0,99999.0,99999.0,99999.0,99999.0,99999.0,99999.0,99999.0,99999.0,99999.0,99999.0,99999.0,99999.0,1.35,2.08,2.81,4.26,4.26,4.12,4.41,4.7,99999.0,6.16,6.16,99999.0,3.1,6.45,2.37,2.52,2.66,2.37,4.99,3.68,4.12,3.83,4.85,99999.0,10.24,9.65,6.74,9.07,9.51,9.8,9.22,9.94,10.38,8.93,7.03,5.87,6.16,6.3,8.2,12.71,11.84,12.57,9.94,9.8,10.96,11.98,12.86,11.69,10.53
41.5,12.57,12.42,12.42,10.38,10.53,11.55,11.26,11.4,10.53,11.11,11.98,11.84,10.67,10.53,10.96,11.4,12.28,12.13,11.11,10.96,10.96,11.11,10.82,11.11,11.55,11.98,11.69,11.26,11.26,10.82,10.67,11.11,11.69,11.55,10.96,11.4,11.69,12.42,12.57,12.13,11.69,12.42,13.0,13.3,12.57,12.57,12.71,13.44,12.86,12.57,12.28,12.57,12.13,12.42,12.86,12.42,99999.0,99999.0,99999.0,99999.0,99999.0,99999.0,99999.0,99999.0,99999.0,99999.0,99999.0,99999.0,99999.0,99999.0,99999.0,99999.0,99999.0,99999.0,99999.0,99999.0,99999.0,99999.0,99999.0,99999.0,99999.0,99999.0,99999.0,99999.0,99999.0,99999.0,99999.0,99999.0,99999.0,99999.0,99999.0,99999.0,99999.0,99999.0,99999.0,99999.0,99999.0,1.2,99999.0,99999.0,99999.0,99999.0,99999.0,99999.0,99999.0,99999.0,99999.0,99999.0,4.85,2.81,6.45,6.74,6.01,6.59,5.87,9.07,99999.0,99999.0,16.94,99999.0,14.02,14.46,18.54,18.83,15.77,14.31,13.73,8.2,13.88,12.71,12.86,12.13,16.5,17.08,16.94,17.81,17.08,18.54,18.54,17.08,15.48,16.65,17.81,17.37,17.67,17.08,15.77,16.5,16.35,15.77,15.77,15.33,16.21,14.9,14.9,14.9,15.33,15.19,14.31,14.31,14.9,14.75,14.46,14.31,14.02,14.31,14.31,14.75,14.61,14.46,14.31,99999.0,99999.0,99999.0,99999.0,99999.0,99999.0,99999.0,99999.0,99999.0,99999.0,99999.0,13.59,13.44,13.59,13.3,14.17,14.75,15.04,14.75,14.17,14.75,15.48,99999.0,99999.0,99999.0,13.44,14.61,14.75,99999.0,99999.0,99999.0,99999.0,99999.0,99999.0,99999.0,99999.0,99999.0,11.55,10.96,10.09,11.69,99999.0,99999.0,99999.0,99999.0,11.11,12.13,10.96,11.26,11.55,99999.0,99999.0,99999.0,99999.0,99999.0,99999.0,99999.0,99999.0,9.94,8.2,9.51,9.07,99999.0,99999.0,99999.0,99999.0,99999.0,99999.0,99999.0,99999.0,99999.0,99999.0,99999.0,99999.0,99999.0,99999.0,99999.0,99999.0,99999.0,99999.0,99999.0,99999.0,99999.0,99999.0,99999.0,99999.0,99999.0,99999.0,99999.0,99999.0,99999.0,99999.0,99999.0,99999.0,99999.0,99999.0,99999.0,99999.0,99999.0,99999.0,99999.0,99999.0,99999.0,99999.0,99999.0,99999.0,99999.0,99999.0,99999.0,99999.0,99999.0,99999.0,99999.0,99999.0,99999.0,99999.0,99999.0,99999.0,99999.0,99999.0,99999.0,99999.0,99999.0,99999.0,99999.0,99999.0,99999.0,99999.0,99999.0,99999.0,99999.0,99999.0,99999.0,99999.0,99999.0,99999.0,99999.0,99999.0,99999.0,5.43,5.28,1.79,3.83,3.54,4.56,2.66,5.43,11.11,99999.0,10.38,10.53,4.41,3.97,6.3,8.05,9.07,2.81,3.24,3.68,7.32,11.69,10.82,11.4,10.38,10.53,10.38,9.94,9.36,9.36,12.13,11.98,11.98,11.55,11.98,10.24,11.55,11.69,11.55,13.3,12.86,11.98,11.84,9.8,9.94,11.26,13.0,11.84,12.13,13.3
40.5,12.71,13.3,13.0,13.0,12.57,11.98,11.69,11.84,11.69,11.4,12.28,13.15,13.3,11.98,12.28,12.86,12.86,13.0,12.42,13.15,12.42,11.55,11.55,12.28,12.42,11.98,11.69,11.84,11.84,12.13,12.42,12.28,11.98,11.55,11.84,12.28,12.57,12.57,12.71,13.88,13.88,13.73,13.59,13.73,13.88,13.73,13.44,14.02,13.59,13.44,12.28,12.42,12.86,13.15,13.0,12.71,99999.0,99999.0,99999.0,99999.0,99999.0,99999.0,99999.0,99999.0,99999.0,99999.0,99999.0,99999.0,99999.0,99999.0,99999.0,99999.0,99999.0,99999.0,99999.0,99999.0,99999.0,99999.0,99999.0,99999.0,99999.0,99999.0,99999.0,99999.0,99999.0,99999.0,99999.0,99999.0,99999.0,99999.0,99999.0,99999.0,99999.0,99999.0,99999.0,99999.0,99999.0,99999.0,99999.0,99999.0,99999.0,99999.0,99999.0,99999.0,99999.0,99999.0,5.14,6.16,8.34,7.03,6.3,7.76,7.47,12.71,10.67,9.8,13.88,15.04,13.59,14.17,16.21,17.08,18.25,14.46,15.48,14.31,16.21,14.75,17.08,14.9,15.77,16.65,14.31,14.17,13.44,16.06,18.69,15.04,18.83,18.98,16.79,16.94,18.25,17.67,17.67,17.08,17.08,17.08,15.77,16.06,15.77,15.63,16.21,15.48,15.77,16.06,15.92,15.19,14.9,15.04,15.04,15.04,14.9,14.9,15.33,15.33,15.33,14.9,14.61,14.17,14.31,99999.0,99999.0,99999.0,99999.0,99999.0,99999.0,99999.0,99999.0,99999.0,13.44,14.46,14.17,14.46,14.17,15.19,15.04,15.19,99999.0,99999.0,15.92,15.92,15.77,15.63,16.06,99999.0,99999.0,99999.0,14.46,99999.0,99999.0,99999.0,99999.0,99999.0,16.21,15.92,15.63,11.98,11.69,10.96,99999.0,99999.0,99999.0,99999.0,99999.0,99999.0,99999.0,99999.0,99999.0,99999.0,99999.0,99999.0,99999.0,99999.0,99999.0,99999.0,99999.0,99999.0,99999.0,99999.0,6.74,9.94,11.4,99999.0,99999.0,99999.0,99999.0,99999.0,99999.0,99999.0,99999.0,99999.0,99999.0,99999.0,99999.0,99999.0,99999.0,99999.0,99999.0,99999.0,99999.0,99999.0,99999.0,99999.0,99999.0,99999.0,99999.0,99999.0,99999.0,99999.0,99999.0,99999.0,99999.0,99999.0,99999.0,99999.0,99999.0,99999.0,99999.0,99999.0,99999.0,99999.0,99999.0,99999.0,99999.0,99999.0,99999.0,99999.0,99999.0,99999.0,99999.0,99999.0,99999.0,99999.0,99999.0,99999.0,99999.0,99999.0,99999.0,99999.0,99999.0,99999.0,99999.0,99999.0,99999.0,99999.0,99999.0,99999.0,99999.0,99999.0,99999.0,0.62,99999.0,99999.0,99999.0,99999.0,99999.0,99999.0,99999.0,5.43,6.74,6.3,6.74,4.56,6.74,6.3,6.3,8.93,11.98,99999.0,99999.0,99999.0,6.89,9.51,9.07,9.65,10.24,7.18,7.61,10.96,12.42,10.38,10.53,10.09,10.96,10.82,11.26,14.31,14.02,10.96,12.13,12.42,14.02,13.0,12.57,13.59,13.73,13.73,13.3,13.44,13.88,14.31,15.48,12.71,13.3,12.42,12.57,12.42,12.42,12.86
39.5,15.04,13.3,13.44,14.02,13.88,13.15,13.0,13.59,13.88,13.3,12.28,12.71,13.88,13.15,12.57,12.86,13.3,12.57,13.0,13.59,13.44,13.0,13.0,12.71,12.57,12.86,12.86,12.57,12.57,12.57,13.15,13.15,12.86,12.42,13.44,13.3,12.71,13.44,13.3,13.73,14.17,13.59,13.44,13.73,14.31,14.46,14.75,14.46,13.73,14.02,13.88,13.15,12.57,12.86,13.0,13.3,99999.0,99999.0,99999.0,99999.0,99999.0,99999.0,99999.0,99999.0,99999.0,99999.0,99999.0,99999.0,99999.0,99999.0,99999.0,99999.0,99999.0,99999.0,99999.0,99999.0,99999.0,99999.0,99999.0,99999.0,99999.0,99999.0,99999.0,99999.0,99999.0,99999.0,99999.0,99999.0,99999.0,99999.0,99999.0,99999.0,99999.0,99999.0,99999.0,99999.0,99999.0,99999.0,99999.0,99999.0,99999.0,99999.0,99999.0,99999.0,99999.0,99999.0,7.91,9.36,11.4,9.65,13.0,13.59,12.71,16.35,12.57,13.15,15.48,15.19,22.47,21.02,21.16,18.25,19.7,19.56,18.39,17.96,16.21,16.35,19.56,19.41,19.41,18.69,16.94,18.98,19.41,19.12,19.12,18.54,17.23,19.27,18.39,17.81,17.81,17.96,16.65,16.94,17.37,16.65,16.06,16.65,16.35,16.5,15.77,15.77,16.35,16.06,16.06,15.77,15.33,15.63,16.06,15.04,15.92,15.48,16.06,15.48,15.92,14.61,15.33,14.9,14.17,99999.0,99999.0,99999.0,99999.0,99999.0,99999.0,99999.0,99999.0,99999.0,14.46,14.61,14.9,15.33,15.63,15.77,15.92,15.77,99999.0,99999.0,15.63,15.19,15.19,15.63,15.63,15.77,99999.0,15.19,15.63,16.5,99999.0,99999.0,99999.0,16.5,17.08,17.23,16.06,99999.0,99999.0,99999.0,99999.0,99999.0,99999.0,99999.0,99999.0,99999.0,99999.0,99999.0,99999.0,99999.0,99999.0,99999.0,99999.0,99999.0,99999.0,99999.0,99999.0,99999.0,99999.0,8.63,12.28,12.86,13.73,99999.0,99999.0,99999.0,99999.0,99999.0,99999.0,99999.0,99999.0,99999.0,99999.0,99999.0,99999.0,99999.0,99999.0,99999.0,99999.0,99999.0,99999.0,99999.0,99999.0,99999.0,99999.0,99999.0,99999.0,99999.0,99999.0,99999.0,99999.0,99999.0,99999.0,99999.0,99999.0,99999.0,99999.0,99999.0,99999.0,99999.0,99999.0,99999.0,99999.0,99999.0,99999.0,99999.0,99999.0,99999.0,99999.0,99999.0,99999.0,99999.0,99999.0,99999.0,99999.0,99999.0,99999.0,99999.0,99999.0,99999.0,99999.0,99999.0,99999.0,99999.0,99999.0,99999.0,99999.0,99999.0,99999.0,2.66,3.68,99999.0,0.19,3.97,2.08,99999.0,99999.0,2.66,6.59,9.07,7.91,11.4,6.74,9.94,99999.0,99999.0,12.42,12.28,11.84,99999.0,99999.0,99999.0,9.94,10.82,11.84,11.55,8.93,7.18,10.82,11.84,11.11,11.11,12.28,13.3,14.9,15.92,12.86,14.9,14.61,16.94,16.35,13.73,14.02,12.42,12.71,13.88,14.61,14.02,14.31,13.0,13.88,14.31,14.9,14.17,13.59,14.31,13.88,13.3,13.0,14.17
38.5,14.9,13.88,14.61,15.63,15.04,14.46,14.31,15.19,14.75,14.17,13.88,14.61,14.75,13.73,12.86,13.15,13.73,14.31,13.3,13.15,13.73,14.31,14.02,13.59,14.17,13.73,13.44,12.86,13.3,13.59,14.02,14.61,13.3,12.86,13.88,14.17,14.31,13.44,14.02,13.73,14.46,14.02,13.73,14.17,14.75,14.75,14.61,14.02,13.88,14.75,13.88,13.15,13.3,13.44,13.59,13.44,13.44,99999.0,99999.0,99999.0,99999.0,99999.0,99999.0,99999.0,99999.0,99999.0,99999.0,99999.0,99999.0,99999.0,99999.0,99999.0,99999.0,99999.0,99999.0,99999.0,99999.0,99999.0,99999.0,99999.0,99999.0,99999.0,99999.0,99999.0,99999.0,99999.0,99999.0,99999.0,99999.0,99999.0,99999.0,99999.0,99999.0,99999.0,99999.0,99999.0,99999.0,99999.0,99999.0,99999.0,99999.0,99999.0,99999.0,4.12,99999.0,8.2,9.94,11.4,13.15,13.3,14.31,12.42,13.44,13.88,13.73,14.9,23.35,21.74,19.27,21.45,21.6,21.89,20.29,19.41,19.12,19.27,19.27,20.58,19.41,19.41,19.12,19.41,18.98,18.25,18.83,19.12,18.98,18.98,18.83,18.69,17.67,17.81,18.1,18.98,17.52,17.52,17.96,17.08,16.21,16.94,16.94,16.21,16.5,15.92,16.21,15.92,16.35,16.35,16.5,16.06,16.21,16.35,15.92,15.92,16.65,16.06,16.06,15.63,15.48,15.04,14.9,99999.0,99999.0,99999.0,99999.0,99999.0,99999.0,99999.0,99999.0,99999.0,14.9,15.48,15.77,15.48,15.63,15.92,16.5,15.77,15.19,15.77,15.19,15.33,15.63,15.63,15.77,16.06,15.48,15.19,15.63,16.65,16.65,99999.0,99999.0,99999.0,16.35,17.23,99999.0,99999.0,99999.0,99999.0,99999.0,99999.0,99999.0,99999.0,99999.0,99999.0,99999.0,99999.0,99999.0,99999.0,99999.0,99999.0,4.56,99999.0,99999.0,99999.0,99999.0,99999.0,99999.0,12.42,13.44,14.02,12.86,7.61,99999.0,99999.0,99999.0,99999.0,99999.0,99999.0,99999.0,99999.0,99999.0,99999.0,99999.0,99999.0,99999.0,99999.0,99999.0,99999.0,99999.0,99999.0,99999.0,99999.0,99999.0,99999.0,99999.0,99999.0,99999.0,99999.0,99999.0,99999.0,99999.0,99999.0,99999.0,99999.0,99999.0,99999.0,99999.0,99999.0,99999.0,99999.0,99999.0,99999.0,99999.0,99999.0,99999.0,99999.0,99999.0,99999.0,99999.0,99999.0,99999.0,99999.0,99999.0,99999.0,99999.0,99999.0,99999.0,99999.0,99999.0,99999.0,99999.0,99999.0,99999.0,99999.0,99999.0,99999.0,2.95,4.7,5.43,6.59,6.45,7.18,5.87,99999.0,99999.0,99999.0,9.8,8.93,12.28,11.26,14.17,10.82,11.69,13.59,12.13,12.28,12.28,99999.0,99999.0,9.8,10.96,14.46,12.42,10.53,10.09,10.53,10.96,12.13,13.59,16.94,13.15,13.15,13.88,13.73,12.86,13.15,14.17,14.46,15.92,16.06,14.02,13.44,14.02,13.3,13.73,14.75,15.04,14.61,14.75,14.61,15.33,15.92,15.33,13.88,13.3,13.73,15.19,14.75
37.5,14.31,14.75,15.48,16.35,16.35,16.06,14.75,15.04,15.63,15.04,14.61,15.63,15.04,14.61,13.88,15.48,15.33,14.75,14.02,14.61,14.31,13.88,14.17,13.88,14.17,13.59,13.88,14.46,14.9,14.17,13.73,14.9,14.9,14.9,14.46,15.19,15.33,15.19,14.46,14.9,15.04,15.04,14.9,15.04,15.33,15.77,15.63,14.31,13.73,14.31,13.44,13.88,13.88,14.02,14.17,14.17,14.17,14.46,99999.0,99999.0,99999.0,99999.0,99999.0,99999.0,99999.0,99999.0,99999.0,99999.0,99999.0,99999.0,99999.0,99999.0,99999.0,99999.0,99999.0,99999.0,99999.0,99999.0,99999.0,99999.0,99999.0,99999.0,99999.0,99999.0,99999.0,99999.0,99999.0,99999.0,99999.0,99999.0,99999.0,99999.0,99999.0,99999.0,99999.0,99999.0,99999.0,99999.0,99999.0,99999.0,99999.0,99999.0,99999.0,99999.0,7.91,10.67,10.38,10.96,19.56,21.74,23.93,20.43,20.72,22.04,22.47,22.04,20.87,18.83,19.12,19.27,19.12,17.81,18.98,19.12,19.7,19.12,18.98,19.12,19.7,19.7,18.69,19.12,18.54,19.41,18.54,18.69,19.12,19.27,19.41,19.12,18.54,18.54,18.1,18.54,18.54,18.83,17.96,17.37,15.77,16.79,18.1,16.65,16.94,16.35,16.94,16.79,15.92,16.79,16.5,16.79,16.5,16.79,16.06,16.35,16.65,16.06,15.77,16.21,16.06,15.63,15.19,99999.0,99999.0,99999.0,99999.0,99999.0,99999.0,99999.0,15.48,15.19,15.33,15.63,15.77,15.19,15.33,15.92,15.92,15.77,16.06,16.21,16.35,16.21,15.63,99999.0,99999.0,15.63,16.79,17.08,15.63,17.23,17.37,17.37,99999.0,16.65,16.65,17.67,18.1,99999.0,99999.0,99999.0,99999.0,99999.0,99999.0,99999.0,99999.0,99999.0,99999.0,99999.0,99999.0,99999.0,99999.0,99999.0,99999.0,99999.0,99999.0,8.93,99999.0,99999.0,99999.0,13.73,13.44,13.88,14.46,11.4,99999.0,99999.0,99999.0,99999.0,99999.0,99999.0,99999.0,99999.0,99999.0,99999.0,99999.0,99999.0,99999.0,99999.0,99999.0,99999.0,99999.0,99999.0,99999.0,99999.0,99999.0,99999.0,99999.0,99999.0,99999.0,99999.0,99999.0,99999.0,99999.0,99999.0,99999.0,99999.0,99999.0,99999.0,99999.0,99999.0,99999.0,99999.0,99999.0,99999.0,99999.0,99999.0,99999.0,99999.0,99999.0,99999.0,99999.0,99999.0,99999.0,99999.0,99999.0,99999.0,99999.0,99999.0,99999.0,99999.0,99999.0,99999.0,99999.0,99999.0,99999.0,99999.0,99999.0,99999.0,99999.0,2.37,99999.0,2.66,4.7,7.91,7.76,2.52,2.37,99999.0,99999.0,13.15,13.3,12.86,11.98,12.13,9.36,12.86,12.86,13.0,11.55,99999.0,99999.0,11.98,13.88,18.83,18.54,12.71,10.82,11.26,10.53,15.04,18.98,17.96,16.06,13.59,13.0,12.71,14.46,15.48,14.75,17.08,17.67,17.67,14.75,13.59,13.88,14.02,14.9,16.21,17.67,17.37,16.35,17.08,16.65,16.94,17.23,16.79,16.65,14.31,14.9,14.31
36.5,14.17,15.63,15.33,16.21,16.21,15.92,16.21,14.75,14.9,14.31,15.19,15.48,14.61,14.75,15.48,14.9,15.77,15.33,14.61,15.19,14.61,15.19,15.33,15.48,14.31,14.46,14.61,15.77,15.04,15.33,15.04,14.9,14.61,15.33,16.21,15.77,15.33,15.04,15.63,15.77,15.63,15.33,16.06,16.21,15.63,15.92,15.48,15.04,15.33,15.63,15.19,14.31,13.88,14.17,14.46,13.73,14.02,14.46,99999.0,99999.0,99999.0,99999.0,99999.0,99999.0,99999.0,99999.0,99999.0,99999.0,99999.0,99999.0,99999.0,99999.0,99999.0,99999.0,99999.0,99999.0,99999.0,99999.0,99999.0,99999.0,99999.0,99999.0,99999.0,99999.0,99999.0,99999.0,99999.0,99999.0,99999.0,99999.0,99999.0,99999.0,99999.0,99999.0,99999.0,99999.0,99999.0,99999.0,99999.0,99999.0,99999.0,99999.0,99999.0,99999.0,10.67,10.38,22.91,24.22,23.64,20.87,99999.0,20.0,20.29,21.02,18.98,20.0,20.14,20.58,19.12,18.98,19.27,19.12,18.69,19.12,19.56,19.56,18.98,19.12,19.7,20.0,19.85,19.41,19.41,19.27,18.54,18.83,19.12,19.56,19.85,18.98,18.98,18.83,19.12,18.98,18.98,18.39,18.69,17.96,17.52,18.1,18.1,17.52,18.54,18.54,17.23,16.65,16.5,16.79,16.79,16.5,17.08,16.94,16.94,16.94,16.65,15.77,16.06,16.35,16.21,15.92,16.65,17.08,16.65,15.19,99999.0,15.48,15.48,15.63,15.19,15.33,15.92,99999.0,99999.0,99999.0,99999.0,99999.0,99999.0,99999.0,99999.0,99999.0,99999.0,16.06,16.06,16.79,16.21,16.21,15.92,16.21,16.79,16.94,17.23,17.81,17.23,16.79,17.23,18.25,18.39,18.98,19.27,99999.0,19.27,19.56,99999.0,99999.0,19.56,19.56,99999.0,99999.0,99999.0,99999.0,99999.0,99999.0,99999.0,99999.0,99999.0,99999.0,99999.0,99999.0,99999.0,99999.0,99999.0,99999.0,99999.0,99999.0,99999.0,99999.0,99999.0,99999.0,99999.0,99999.0,99999.0,99999.0,99999.0,99999.0,99999.0,99999.0,99999.0,99999.0,99999.0,99999.0,99999.0,99999.0,99999.0,99999.0,99999.0,99999.0,99999.0,99999.0,99999.0,99999.0,99999.0,99999.0,99999.0,99999.0,99999.0,99999.0,99999.0,99999.0,99999.0,99999.0,99999.0,99999.0,99999.0,99999.0,99999.0,99999.0,99999.0,99999.0,99999.0,99999.0,99999.0,99999.0,99999.0,99999.0,99999.0,99999.0,99999.0,99999.0,99999.0,99999.0,99999.0,99999.0,99999.0,99999.0,99999.0,99999.0,99999.0,99999.0,99999.0,99999.0,99999.0,7.03,5.14,9.36,8.05,6.3,99999.0,99999.0,99999.0,13.3,12.86,12.28,13.3,13.73,11.55,11.84,99999.0,99999.0,99999.0,99999.0,99999.0,16.06,18.25,18.54,18.25,19.41,18.69,18.39,19.7,18.54,18.54,18.98,17.23,18.98,18.69,18.1,18.39,18.25,16.06,16.79,16.5,18.39,16.79,16.65,15.63,15.33,15.33,17.96,17.81,15.77,16.21,16.21,15.63,17.67,16.94,16.06,15.92,16.06,15.92,14.75
35.5,16.06,17.08,16.06,15.77,15.92,16.21,15.77,14.9,14.9,15.04,15.48,15.63,14.61,14.9,15.04,15.48,15.77,15.19,15.48,15.77,15.19,15.19,16.35,15.63,15.48,15.92,15.77,15.48,16.21,17.37,16.35,15.33,15.48,15.92,16.94,16.35,16.21,16.06,17.08,16.35,16.5,15.48,15.92,16.21,15.92,16.21,16.5,15.63,15.77,15.63,15.63,15.77,15.63,14.9,14.46,15.33,14.75,14.9,15.04,99999.0,99999.0,99999.0,99999.0,99999.0,99999.0,99999.0,99999.0,99999.0,99999.0,99999.0,99999.0,99999.0,99999.0,99999.0,99999.0,99999.0,99999.0,99999.0,99999.0,99999.0,99999.0,99999.0,99999.0,99999.0,99999.0,99999.0,99999.0,99999.0,99999.0,99999.0,99999.0,99999.0,99999.0,99999.0,99999.0,99999.0,99999.0,99999.0,99999.0,99999.0,99999.0,99999.0,99999.0,99999.0,10.96,24.66,23.93,20.58,20.14,20.14,20.29,20.58,20.43,20.29,21.16,20.72,20.43,19.85,18.98,19.85,19.56,19.12,19.41,19.56,19.56,19.41,19.56,19.7,20.0,20.43,20.29,20.29,19.85,19.7,20.0,20.0,20.0,20.43,19.7,18.69,18.69,18.69,18.83,18.69,18.83,18.98,19.7,19.7,18.98,18.1,18.54,17.52,18.54,18.69,17.81,17.67,17.08,16.94,17.23,17.81,16.79,18.1,17.67,16.79,16.94,16.35,16.79,17.08,16.5,16.79,16.65,17.08,17.08,16.35,99999.0,16.06,16.21,15.92,16.21,99999.0,99999.0,99999.0,99999.0,99999.0,99999.0,99999.0,99999.0,99999.0,99999.0,99999.0,99999.0,16.94,16.94,16.94,17.23,16.35,16.79,17.23,17.08,17.37,17.08,18.1,17.52,17.52,17.81,17.37,18.69,18.39,17.52,16.79,17.37,18.25,18.83,18.69,19.27,20.0,99999.0,99999.0,99999.0,99999.0,99999.0,99999.0,99999.0,99999.0,99999.0,99999.0,99999.0,99999.0,99999.0,99999.0,99999.0,99999.0,99999.0,99999.0,99999.0,99999.0,99999.0,99999.0,99999.0,99999.0,99999.0,99999.0,99999.0,99999.0,99999.0,99999.0,99999.0,99999.0,99999.0,99999.0,99999.0,99999.0,99999.0,99999.0,99999.0,99999.0,99999.0,99999.0,99999.0,99999.0,99999.0,99999.0,99999.0,99999.0,99999.0,99999.0,99999.0,99999.0,99999.0,99999.0,99999.0,99999.0,99999.0,99999.0,99999.0,99999.0,99999.0,99999.0,99999.0,99999.0,99999.0,99999.0,99999.0,99999.0,99999.0,99999.0,99999.0,99999.0,99999.0,99999.0,99999.0,99999.0,99999.0,99999.0,99999.0,99999.0,99999.0,99999.0,99999.0,5.87,8.49,9.36,9.51,10.09,8.93,9.51,99999.0,99999.0,99999.0,15.04,15.33,14.61,15.19,99999.0,99999.0,99999.0,99999.0,99999.0,99999.0,99999.0,15.19,20.29,19.41,19.27,17.96,18.39,18.83,18.25,18.25,17.67,17.81,17.81,18.98,18.25,18.1,17.96,18.39,18.39,16.21,15.04,16.06,18.69,17.81,17.52,17.23,17.08,17.81,16.94,16.5,15.63,16.06,16.94,16.79,17.23,17.37,17.23,16.79,16.65,16.21,16.06
34.5,16.5,15.63,15.63,16.35,16.5,16.79,16.5,16.35,15.92,16.35,16.5,16.21,15.92,15.19,15.63,16.5,15.92,15.92,15.92,16.21,15.77,16.21,16.5,15.48,15.77,16.94,16.94,16.94,17.37,17.52,16.35,17.52,16.65,16.94,17.08,17.08,16.94,17.37,17.52,17.37,17.23,16.65,16.94,16.5,16.5,17.08,16.94,15.92,16.06,16.21,16.06,15.63,15.63,15.19,15.63,15.33,14.9,15.19,15.04,15.92,99999.0,99999.0,99999.0,99999.0,99999.0,99999.0,99999.0,99999.0,99999.0,99999.0,99999.0,99999.0,99999.0,99999.0,99999.0,99999.0,99999.0,99999.0,99999.0,99999.0,99999.0,99999.0,99999.0,99999.0,99999.0,99999.0,99999.0,99999.0,99999.0,99999.0,99999.0,99999.0,99999.0,99999.0,99999.0,99999.0,99999.0,99999.0,99999.0,99999.0,99999.0,99999.0,10.96,16.94,24.07,24.8,21.16,21.02,21.6,20.43,20.43,20.58,20.14,20.58,20.43,20.58,20.29,20.14,19.27,20.14,19.41,19.41,18.98,19.85,19.7,20.0,19.85,20.0,20.14,20.72,21.02,20.72,20.14,20.29,20.14,20.58,20.58,20.87,19.41,19.7,20.0,20.29,20.14,19.85,20.14,19.56,19.41,20.14,19.41,18.39,18.83,18.83,18.98,18.25,18.25,17.67,18.1,17.81,17.81,17.37,17.96,18.69,18.25,17.23,17.67,17.52,17.37,17.37,16.94,16.94,17.67,17.23,17.37,99999.0,99999.0,99999.0,99999.0,99999.0,99999.0,99999.0,99999.0,99999.0,99999.0,99999.0,99999.0,99999.0,99999.0,99999.0,99999.0,99999.0,15.92,16.94,17.81,17.37,17.67,17.96,16.79,17.37,17.08,17.67,17.23,17.52,17.37,17.52,18.25,18.25,17.23,16.35,16.35,16.65,17.08,18.1,18.25,18.98,20.14,20.87,99999.0,99999.0,99999.0,99999.0,99999.0,99999.0,99999.0,99999.0,99999.0,99999.0,99999.0,99999.0,99999.0,99999.0,99999.0,99999.0,99999.0,99999.0,99999.0,99999.0,99999.0,99999.0,99999.0,99999.0,99999.0,99999.0,99999.0,99999.0,99999.0,99999.0,99999.0,99999.0,99999.0,99999.0,99999.0,99999.0,99999.0,99999.0,99999.0,99999.0,99999.0,99999.0,99999.0,99999.0,99999.0,99999.0,99999.0,99999.0,99999.0,99999.0,99999.0,99999.0,99999.0,99999.0,99999.0,99999.0,99999.0,99999.0,99999.0,99999.0,99999.0,99999.0,99999.0,99999.0,99999.0,99999.0,99999.0,99999.0,99999.0,99999.0,99999.0,99999.0,99999.0,99999.0,99999.0,99999.0,99999.0,99999.0,99999.0,99999.0,99999.0,99999.0,99999.0,99999.0,6.59,8.63,11.11,10.38,10.09,8.93,99999.0,8.34,14.75,16.79,16.65,99999.0,99999.0,11.98,11.55,99999.0,99999.0,15.63,15.33,17.37,20.0,21.31,19.85,19.56,18.69,18.83,19.12,18.69,18.25,17.52,17.23,18.83,18.54,17.23,18.83,18.83,17.96,18.25,15.19,15.92,18.54,18.98,18.39,18.25,18.83,17.81,17.52,16.94,16.21,15.92,16.35,17.08,17.23,17.37,17.52,17.52,16.94,16.65,16.94,16.5
33.5,16.35,16.35,16.06,16.21,17.52,16.94,16.94,17.08,16.65,17.37,16.94,16.79,16.79,17.37,17.23,16.79,16.21,16.21,16.5,16.21,17.23,16.94,17.08,17.08,17.96,17.37,17.81,17.67,17.52,17.52,18.1,18.25,18.1,17.67,18.39,18.39,17.81,17.67,17.67,17.96,17.81,17.67,17.81,17.67,17.52,17.67,16.94,16.5,17.23,16.79,16.35,16.35,16.5,15.77,16.21,16.35,14.9,15.77,15.92,16.06,16.5,17.23,99999.0,99999.0,99999.0,99999.0,99999.0,99999.0,99999.0,99999.0,99999.0,99999.0,99999.0,99999.0,99999.0,99999.0,99999.0,99999.0,99999.0,99999.0,99999.0,99999.0,99999.0,99999.0,99999.0,99999.0,99999.0,99999.0,99999.0,99999.0,99999.0,99999.0,99999.0,99999.0,99999.0,99999.0,99999.0,99999.0,99999.0,99999.0,99999.0,14.75,19.12,24.51,24.37,23.64,21.6,21.89,22.91,20.43,19.41,20.0,20.14,20.43,20.43,20.14,19.85,20.29,20.29,20.14,20.29,20.43,20.43,20.14,19.85,21.16,20.29,20.72,20.72,21.89,21.74,21.74,20.87,20.43,20.72,20.87,20.87,20.87,20.29,20.29,21.16,20.72,20.43,19.7,20.14,20.14,19.56,20.14,19.7,19.56,19.41,18.83,19.12,19.27,18.25,18.54,18.69,18.83,18.69,18.25,18.69,18.39,18.25,17.67,17.52,17.81,17.96,17.96,17.81,17.81,17.37,16.94,99999.0,99999.0,99999.0,99999.0,99999.0,99999.0,99999.0,99999.0,99999.0,99999.0,99999.0,99999.0,99999.0,99999.0,99999.0,99999.0,99999.0,99999.0,99999.0,17.23,17.96,18.39,18.69,18.54,18.1,18.1,18.54,18.1,17.96,17.96,18.25,18.69,18.83,18.54,18.54,18.25,18.83,18.69,17.96,18.54,18.83,19.12,19.7,99999.0,99999.0,99999.0,99999.0,99999.0,99999.0,99999.0,99999.0,99999.0,99999.0,99999.0,99999.0,99999.0,99999.0,99999.0,99999.0,99999.0,99999.0,99999.0,99999.0,99999.0,99999.0,99999.0,99999.0,99999.0,99999.0,99999.0,99999.0,99999.0,99999.0,99999.0,99999.0,99999.0,99999.0,99999.0,99999.0,99999.0,99999.0,99999.0,99999.0,99999.0,99999.0,99999.0,99999.0,99999.0,99999.0,99999.0,99999.0,99999.0,99999.0,99999.0,99999.0,99999.0,99999.0,99999.0,99999.0,99999.0,99999.0,99999.0,99999.0,99999.0,99999.0,99999.0,99999.0,99999.0,99999.0,99999.0,99999.0,99999.0,99999.0,99999.0,99999.0,99999.0,99999.0,99999.0,99999.0,99999.0,99999.0,99999.0,99999.0,99999.0,99999.0,99999.0,5.28,99999.0,99999.0,6.89,10.38,12.57,14.75,15.77,99999.0,18.25,17.67,16.06,99999.0,99999.0,99999.0,18.1,19.12,19.41,16.94,17.37,17.81,17.81,20.29,20.43,20.0,20.0,19.7,19.27,18.98,19.12,19.12,19.12,18.39,18.54,19.12,18.69,19.12,19.85,18.54,18.25,18.83,19.12,18.83,18.39,18.83,18.83,18.83,17.96,17.52,17.52,17.23,16.79,17.23,18.1,17.52,17.08,16.79,17.67,18.83,17.37,17.52,16.65
32.5,17.81,16.06,16.21,17.81,17.23,16.94,18.1,18.69,17.81,17.23,17.37,17.37,17.96,18.25,17.52,17.08,17.81,17.96,18.83,18.1,17.67,17.81,17.67,17.81,18.25,18.25,18.83,18.54,17.96,18.69,17.96,18.83,18.54,18.69,18.83,18.1,17.81,17.96,18.54,18.69,18.39,18.39,18.1,17.96,17.81,17.52,17.37,17.23,17.23,17.37,17.08,17.37,16.94,16.21,16.65,16.35,16.06,15.63,16.35,17.08,16.79,17.96,17.52,99999.0,99999.0,99999.0,99999.0,99999.0,99999.0,99999.0,99999.0,99999.0,99999.0,99999.0,99999.0,99999.0,99999.0,99999.0,99999.0,99999.0,99999.0,99999.0,99999.0,99999.0,99999.0,99999.0,99999.0,99999.0,99999.0,99999.0,99999.0,99999.0,99999.0,99999.0,99999.0,99999.0,99999.0,99999.0,99999.0,12.13,18.1,22.91,24.8,24.37,23.35,23.78,22.62,21.89,20.58,20.72,20.43,20.87,19.85,20.14,20.72,21.45,20.58,20.43,20.87,21.02,20.87,21.16,21.02,20.72,20.87,21.89,21.74,21.31,21.31,22.47,22.47,22.62,22.18,21.31,21.16,21.16,21.02,20.58,20.43,21.74,21.45,21.31,20.87,21.02,21.02,20.87,20.58,20.14,20.14,20.29,19.56,19.56,20.0,19.56,18.69,19.27,19.41,18.83,18.98,19.27,18.98,18.69,19.12,18.25,18.69,18.69,18.39,17.96,17.81,17.81,17.08,99999.0,99999.0,99999.0,99999.0,99999.0,99999.0,99999.0,99999.0,99999.0,99999.0,99999.0,99999.0,99999.0,99999.0,99999.0,99999.0,99999.0,99999.0,99999.0,99999.0,99999.0,99999.0,99999.0,99999.0,18.54,18.25,18.54,18.54,18.69,99999.0,99999.0,99999.0,18.54,17.81,18.39,19.12,18.39,18.54,18.54,19.12,18.98,18.83,19.27,19.85,99999.0,99999.0,99999.0,99999.0,99999.0,99999.0,99999.0,99999.0,99999.0,99999.0,99999.0,99999.0,99999.0,99999.0,99999.0,99999.0,99999.0,99999.0,99999.0,99999.0,99999.0,99999.0,99999.0,99999.0,99999.0,99999.0,99999.0,99999.0,99999.0,99999.0,99999.0,99999.0,99999.0,99999.0,99999.0,99999.0,99999.0,99999.0,99999.0,99999.0,99999.0,99999.0,99999.0,99999.0,99999.0,99999.0,99999.0,99999.0,99999.0,99999.0,99999.0,99999.0,99999.0,99999.0,99999.0,99999.0,99999.0,99999.0,99999.0,99999.0,99999.0,99999.0,99999.0,99999.0,99999.0,99999.0,99999.0,99999.0,99999.0,99999.0,99999.0,99999.0,99999.0,99999.0,99999.0,99999.0,99999.0,99999.0,99999.0,99999.0,99999.0,99999.0,99999.0,99999.0,99999.0,99999.0,7.32,9.65,11.98,12.42,16.79,17.96,19.27,18.25,18.54,13.3,99999.0,21.31,22.18,21.31,20.43,21.16,21.16,21.45,20.87,21.31,20.58,19.85,19.56,19.27,18.98,19.41,19.56,18.98,19.12,19.12,19.12,19.56,18.98,19.12,19.85,19.7,19.56,18.98,18.98,18.54,18.83,18.98,18.69,18.1,18.1,17.67,18.25,17.96,17.96,18.25,18.1,17.81,17.23,17.08,17.81,18.69,17.96,17.67,17.52
31.5,17.96,17.08,17.52,18.54,17.52,18.1,18.54,18.39,18.1,17.67,18.69,18.54,18.1,17.67,18.1,18.39,18.98,19.12,19.27,18.83,18.98,19.56,19.41,19.41,19.41,18.98,18.98,19.56,19.7,19.56,19.7,20.0,19.7,19.27,19.7,18.98,18.39,18.69,19.41,19.12,18.83,18.69,18.54,18.1,18.25,17.81,17.96,18.39,17.96,17.67,17.96,17.67,16.94,17.08,16.5,16.65,16.35,16.21,17.52,17.67,17.52,18.1,17.81,99999.0,99999.0,17.37,99999.0,99999.0,99999.0,99999.0,99999.0,99999.0,99999.0,99999.0,99999.0,99999.0,99999.0,99999.0,99999.0,99999.0,99999.0,99999.0,99999.0,99999.0,99999.0,99999.0,99999.0,99999.0,99999.0,99999.0,99999.0,99999.0,99999.0,99999.0,99999.0,99999.0,99999.0,99999.0,99999.0,17.67,25.82,25.53,24.07,23.06,22.62,22.33,21.89,21.02,21.16,21.74,21.45,21.74,21.02,20.87,21.31,21.31,22.33,22.18,21.31,21.16,20.87,22.91,21.89,21.6,21.02,22.76,22.18,21.89,22.47,22.62,22.76,22.47,22.04,21.6,21.6,21.6,21.31,21.16,21.89,21.6,21.45,21.31,21.89,21.6,21.31,20.72,20.58,20.58,20.87,20.72,20.58,20.0,19.85,20.29,19.7,19.7,19.27,19.41,19.56,19.7,18.98,19.12,19.41,19.27,18.98,18.69,18.25,18.1,18.1,18.1,99999.0,99999.0,99999.0,99999.0,99999.0,99999.0,99999.0,99999.0,99999.0,99999.0,99999.0,99999.0,99999.0,99999.0,99999.0,99999.0,99999.0,99999.0,99999.0,99999.0,99999.0,99999.0,99999.0,99999.0,99999.0,99999.0,18.54,18.69,18.98,18.69,99999.0,99999.0,99999.0,99999.0,99999.0,99999.0,99999.0,18.98,18.83,18.83,17.96,17.08,18.39,19.41,99999.0,23.49,99999.0,99999.0,99999.0,99999.0,99999.0,99999.0,99999.0,99999.0,99999.0,99999.0,99999.0,99999.0,99999.0,99999.0,99999.0,99999.0,99999.0,99999.0,99999.0,99999.0,99999.0,99999.0,99999.0,99999.0,99999.0,99999.0,99999.0,99999.0,99999.0,99999.0,99999.0,99999.0,99999.0,99999.0,99999.0,99999.0,99999.0,99999.0,99999.0,99999.0,99999.0,99999.0,99999.0,99999.0,99999.0,99999.0,99999.0,99999.0,99999.0,99999.0,99999.0,99999.0,99999.0,99999.0,99999.0,99999.0,99999.0,99999.0,99999.0,99999.0,99999.0,99999.0,99999.0,99999.0,99999.0,99999.0,99999.0,99999.0,99999.0,99999.0,99999.0,99999.0,99999.0,99999.0,99999.0,99999.0,99999.0,99999.0,99999.0,99999.0,99999.0,9.36,99999.0,99999.0,99999.0,10.09,12.42,13.3,13.15,14.61,17.67,20.29,20.58,19.27,17.67,20.72,22.33,20.87,20.87,20.87,20.29,20.87,21.16,21.31,20.87,21.16,20.87,20.58,19.41,19.41,19.12,19.27,19.41,19.12,18.83,19.12,19.27,18.98,20.0,19.7,19.85,19.56,19.27,18.98,18.54,18.98,19.41,18.69,18.39,18.25,19.12,19.27,19.41,19.12,19.12,18.54,18.25,17.67,17.81,18.1,19.12,18.83,17.81,18.1
30.5,19.27,19.12,18.54,19.56,19.85,19.7,19.41,19.85,19.12,18.83,18.54,18.83,18.54,19.12,19.12,18.69,18.83,19.41,20.0,20.58,19.56,20.0,19.7,20.0,20.29,19.27,20.0,20.14,20.58,20.72,20.87,20.58,20.0,19.85,20.0,19.85,20.14,20.0,20.0,19.7,19.12,18.98,18.98,18.98,19.12,18.25,18.39,18.25,18.25,18.69,17.81,17.67,17.52,17.08,17.52,17.67,17.67,17.96,17.96,17.67,17.23,18.1,17.96,18.1,99999.0,19.27,19.27,99999.0,99999.0,99999.0,99999.0,99999.0,99999.0,99999.0,99999.0,99999.0,99999.0,99999.0,99999.0,99999.0,99999.0,99999.0,99999.0,99999.0,99999.0,99999.0,99999.0,99999.0,99999.0,99999.0,99999.0,99999.0,99999.0,15.04,99999.0,99999.0,99999.0,99999.0,16.06,21.16,25.09,24.22,23.49,23.2,22.18,22.04,21.45,21.89,21.74,22.04,22.33,21.74,21.45,21.45,22.18,22.47,22.76,22.18,22.18,21.74,21.89,22.33,23.06,22.62,23.06,23.2,22.62,22.18,22.33,22.91,22.91,22.62,22.47,22.47,21.89,21.89,22.04,22.76,22.33,22.18,22.47,22.47,22.18,22.04,21.45,20.87,21.02,21.31,21.45,21.16,20.87,20.58,20.43,20.29,20.0,20.72,20.14,20.14,19.85,19.41,19.27,19.27,19.41,19.41,18.83,18.1,18.25,18.25,17.96,17.67,99999.0,99999.0,99999.0,99999.0,99999.0,99999.0,99999.0,99999.0,99999.0,99999.0,99999.0,99999.0,99999.0,99999.0,99999.0,99999.0,99999.0,99999.0,99999.0,99999.0,99999.0,99999.0,99999.0,99999.0,99999.0,99999.0,99999.0,99999.0,99999.0,18.98,99999.0,99999.0,99999.0,99999.0,99999.0,99999.0,99999.0,99999.0,99999.0,99999.0,99999.0,99999.0,99999.0,99999.0,99999.0,99999.0,99999.0,99999.0,99999.0,99999.0,99999.0,99999.0,99999.0,99999.0,99999.0,99999.0,99999.0,99999.0,99999.0,99999.0,99999.0,99999.0,99999.0,99999.0,99999.0,99999.0,99999.0,99999.0,99999.0,99999.0,99999.0,99999.0,99999.0,99999.0,99999.0,99999.0,99999.0,99999.0,99999.0,99999.0,99999.0,99999.0,99999.0,99999.0,99999.0,99999.0,99999.0,99999.0,99999.0,99999.0,99999.0,99999.0,99999.0,99999.0,99999.0,99999.0,99999.0,99999.0,99999.0,99999.0,99999.0,99999.0,99999.0,99999.0,99999.0,99999.0,99999.0,99999.0,99999.0,99999.0,99999.0,99999.0,99999.0,99999.0,99999.0,99999.0,99999.0,99999.0,99999.0,99999.0,99999.0,99999.0,99999.0,99999.0,99999.0,99999.0,99999.0,99999.0,99999.0,99999.0,99999.0,9.8,11.69,17.23,15.92,15.48,17.96,20.87,21.45,21.74,21.02,21.6,21.6,21.45,21.45,21.45,21.31,21.45,21.6,21.45,21.16,20.87,20.58,20.14,19.7,19.7,20.43,20.87,19.7,19.27,19.27,19.27,19.27,19.12,19.85,19.85,20.29,20.29,20.0,19.12,19.12,19.12,19.41,19.12,19.27,18.54,18.69,19.41,19.85,20.14,20.43,20.14,20.0,20.43,19.56,19.56,19.12,18.83,18.1,18.83
29.5,20.72,20.43,20.43,21.02,20.72,20.0,19.85,20.0,20.87,21.02,20.43,21.02,21.16,20.72,20.87,20.72,20.43,20.14,21.6,21.02,20.72,20.29,20.0,20.43,20.43,21.16,21.16,21.31,21.31,20.87,21.16,21.02,21.16,20.58,21.31,20.72,20.43,20.58,20.29,19.85,19.56,19.85,19.7,19.7,19.27,18.69,18.54,18.54,18.83,18.54,18.39,18.25,17.81,17.67,18.1,18.1,18.39,18.25,18.39,18.25,17.96,18.1,19.12,18.54,17.67,99999.0,99999.0,17.23,99999.0,99999.0,99999.0,99999.0,99999.0,99999.0,99999.0,99999.0,99999.0,99999.0,99999.0,99999.0,99999.0,99999.0,99999.0,99999.0,99999.0,16.5,16.21,16.5,15.63,99999.0,15.92,21.74,21.6,21.89,18.54,18.69,15.19,99999.0,99999.0,21.89,25.53,24.51,23.49,24.07,23.2,22.33,22.62,23.2,22.04,22.33,22.62,23.35,23.35,23.06,23.2,23.2,23.49,23.64,24.22,24.51,23.78,23.78,23.93,22.91,23.93,23.06,23.49,23.49,23.78,23.64,23.35,23.49,23.2,22.91,23.35,23.2,23.35,23.06,22.62,22.47,22.47,22.62,22.62,22.18,22.04,21.74,21.16,21.16,21.45,21.16,21.16,21.31,21.31,21.02,20.58,20.72,20.72,20.43,20.29,20.0,20.43,20.14,19.56,19.56,19.7,19.41,19.12,18.54,17.81,17.08,99999.0,99999.0,99999.0,99999.0,99999.0,99999.0,99999.0,99999.0,99999.0,99999.0,99999.0,99999.0,99999.0,99999.0,99999.0,99999.0,99999.0,99999.0,99999.0,99999.0,99999.0,99999.0,99999.0,99999.0,99999.0,99999.0,99999.0,99999.0,99999.0,99999.0,99999.0,99999.0,99999.0,99999.0,99999.0,99999.0,99999.0,99999.0,99999.0,99999.0,17.08,99999.0,19.41,99999.0,99999.0,99999.0,99999.0,99999.0,99999.0,99999.0,99999.0,99999.0,99999.0,99999.0,99999.0,99999.0,99999.0,99999.0,16.35,20.29,18.83,99999.0,99999.0,99999.0,99999.0,99999.0,99999.0,99999.0,99999.0,99999.0,99999.0,99999.0,99999.0,99999.0,99999.0,99999.0,99999.0,99999.0,99999.0,99999.0,99999.0,99999.0,99999.0,99999.0,99999.0,99999.0,99999.0,99999.0,99999.0,99999.0,99999.0,99999.0,99999.0,99999.0,99999.0,99999.0,99999.0,99999.0,99999.0,99999.0,99999.0,99999.0,99999.0,99999.0,99999.0,99999.0,99999.0,99999.0,99999.0,99999.0,99999.0,99999.0,99999.0,99999.0,99999.0,99999.0,99999.0,99999.0,99999.0,99999.0,99999.0,99999.0,99999.0,99999.0,99999.0,99999.0,99999.0,99999.0,99999.0,99999.0,99999.0,99999.0,14.02,17.96,18.39,18.54,20.0,22.76,22.76,22.91,22.47,22.47,21.74,21.02,20.87,21.16,21.45,21.6,21.74,21.89,21.6,21.45,21.02,20.14,20.43,20.43,21.31,21.45,20.43,19.56,19.7,19.85,20.72,20.43,21.74,20.72,21.02,21.16,21.02,20.72,20.43,19.85,20.0,20.58,20.58,20.29,21.6,20.14,20.14,20.29,20.29,20.87,21.31,21.45,21.45,21.45,20.29,19.41,19.27,20.58
28.5,21.45,21.02,20.43,21.74,21.31,21.16,20.72,20.72,21.31,21.74,21.45,22.33,21.45,21.16,21.02,21.31,21.16,21.31,21.6,21.6,21.74,20.87,21.02,20.87,21.89,22.18,22.33,22.04,21.89,22.18,22.33,21.89,21.74,21.89,21.31,21.02,21.02,21.31,20.43,20.29,20.72,20.43,19.85,20.0,19.7,19.41,19.27,19.27,19.12,18.98,18.83,18.39,18.69,18.69,18.98,18.98,18.83,18.39,18.54,18.54,18.54,19.12,19.27,18.98,18.69,18.39,99999.0,16.79,99999.0,99999.0,99999.0,99999.0,99999.0,99999.0,99999.0,99999.0,99999.0,99999.0,99999.0,99999.0,99999.0,99999.0,99999.0,16.94,18.39,20.43,21.74,22.18,21.89,22.33,23.35,23.35,23.93,23.49,22.91,20.72,17.96,99999.0,99999.0,20.43,26.41,24.37,23.93,24.22,23.64,22.62,22.62,23.49,23.06,23.2,24.37,24.07,24.22,24.07,23.64,23.49,23.78,24.07,25.09,24.8,24.51,24.37,24.07,23.35,24.22,23.93,23.78,23.93,23.78,23.64,23.78,24.07,23.78,23.35,23.35,23.06,23.2,23.93,23.35,22.91,22.47,22.47,23.06,22.62,22.47,22.18,22.04,21.89,21.74,21.6,21.89,21.45,21.16,21.16,21.02,20.87,20.72,20.72,20.58,20.14,20.14,20.0,19.85,20.0,19.56,19.27,18.98,17.81,17.08,99999.0,99999.0,99999.0,99999.0,99999.0,99999.0,99999.0,99999.0,99999.0,99999.0,99999.0,99999.0,99999.0,99999.0,99999.0,99999.0,99999.0,99999.0,99999.0,99999.0,99999.0,99999.0,99999.0,99999.0,99999.0,99999.0,99999.0,99999.0,99999.0,99999.0,99999.0,99999.0,99999.0,99999.0,99999.0,99999.0,99999.0,99999.0,99999.0,99999.0,99999.0,99999.0,99999.0,99999.0,99999.0,23.2,99999.0,99999.0,99999.0,99999.0,99999.0,99999.0,99999.0,99999.0,99999.0,99999.0,99999.0,99999.0,99999.0,17.08,20.87,22.18,99999.0,99999.0,99999.0,99999.0,99999.0,99999.0,99999.0,99999.0,99999.0,99999.0,99999.0,99999.0,99999.0,99999.0,99999.0,99999.0,99999.0,99999.0,99999.0,99999.0,99999.0,99999.0,99999.0,99999.0,99999.0,99999.0,99999.0,99999.0,99999.0,99999.0,99999.0,99999.0,99999.0,99999.0,99999.0,99999.0,99999.0,99999.0,99999.0,99999.0,99999.0,99999.0,99999.0,99999.0,99999.0,99999.0,99999.0,99999.0,99999.0,99999.0,99999.0,99999.0,99999.0,99999.0,99999.0,99999.0,99999.0,99999.0,99999.0,99999.0,99999.0,99999.0,99999.0,99999.0,99999.0,99999.0,99999.0,99999.0,99999.0,99999.0,99999.0,17.96,18.54,19.41,21.16,22.47,23.49,22.47,21.89,22.47,22.47,21.89,20.87,21.02,21.74,21.74,21.89,21.89,22.47,22.47,21.45,21.31,20.43,20.43,20.87,21.74,21.31,21.6,21.89,21.02,20.43,21.16,21.89,23.2,22.62,21.6,21.74,21.6,21.6,20.29,21.16,21.74,22.04,21.6,22.04,22.91,21.89,21.6,20.72,20.43,20.29,20.87,21.6,21.16,22.33,22.62,21.16,21.74,21.45
27.5,21.74,21.74,21.16,22.18,22.76,22.18,22.04,22.18,22.18,22.04,22.47,22.18,21.6,22.04,22.76,22.62,22.04,22.18,22.18,22.47,22.76,22.18,22.18,23.2,22.62,22.62,22.91,22.47,22.62,23.2,22.47,22.47,22.04,21.74,21.6,21.6,21.02,21.31,21.02,20.72,20.72,20.29,20.29,20.14,20.0,19.85,19.7,19.7,19.56,18.98,18.83,18.69,18.83,19.41,19.41,19.56,19.56,19.27,18.69,18.83,18.83,19.27,19.27,19.41,19.27,99999.0,99999.0,99999.0,19.41,99999.0,99999.0,99999.0,99999.0,99999.0,99999.0,99999.0,99999.0,99999.0,99999.0,99999.0,99999.0,99999.0,99999.0,23.2,22.47,23.35,24.22,24.22,24.22,24.07,23.2,23.78,24.22,25.68,24.51,23.2,21.31,99999.0,99999.0,99999.0,26.84,24.95,24.95,24.8,25.53,24.95,24.8,24.22,23.49,24.22,24.8,24.66,24.51,24.37,24.07,23.93,24.07,24.66,25.09,25.09,24.66,24.37,23.93,24.22,24.66,24.95,25.09,24.66,24.07,24.37,24.22,24.51,24.07,24.07,23.49,23.49,23.64,23.78,23.49,23.2,22.91,23.2,23.06,23.2,23.06,22.76,22.47,22.33,22.18,22.04,22.18,21.89,22.04,21.74,21.89,21.74,21.02,21.31,21.02,20.87,20.58,20.0,20.0,19.7,19.7,18.98,17.96,99999.0,99999.0,99999.0,99999.0,99999.0,99999.0,99999.0,99999.0,99999.0,99999.0,99999.0,99999.0,99999.0,99999.0,99999.0,99999.0,99999.0,99999.0,99999.0,99999.0,99999.0,99999.0,99999.0,99999.0,99999.0,99999.0,99999.0,99999.0,99999.0,99999.0,99999.0,99999.0,99999.0,99999.0,99999.0,99999.0,99999.0,99999.0,99999.0,99999.0,99999.0,99999.0,99999.0,99999.0,99999.0,99999.0,99999.0,23.64,24.07,99999.0,99999.0,99999.0,99999.0,99999.0,99999.0,99999.0,99999.0,99999.0,99999.0,99999.0,99999.0,99999.0,19.41,22.18,22.91,23.06,99999.0,99999.0,99999.0,99999.0,99999.0,99999.0,99999.0,99999.0,99999.0,99999.0,99999.0,99999.0,99999.0,99999.0,99999.0,99999.0,99999.0,99999.0,99999.0,99999.0,99999.0,99999.0,99999.0,99999.0,99999.0,99999.0,99999.0,99999.0,99999.0,99999.0,99999.0,99999.0,99999.0,99999.0,99999.0,99999.0,99999.0,99999.0,99999.0,99999.0,99999.0,99999.0,99999.0,99999.0,99999.0,99999.0,99999.0,99999.0,99999.0,99999.0,99999.0,99999.0,99999.0,99999.0,99999.0,99999.0,99999.0,99999.0,99999.0,99999.0,99999.0,99999.0,99999.0,99999.0,99999.0,99999.0,99999.0,99999.0,15.33,19.7,19.7,20.29,22.33,23.49,22.47,22.47,22.91,23.06,22.62,22.18,21.89,21.6,22.62,21.6,22.18,22.76,23.06,23.49,22.76,21.16,21.02,21.89,22.76,22.62,22.76,21.45,21.89,22.47,22.18,21.74,22.18,24.07,22.62,22.18,22.04,22.18,22.62,21.6,21.31,22.76,22.91,22.04,22.91,22.62,22.62,23.78,22.76,22.18,21.16,20.72,22.18,21.74,21.89,22.62,22.18,22.04,21.6
26.5,22.76,22.91,22.76,22.91,23.35,22.91,22.91,22.91,23.35,22.62,22.91,22.62,22.18,22.91,23.06,22.91,23.06,23.49,23.06,22.76,22.47,22.33,22.47,23.2,23.49,23.49,22.76,23.64,23.35,22.91,22.62,22.62,22.04,21.74,21.74,21.45,21.02,21.16,21.6,21.45,21.02,20.72,20.72,20.72,20.43,20.29,19.7,19.85,20.0,19.41,19.41,19.41,19.7,19.56,19.7,19.56,19.56,19.56,19.41,19.41,19.56,18.98,19.41,20.58,19.27,20.29,20.29,99999.0,19.7,20.72,18.98,99999.0,99999.0,99999.0,99999.0,99999.0,99999.0,99999.0,99999.0,99999.0,99999.0,99999.0,99999.0,22.62,23.49,23.78,24.51,25.53,25.24,24.95,24.8,26.7,26.84,26.7,26.7,24.8,22.91,21.02,99999.0,99999.0,26.55,25.39,22.33,25.53,25.82,25.09,25.09,24.95,24.37,24.22,24.95,24.95,25.09,25.09,25.24,25.39,25.82,25.09,25.24,25.39,25.68,25.09,24.66,25.09,25.09,25.39,25.53,24.8,24.66,24.66,24.51,24.51,24.8,24.66,24.07,23.93,23.78,24.22,24.07,23.78,23.64,23.93,23.64,23.64,23.93,23.35,23.06,22.76,22.33,22.18,22.62,22.33,22.04,21.74,21.89,22.18,21.6,21.6,21.6,21.31,20.87,20.14,20.72,20.0,20.29,18.1,99999.0,99999.0,99999.0,99999.0,99999.0,99999.0,99999.0,99999.0,99999.0,99999.0,99999.0,99999.0,99999.0,99999.0,99999.0,99999.0,99999.0,99999.0,99999.0,99999.0,99999.0,99999.0,99999.0,99999.0,99999.0,99999.0,99999.0,99999.0,99999.0,99999.0,99999.0,99999.0,99999.0,99999.0,99999.0,99999.0,99999.0,99999.0,99999.0,99999.0,99999.0,99999.0,99999.0,99999.0,99999.0,99999.0,99999.0,99999.0,23.49,24.66,99999.0,99999.0,99999.0,99999.0,99999.0,99999.0,99999.0,99999.0,99999.0,99999.0,99999.0,99999.0,99999.0,99999.0,18.1,21.74,23.49,23.35,22.91,23.35,24.22,99999.0,99999.0,99999.0,99999.0,99999.0,99999.0,99999.0,99999.0,99999.0,99999.0,99999.0,99999.0,99999.0,99999.0,99999.0,99999.0,99999.0,99999.0,99999.0,99999.0,99999.0,99999.0,99999.0,99999.0,99999.0,99999.0,99999.0,99999.0,99999.0,99999.0,99999.0,99999.0,99999.0,99999.0,99999.0,99999.0,99999.0,99999.0,99999.0,99999.0,99999.0,99999.0,99999.0,99999.0,99999.0,99999.0,99999.0,99999.0,99999.0,99999.0,99999.0,99999.0,99999.0,99999.0,99999.0,99999.0,99999.0,99999.0,99999.0,99999.0,99999.0,99999.0,99999.0,16.21,19.12,22.62,22.47,21.89,23.2,23.06,22.33,22.62,23.35,23.35,23.64,23.49,24.37,23.06,22.47,22.76,24.22,24.22,23.64,23.64,22.91,21.31,21.6,23.64,23.2,23.06,22.47,22.33,22.47,22.76,23.78,23.93,25.09,24.66,23.64,23.06,22.47,22.04,22.18,24.22,23.93,23.49,23.49,23.35,23.78,23.93,24.07,23.64,23.35,22.76,22.33,23.35,23.93,22.47,22.04,22.62,22.91,21.89,22.04
25.5,24.22,24.07,23.64,23.49,24.22,23.93,23.64,23.49,23.78,23.64,23.49,23.35,23.35,23.78,24.51,24.51,23.78,23.49,23.35,23.2,22.47,23.06,23.49,23.78,23.93,23.93,23.78,23.49,23.64,22.91,22.62,22.76,22.91,22.76,22.47,22.47,22.04,22.33,22.04,21.89,21.74,21.02,20.87,21.02,20.87,20.43,20.58,20.58,20.29,20.0,20.14,20.29,20.14,19.85,20.0,19.85,19.7,20.29,20.58,20.58,20.29,20.0,21.6,20.72,19.85,21.31,21.31,21.45,99999.0,21.89,21.02,99999.0,99999.0,99999.0,99999.0,99999.0,99999.0,99999.0,99999.0,99999.0,99999.0,99999.0,99999.0,23.64,24.07,24.22,25.39,26.11,25.97,25.24,25.09,26.99,26.99,26.84,25.53,24.07,23.78,22.47,20.58,99999.0,26.7,22.91,25.39,25.24,25.82,26.26,25.68,25.39,25.68,25.53,25.68,25.24,25.39,25.39,25.39,25.68,26.11,25.82,25.68,25.68,25.97,25.68,25.53,25.68,25.53,25.39,25.39,25.09,24.95,25.09,24.8,24.66,24.8,24.8,24.95,24.95,24.37,24.37,24.22,24.22,24.07,23.78,23.93,23.49,23.49,23.2,23.2,23.35,22.91,22.76,22.62,22.18,22.33,22.18,22.04,22.04,21.74,21.74,21.45,20.87,21.16,21.02,21.45,20.72,19.41,99999.0,99999.0,99999.0,99999.0,99999.0,99999.0,99999.0,99999.0,99999.0,99999.0,99999.0,99999.0,99999.0,99999.0,99999.0,99999.0,99999.0,99999.0,99999.0,99999.0,99999.0,99999.0,99999.0,99999.0,99999.0,99999.0,99999.0,99999.0,99999.0,99999.0,99999.0,99999.0,99999.0,99999.0,99999.0,99999.0,99999.0,99999.0,99999.0,99999.0,99999.0,99999.0,99999.0,99999.0,99999.0,99999.0,99999.0,99999.0,99999.0,99999.0,24.8,24.95,99999.0,99999.0,99999.0,99999.0,99999.0,99999.0,99999.0,99999.0,99999.0,99999.0,99999.0,99999.0,99999.0,18.83,18.98,22.33,23.64,23.49,99999.0,24.51,24.66,24.51,23.93,23.78,99999.0,99999.0,99999.0,99999.0,99999.0,99999.0,99999.0,99999.0,99999.0,99999.0,99999.0,99999.0,99999.0,99999.0,99999.0,99999.0,99999.0,99999.0,99999.0,99999.0,99999.0,99999.0,99999.0,99999.0,99999.0,99999.0,99999.0,99999.0,99999.0,99999.0,99999.0,99999.0,99999.0,99999.0,99999.0,99999.0,99999.0,99999.0,99999.0,99999.0,99999.0,99999.0,99999.0,99999.0,99999.0,99999.0,99999.0,99999.0,99999.0,99999.0,99999.0,99999.0,99999.0,99999.0,99999.0,99999.0,99999.0,99999.0,99999.0,18.25,19.41,24.22,24.07,23.93,23.64,23.35,23.49,23.49,23.06,23.2,23.49,23.78,23.35,22.91,22.91,23.35,24.22,24.37,24.37,23.35,22.76,23.06,23.49,24.22,23.49,22.76,23.49,23.06,23.64,23.49,23.78,24.66,25.09,24.8,22.62,22.62,23.06,23.49,25.39,23.49,24.07,23.78,23.78,23.78,23.93,24.37,24.8,24.66,24.07,24.37,24.51,24.8,24.22,23.64,23.64,23.93,23.78,23.49,23.49
24.5,24.51,24.66,24.07,24.51,24.07,24.07,24.07,23.93,23.93,24.22,24.37,24.37,24.37,24.22,24.51,24.37,23.78,23.64,24.66,23.93,23.78,23.93,24.51,23.78,23.93,23.93,23.78,23.64,23.49,23.49,23.64,23.35,23.06,22.91,23.06,22.91,22.62,22.47,22.33,22.18,21.74,21.45,21.31,21.45,20.87,21.16,20.87,20.72,20.72,20.43,20.58,20.58,20.43,20.14,20.29,20.58,20.43,20.0,20.43,20.14,20.43,20.43,20.87,22.04,22.04,22.62,22.33,22.47,99999.0,22.76,22.76,23.35,99999.0,99999.0,99999.0,99999.0,99999.0,99999.0,99999.0,99999.0,99999.0,99999.0,22.91,25.53,25.39,25.39,25.82,25.53,25.39,25.97,25.68,26.7,26.99,26.41,25.53,24.66,24.95,24.07,24.95,26.41,26.55,22.76,25.82,26.11,25.82,26.41,26.99,26.7,26.7,25.82,26.11,26.41,26.26,25.97,25.68,26.11,26.11,25.97,25.68,26.26,26.26,25.97,26.11,25.97,25.68,25.82,25.53,25.68,25.39,25.53,24.95,24.51,24.95,25.09,25.09,24.51,24.51,24.37,24.51,24.66,24.22,23.93,23.93,24.07,24.07,23.64,23.35,22.91,22.76,23.2,22.76,22.76,22.18,22.33,22.18,21.89,21.74,21.74,21.45,21.16,21.02,20.87,20.58,19.27,16.94,99999.0,99999.0,99999.0,99999.0,99999.0,99999.0,99999.0,99999.0,99999.0,99999.0,99999.0,99999.0,99999.0,99999.0,99999.0,99999.0,99999.0,99999.0,99999.0,99999.0,99999.0,99999.0,99999.0,99999.0,99999.0,99999.0,99999.0,99999.0,99999.0,99999.0,99999.0,99999.0,99999.0,99999.0,99999.0,99999.0,99999.0,99999.0,99999.0,99999.0,99999.0,99999.0,99999.0,99999.0,99999.0,99999.0,99999.0,99999.0,99999.0,99999.0,25.24,25.39,99999.0,99999.0,99999.0,99999.0,99999.0,99999.0,99999.0,99999.0,99999.0,99999.0,99999.0,99999.0,99999.0,99999.0,19.41,21.45,21.45,99999.0,99999.0,99999.0,24.8,24.37,24.37,24.37,24.51,24.51,24.51,24.51,24.66,23.78,99999.0,99999.0,99999.0,99999.0,99999.0,99999.0,99999.0,99999.0,20.87,99999.0,99999.0,99999.0,99999.0,99999.0,99999.0,99999.0,99999.0,99999.0,99999.0,99999.0,99999.0,99999.0,99999.0,99999.0,99999.0,99999.0,99999.0,99999.0,99999.0,99999.0,99999.0,99999.0,99999.0,99999.0,99999.0,99999.0,99999.0,99999.0,99999.0,99999.0,99999.0,99999.0,99999.0,99999.0,99999.0,99999.0,99999.0,99999.0,99999.0,99999.0,99999.0,15.77,19.85,19.56,99999.0,24.37,23.78,24.22,23.78,23.78,23.2,23.2,23.06,22.91,23.64,23.93,22.91,22.91,23.2,23.35,23.78,24.37,24.37,24.22,24.37,24.37,23.2,23.64,23.35,23.64,24.95,24.22,25.97,26.11,25.82,24.37,25.24,25.53,24.07,24.51,24.8,24.95,25.82,24.8,25.39,25.09,25.09,24.37,24.07,24.37,25.24,24.95,24.51,25.09,24.95,24.95,24.66,24.37,24.51,24.66,24.51,24.66,23.93
23.5,24.8,24.8,24.8,24.51,24.22,24.22,24.8,24.8,24.66,24.66,24.51,25.09,24.95,25.09,25.39,24.51,25.09,24.8,24.8,24.66,24.22,24.66,24.66,24.66,24.22,24.22,24.22,23.93,23.78,23.35,23.49,23.49,23.35,23.35,23.2,22.76,22.47,22.47,22.33,22.18,22.18,21.74,21.89,21.6,21.6,21.6,21.31,21.31,21.16,21.16,20.43,20.72,20.72,20.43,20.87,21.02,21.16,21.16,20.87,21.16,21.16,21.6,21.89,21.45,22.62,22.47,23.35,23.49,23.64,24.95,23.64,24.8,24.51,99999.0,99999.0,99999.0,99999.0,99999.0,99999.0,99999.0,99999.0,99999.0,24.95,25.53,25.97,25.68,25.53,25.39,25.39,25.24,25.68,26.26,25.53,27.43,27.28,27.28,27.13,27.13,27.13,26.99,26.55,23.93,24.51,24.95,25.68,26.99,26.99,26.84,26.84,26.11,26.11,26.41,26.11,26.11,26.26,26.26,26.41,26.41,26.55,26.26,26.11,26.26,26.26,26.26,25.97,25.97,25.82,25.82,25.97,25.53,25.24,25.39,25.24,25.24,25.09,24.8,24.37,24.37,24.66,24.51,24.37,24.07,24.22,24.22,24.22,23.64,23.49,23.35,23.2,23.2,23.06,23.06,22.62,22.47,22.33,22.04,22.04,21.74,21.02,21.16,21.02,20.0,19.7,18.1,99999.0,99999.0,99999.0,99999.0,99999.0,99999.0,99999.0,99999.0,99999.0,99999.0,99999.0,99999.0,99999.0,99999.0,99999.0,99999.0,99999.0,99999.0,99999.0,99999.0,99999.0,99999.0,99999.0,99999.0,99999.0,99999.0,99999.0,99999.0,99999.0,99999.0,99999.0,99999.0,99999.0,99999.0,99999.0,99999.0,99999.0,99999.0,99999.0,99999.0,99999.0,99999.0,99999.0,99999.0,99999.0,99999.0,99999.0,99999.0,99999.0,99999.0,99999.0,24.95,25.24,25.68,26.26,99999.0,99999.0,99999.0,99999.0,99999.0,99999.0,99999.0,99999.0,99999.0,99999.0,99999.0,99999.0,99999.0,99999.0,99999.0,99999.0,99999.0,99999.0,99999.0,99999.0,24.51,24.51,24.37,24.66,24.95,24.8,24.66,24.22,22.47,99999.0,99999.0,99999.0,99999.0,99999.0,99999.0,99999.0,99999.0,99999.0,99999.0,99999.0,99999.0,99999.0,99999.0,99999.0,99999.0,99999.0,99999.0,99999.0,99999.0,99999.0,99999.0,99999.0,99999.0,99999.0,99999.0,99999.0,99999.0,99999.0,99999.0,99999.0,99999.0,99999.0,99999.0,99999.0,99999.0,99999.0,99999.0,99999.0,99999.0,99999.0,99999.0,99999.0,99999.0,99999.0,99999.0,99999.0,99999.0,99999.0,17.81,19.27,22.76,99999.0,24.22,24.37,24.22,24.07,23.64,23.35,23.2,23.2,23.06,22.91,23.35,24.66,24.51,24.37,23.49,23.2,23.35,23.93,25.68,24.95,24.95,25.53,26.11,23.93,25.09,24.66,25.68,25.24,26.26,26.55,26.41,25.24,24.95,25.39,25.09,25.68,25.97,26.26,25.68,26.11,25.82,25.68,25.39,25.53,24.51,25.53,25.09,25.24,25.53,25.39,25.24,24.95,24.8,24.37,24.66,25.09,25.24,25.09,24.8
22.5,25.24,24.95,25.09,24.66,24.66,24.95,25.39,25.24,25.68,25.82,25.39,25.53,24.95,25.09,25.09,25.39,25.39,25.24,24.95,24.95,25.39,24.95,24.8,25.39,24.95,24.51,24.51,24.22,24.37,23.78,23.93,23.64,23.49,23.06,23.2,23.06,22.76,22.47,22.33,22.33,22.47,22.33,22.18,21.89,21.89,21.89,21.6,21.16,21.16,21.6,21.74,21.89,21.6,21.16,21.16,20.72,21.31,21.6,22.33,22.18,22.04,22.18,22.33,21.6,22.76,23.64,23.64,24.07,24.37,23.93,26.7,26.26,24.8,25.68,99999.0,99999.0,99999.0,99999.0,99999.0,99999.0,99999.0,99999.0,25.68,25.68,25.68,25.82,25.68,25.24,25.39,25.39,25.53,25.53,25.82,27.13,27.72,26.41,99999.0,24.37,99999.0,99999.0,99999.0,26.7,25.24,25.39,26.7,27.28,27.28,27.13,27.43,27.13,26.99,26.84,26.7,26.26,26.41,26.55,26.55,26.84,26.55,26.41,26.41,26.41,26.55,26.41,26.26,26.26,25.97,25.82,25.97,25.82,25.82,25.68,25.39,25.24,24.95,24.95,24.66,24.51,24.8,24.8,24.66,24.37,24.51,24.66,24.22,24.22,23.93,23.78,23.64,23.35,23.2,23.06,22.76,22.91,22.62,22.04,22.18,22.04,21.74,20.72,20.43,20.14,18.39,18.1,99999.0,99999.0,99999.0,99999.0,99999.0,99999.0,99999.0,99999.0,99999.0,99999.0,99999.0,99999.0,99999.0,99999.0,99999.0,99999.0,99999.0,99999.0,99999.0,99999.0,99999.0,99999.0,99999.0,99999.0,99999.0,99999.0,99999.0,99999.0,99999.0,99999.0,99999.0,99999.0,99999.0,99999.0,99999.0,99999.0,99999.0,99999.0,99999.0,99999.0,99999.0,99999.0,99999.0,99999.0,99999.0,99999.0,99999.0,99999.0,99999.0,99999.0,99999.0,99999.0,25.68,25.97,26.41,99999.0,99999.0,99999.0,99999.0,99999.0,99999.0,99999.0,99999.0,99999.0,99999.0,99999.0,99999.0,99999.0,99999.0,99999.0,99999.0,99999.0,99999.0,99999.0,99999.0,99999.0,24.66,24.66,24.95,24.8,24.8,24.66,24.8,24.95,23.49,22.76,99999.0,99999.0,99999.0,99999.0,99999.0,99999.0,99999.0,99999.0,99999.0,99999.0,99999.0,99999.0,99999.0,99999.0,99999.0,99999.0,99999.0,99999.0,99999.0,99999.0,99999.0,21.89,99999.0,99999.0,99999.0,99999.0,99999.0,99999.0,99999.0,99999.0,99999.0,99999.0,99999.0,99999.0,99999.0,99999.0,99999.0,99999.0,99999.0,99999.0,99999.0,99999.0,99999.0,19.27,19.56,20.58,21.6,23.93,25.24,25.53,99999.0,25.39,25.09,24.95,24.66,23.35,23.64,23.93,25.53,25.68,23.49,23.64,24.22,24.8,24.95,25.82,25.68,24.22,25.24,26.55,25.68,25.82,25.09,26.7,26.84,26.11,25.39,25.53,26.55,26.84,27.28,26.7,25.39,25.97,25.97,26.11,25.97,26.11,26.11,25.82,25.82,26.41,26.7,26.7,25.53,25.97,25.68,25.68,25.82,25.82,25.82,25.82,25.09,25.09,25.39,25.39,25.53,25.53,25.39,25.09
21.5,25.53,25.53,25.53,25.09,24.95,25.09,25.39,25.82,26.11,26.55,26.26,25.97,25.39,25.24,25.39,25.53,26.11,25.53,25.24,25.53,25.68,25.68,25.39,25.53,24.95,24.8,24.8,24.51,24.51,24.66,24.22,24.07,23.93,23.64,23.35,23.49,23.35,22.91,23.06,23.06,22.91,22.91,23.06,22.33,22.47,22.76,22.62,21.74,22.33,22.76,22.33,21.89,21.74,21.6,21.74,21.16,21.74,22.18,22.47,22.91,23.06,22.62,22.62,22.18,22.76,23.78,24.66,24.95,25.53,26.55,26.41,25.82,24.95,26.55,26.99,99999.0,99999.0,99999.0,99999.0,99999.0,99999.0,99999.0,23.93,25.82,25.82,25.97,25.68,25.68,25.53,25.24,24.8,99999.0,24.66,27.13,27.72,27.57,27.57,27.43,27.57,27.57,25.53,99999.0,99999.0,26.55,26.7,27.43,27.43,27.28,27.28,27.13,26.84,26.99,26.84,26.84,26.99,26.99,26.99,26.99,26.7,26.7,26.55,26.55,26.41,26.55,26.41,26.26,26.11,26.11,26.11,26.41,26.11,25.68,25.68,25.53,25.24,25.24,25.09,25.24,24.95,24.8,24.66,24.66,24.8,24.51,24.22,23.93,23.78,23.64,23.35,23.49,23.49,23.2,23.06,23.2,23.2,22.47,22.33,22.04,21.6,20.43,20.43,20.14,18.1,99999.0,99999.0,99999.0,99999.0,99999.0,99999.0,99999.0,99999.0,99999.0,99999.0,99999.0,99999.0,99999.0,99999.0,99999.0,99999.0,99999.0,99999.0,99999.0,99999.0,99999.0,99999.0,99999.0,99999.0,99999.0,99999.0,99999.0,99999.0,99999.0,99999.0,99999.0,99999.0,99999.0,99999.0,99999.0,99999.0,99999.0,99999.0,99999.0,99999.0,99999.0,99999.0,99999.0,99999.0,99999.0,99999.0,99999.0,99999.0,99999.0,99999.0,99999.0,99999.0,99999.0,99999.0,26.55,26.84,99999.0,99999.0,99999.0,99999.0,99999.0,99999.0,99999.0,99999.0,99999.0,99999.0,99999.0,99999.0,99999.0,99999.0,99999.0,99999.0,99999.0,99999.0,99999.0,99999.0,24.8,24.8,25.09,24.8,24.8,24.8,24.95,25.24,25.39,25.53,24.37,99999.0,99999.0,23.2,99999.0,99999.0,99999.0,99999.0,99999.0,99999.0,99999.0,99999.0,99999.0,99999.0,99999.0,99999.0,99999.0,99999.0,22.04,21.74,23.93,22.18,24.51,99999.0,99999.0,99999.0,99999.0,99999.0,99999.0,99999.0,99999.0,99999.0,99999.0,99999.0,99999.0,99999.0,99999.0,99999.0,99999.0,18.25,19.7,99999.0,19.56,19.56,21.74,22.33,23.49,23.2,23.64,24.51,25.53,26.11,25.53,24.37,24.07,25.39,24.8,24.22,24.51,26.41,26.41,24.07,23.78,24.07,24.66,25.53,26.55,26.11,26.84,26.99,26.7,25.53,24.51,25.24,25.39,26.99,27.28,25.68,25.97,26.41,26.7,27.28,26.7,27.13,26.99,26.7,26.7,26.55,26.41,26.41,26.7,26.99,26.7,26.55,26.7,26.26,25.97,25.82,26.11,26.55,26.26,26.11,26.11,25.68,25.53,25.82,26.11,25.82,25.68,25.68,25.53
20.5,25.97,26.41,25.97,25.97,25.68,25.39,25.82,26.26,26.7,26.55,26.55,26.41,26.11,25.82,26.11,26.11,26.26,26.11,26.11,25.82,25.68,25.82,25.97,26.26,25.09,25.09,25.24,24.95,24.66,24.51,24.51,24.22,24.07,24.07,23.78,23.78,23.49,22.91,23.06,23.78,23.78,23.64,23.35,23.2,22.91,23.06,23.06,22.91,22.76,22.91,22.47,22.47,22.47,23.2,23.64,23.06,22.91,23.2,23.64,23.2,22.76,22.47,22.47,23.78,24.37,24.22,24.8,24.8,25.24,26.26,26.26,26.26,26.26,26.84,99999.0,99999.0,99999.0,99999.0,99999.0,99999.0,99999.0,99999.0,99999.0,25.39,25.39,26.11,25.97,25.97,25.53,99999.0,99999.0,99999.0,99999.0,27.72,27.72,27.72,27.72,27.43,27.43,27.43,27.57,27.72,26.99,99999.0,99999.0,27.57,27.57,27.57,27.57,27.28,27.13,27.13,26.99,27.13,27.13,27.13,26.99,26.99,26.99,27.13,26.99,26.7,26.7,26.55,26.41,26.41,26.41,26.41,26.26,26.26,25.97,25.82,25.53,25.82,25.53,25.68,25.53,24.8,25.09,25.09,25.09,24.8,24.66,24.51,24.37,24.37,24.07,23.78,23.64,23.49,23.2,22.91,23.06,22.91,22.76,22.76,22.47,21.89,21.6,21.02,20.43,19.41,18.1,18.69,99999.0,99999.0,99999.0,99999.0,99999.0,99999.0,99999.0,99999.0,99999.0,99999.0,99999.0,99999.0,99999.0,99999.0,99999.0,99999.0,99999.0,99999.0,99999.0,99999.0,99999.0,99999.0,99999.0,99999.0,99999.0,99999.0,99999.0,99999.0,99999.0,99999.0,99999.0,99999.0,99999.0,99999.0,99999.0,99999.0,99999.0,99999.0,99999.0,99999.0,99999.0,99999.0,99999.0,99999.0,99999.0,99999.0,99999.0,99999.0,99999.0,99999.0,99999.0,99999.0,99999.0,26.41,26.7,27.28,99999.0,99999.0,99999.0,99999.0,99999.0,99999.0,99999.0,99999.0,99999.0,99999.0,99999.0,99999.0,99999.0,99999.0,99999.0,99999.0,99999.0,99999.0,23.35,25.09,25.09,25.24,25.24,25.09,24.95,25.09,25.68,25.68,25.97,26.26,25.68,24.66,24.8,99999.0,99999.0,99999.0,99999.0,99999.0,99999.0,99999.0,99999.0,99999.0,99999.0,99999.0,99999.0,99999.0,99999.0,25.09,25.09,25.09,23.64,23.78,24.95,99999.0,99999.0,99999.0,99999.0,99999.0,99999.0,99999.0,99999.0,99999.0,99999.0,99999.0,99999.0,99999.0,23.49,20.29,22.18,21.31,20.29,22.33,22.76,23.35,23.35,23.64,23.49,24.37,24.66,24.51,25.97,26.55,25.09,24.66,25.68,26.26,25.39,25.97,26.7,26.41,24.8,24.37,25.24,25.09,25.53,26.99,27.28,26.84,27.13,26.7,24.51,25.09,26.11,26.26,27.28,26.99,27.13,27.86,27.86,27.86,26.7,27.13,27.28,27.57,27.28,27.72,26.7,26.84,26.7,26.99,27.28,27.13,26.99,26.99,26.7,26.11,26.11,26.55,26.84,26.7,26.55,26.55,26.41,26.11,26.26,26.55,25.97,26.11,26.26,25.82
19.5,26.41,26.41,26.41,26.11,26.41,26.41,25.97,26.7,26.7,26.84,26.84,26.84,26.55,26.41,26.26,26.26,26.26,26.26,26.26,25.97,25.82,25.97,25.97,26.11,99999.0,25.39,25.24,24.95,24.95,24.66,24.66,24.66,24.51,24.37,24.22,23.93,23.64,23.35,23.35,23.78,23.78,23.64,23.49,23.35,23.78,23.49,23.64,23.35,23.2,23.49,23.64,23.64,23.2,23.2,24.37,23.49,24.22,24.95,24.51,23.93,24.07,24.66,24.66,24.8,24.95,25.68,25.68,25.68,25.68,26.41,26.26,25.97,26.55,27.28,28.3,99999.0,99999.0,99999.0,99999.0,99999.0,99999.0,99999.0,99999.0,99999.0,25.53,26.26,26.11,25.97,25.82,99999.0,99999.0,99999.0,27.13,27.86,27.86,27.57,27.57,27.43,27.43,27.57,27.57,27.86,28.15,28.3,28.15,28.01,28.74,99999.0,99999.0,99999.0,27.43,27.43,27.13,27.13,27.13,27.13,27.13,27.28,27.13,27.13,26.99,26.99,26.84,26.55,26.55,26.55,26.55,26.26,26.11,26.11,26.26,25.82,25.53,25.53,25.68,25.24,25.39,25.09,25.09,25.09,25.09,25.09,24.8,24.51,24.37,24.37,24.07,24.37,24.07,24.07,24.07,23.64,23.06,22.91,22.62,22.91,22.76,22.04,21.6,21.6,21.02,20.14,19.56,19.56,99999.0,99999.0,99999.0,99999.0,99999.0,99999.0,99999.0,99999.0,99999.0,99999.0,99999.0,99999.0,99999.0,99999.0,99999.0,99999.0,99999.0,99999.0,99999.0,99999.0,99999.0,99999.0,99999.0,99999.0,99999.0,99999.0,99999.0,99999.0,99999.0,99999.0,99999.0,99999.0,99999.0,99999.0,99999.0,99999.0,99999.0,99999.0,99999.0,99999.0,99999.0,99999.0,99999.0,99999.0,99999.0,99999.0,99999.0,99999.0,99999.0,99999.0,99999.0,99999.0,99999.0,26.41,27.13,27.43,28.15,99999.0,99999.0,99999.0,99999.0,99999.0,99999.0,99999.0,99999.0,99999.0,99999.0,99999.0,99999.0,99999.0,99999.0,99999.0,99999.0,99999.0,24.95,24.95,25.09,25.39,25.39,25.09,25.39,25.53,26.11,26.41,26.7,26.84,26.55,26.55,25.39,99999.0,99999.0,99999.0,99999.0,99999.0,99999.0,99999.0,99999.0,99999.0,99999.0,99999.0,99999.0,24.95,25.53,25.39,24.95,24.95,25.24,24.95,26.84,27.13,99999.0,99999.0,99999.0,99999.0,99999.0,99999.0,99999.0,99999.0,99999.0,99999.0,99999.0,99999.0,22.33,23.93,23.06,99999.0,99999.0,23.49,23.78,23.93,23.93,24.37,24.66,25.09,25.53,25.53,26.11,27.13,26.55,25.53,26.26,26.84,26.84,26.99,26.26,26.26,26.41,26.99,25.09,26.11,26.55,27.28,27.57,26.99,27.28,27.28,27.57,27.43,27.28,27.28,27.57,28.01,27.86,27.86,27.57,27.43,27.72,27.72,27.86,27.72,27.86,27.86,27.57,27.28,27.13,27.28,27.57,27.43,27.13,27.13,27.43,27.57,27.43,27.28,26.99,26.84,26.7,26.7,26.84,26.55,26.7,26.84,26.41,26.7,26.7,26.7
18.5,26.84,26.84,26.7,26.41,26.41,26.7,26.7,26.7,26.84,26.84,26.7,26.7,26.7,26.7,26.55,26.26,26.11,26.11,26.26,25.97,25.97,25.82,25.68,25.53,25.24,25.24,25.09,24.95,24.95,24.8,24.8,24.8,24.95,24.51,24.22,23.93,23.78,23.78,24.07,24.22,24.22,24.22,23.78,24.22,24.22,23.93,23.49,23.64,23.35,23.49,23.78,23.35,23.78,24.22,25.24,25.53,25.09,24.8,24.95,24.95,24.8,25.39,24.66,24.8,25.24,25.68,25.97,26.11,26.99,26.84,26.7,26.55,26.99,27.28,28.01,28.74,99999.0,99999.0,99999.0,99999.0,99999.0,99999.0,99999.0,99999.0,99999.0,25.97,26.26,99999.0,99999.0,99999.0,99999.0,99999.0,27.57,27.72,27.57,27.72,27.86,27.57,27.86,27.86,27.72,27.86,28.15,28.15,27.86,28.15,99999.0,99999.0,99999.0,99999.0,28.88,99999.0,27.57,27.72,27.43,27.43,27.28,27.13,26.99,26.99,27.13,26.84,26.84,26.7,26.7,26.7,26.7,26.26,26.11,26.11,26.26,26.11,25.82,25.68,25.82,25.68,25.39,25.53,25.39,25.39,25.39,25.24,25.09,24.8,24.8,24.37,24.51,24.22,24.22,24.07,24.07,23.78,23.64,23.2,23.2,22.91,22.62,22.76,21.74,21.74,21.02,20.72,19.7,18.98,99999.0,99999.0,99999.0,99999.0,99999.0,99999.0,99999.0,99999.0,99999.0,99999.0,99999.0,99999.0,99999.0,99999.0,99999.0,99999.0,99999.0,99999.0,99999.0,99999.0,99999.0,99999.0,99999.0,99999.0,99999.0,99999.0,99999.0,99999.0,99999.0,99999.0,99999.0,99999.0,99999.0,99999.0,99999.0,99999.0,99999.0,99999.0,99999.0,99999.0,99999.0,99999.0,99999.0,99999.0,99999.0,99999.0,99999.0,99999.0,99999.0,99999.0,99999.0,99999.0,99999.0,99999.0,26.84,26.99,27.13,99999.0,99999.0,99999.0,99999.0,99999.0,99999.0,99999.0,99999.0,99999.0,99999.0,99999.0,99999.0,99999.0,99999.0,99999.0,99999.0,25.24,25.24,25.24,24.95,25.24,25.39,25.39,25.53,25.53,25.97,26.26,26.26,26.84,27.13,26.99,26.84,99999.0,99999.0,99999.0,99999.0,99999.0,99999.0,99999.0,99999.0,99999.0,99999.0,99999.0,25.53,25.82,25.53,25.68,25.39,25.24,25.68,25.09,26.11,27.43,99999.0,99999.0,99999.0,99999.0,99999.0,99999.0,99999.0,99999.0,99999.0,99999.0,99999.0,99999.0,22.76,24.8,24.95,99999.0,23.49,24.07,23.93,24.07,23.93,24.66,24.66,24.37,25.53,26.41,26.99,26.26,27.28,26.41,26.11,26.41,27.28,27.28,25.82,25.24,27.72,26.55,26.7,27.57,28.01,27.86,28.3,27.57,27.72,27.72,28.15,27.86,28.01,28.01,28.15,28.3,28.01,27.86,27.86,27.72,27.57,28.01,28.15,27.86,28.01,27.86,27.86,27.57,27.57,27.72,27.43,27.57,27.13,27.13,27.28,27.28,27.13,27.13,26.99,26.84,26.84,26.84,27.13,26.84,26.99,26.99,26.7,26.55,26.84,26.84
17.5,26.84,26.99,26.84,26.55,26.7,26.84,26.84,26.84,26.7,26.7,26.55,26.7,26.7,26.41,26.11,26.11,25.97,25.97,25.82,25.97,25.97,25.82,25.53,25.39,25.24,25.24,25.09,24.95,25.09,25.24,25.39,25.09,24.8,24.66,24.51,24.66,24.66,24.8,24.95,24.66,24.51,24.37,24.22,24.51,24.37,24.66,24.37,24.51,23.49,23.78,23.93,24.07,23.93,25.24,25.53,25.53,25.68,25.53,25.53,25.24,25.39,25.39,25.39,25.68,25.97,25.68,26.11,26.55,26.7,26.55,26.55,26.84,27.28,27.72,28.15,28.74,29.17,29.17,29.03,99999.0,99999.0,99999.0,99999.0,99999.0,99999.0,99999.0,99999.0,99999.0,99999.0,99999.0,99999.0,99999.0,27.43,27.57,27.57,27.57,27.72,27.57,27.86,27.86,27.86,28.01,28.15,27.72,27.57,27.72,27.57,27.57,27.43,27.13,27.28,27.28,27.57,27.43,27.57,27.43,27.28,27.28,27.13,27.13,26.99,26.99,26.84,26.84,26.84,26.7,26.55,26.26,26.26,26.26,26.41,26.11,25.97,25.97,25.82,25.53,25.68,25.39,25.39,25.39,25.24,24.95,25.09,24.95,24.8,24.8,24.66,24.51,24.07,24.37,23.49,23.93,23.64,23.64,23.35,23.06,22.91,22.91,22.47,21.89,21.74,22.04,21.02,18.98,99999.0,99999.0,99999.0,99999.0,99999.0,99999.0,99999.0,99999.0,99999.0,99999.0,99999.0,99999.0,99999.0,99999.0,99999.0,99999.0,99999.0,99999.0,99999.0,99999.0,99999.0,99999.0,99999.0,99999.0,99999.0,99999.0,99999.0,99999.0,99999.0,99999.0,99999.0,99999.0,99999.0,99999.0,99999.0,99999.0,99999.0,99999.0,99999.0,99999.0,99999.0,99999.0,99999.0,99999.0,99999.0,99999.0,99999.0,99999.0,99999.0,99999.0,99999.0,99999.0,99999.0,99999.0,99999.0,26.84,26.55,27.13,99999.0,99999.0,99999.0,99999.0,99999.0,99999.0,99999.0,99999.0,99999.0,99999.0,99999.0,99999.0,99999.0,25.09,25.09,25.09,25.39,25.24,25.24,25.53,25.53,25.39,25.39,25.68,25.68,25.82,26.55,27.28,27.28,27.57,26.99,99999.0,99999.0,99999.0,99999.0,99999.0,99999.0,99999.0,99999.0,99999.0,99999.0,25.53,26.26,25.82,25.68,25.82,25.68,25.53,26.26,26.26,27.72,27.72,28.3,99999.0,99999.0,99999.0,99999.0,99999.0,99999.0,99999.0,99999.0,99999.0,99999.0,99999.0,99999.0,24.07,25.09,24.51,24.66,24.37,23.78,23.93,25.09,25.09,24.66,24.51,25.53,26.84,99999.0,99999.0,26.7,26.99,26.11,27.13,27.43,28.44,27.57,27.72,27.57,27.43,27.72,28.44,28.59,28.44,28.15,28.15,28.3,27.86,28.3,28.3,28.01,28.3,28.59,28.3,28.3,27.86,27.86,28.15,28.3,28.15,28.15,28.01,27.72,27.86,27.72,27.72,27.86,27.57,27.57,27.72,27.86,27.72,27.72,27.72,27.57,27.43,27.43,27.43,27.28,27.13,27.28,27.13,27.28,27.13,27.13,26.99,27.13,26.99
16.5,27.13,26.99,26.99,26.84,26.7,26.7,26.7,26.7,26.84,26.7,26.41,26.55,26.41,26.26,26.41,26.11,25.97,25.82,25.68,25.68,25.68,25.68,25.53,25.39,25.09,25.09,25.09,25.24,25.39,25.53,25.68,25.24,25.24,24.8,24.66,24.8,24.95,25.09,25.09,24.8,24.66,25.09,24.95,24.66,24.51,24.95,24.8,24.66,24.66,24.95,24.8,24.66,24.37,24.8,25.39,26.26,26.26,25.97,25.82,25.97,25.82,25.97,26.26,26.26,26.41,26.55,26.41,26.84,26.84,26.55,27.28,26.99,27.57,28.15,28.59,29.03,29.46,30.05,29.9,29.76,29.46,99999.0,99999.0,99999.0,99999.0,99999.0,99999.0,99999.0,99999.0,99999.0,99999.0,99999.0,27.43,27.43,27.72,27.57,27.57,27.72,27.72,27.72,27.86,27.86,27.86,27.57,27.57,27.43,27.43,27.28,27.13,27.28,27.43,27.43,27.28,27.28,27.28,27.28,27.43,27.28,27.72,27.13,27.13,27.13,27.13,26.99,26.7,26.7,26.55,26.41,26.26,26.11,26.11,26.11,26.11,25.97,25.97,25.68,25.82,25.82,25.53,25.53,25.53,25.53,25.24,24.8,24.66,24.51,24.66,24.51,24.22,24.37,23.93,23.49,23.49,23.64,23.64,23.64,23.06,22.62,22.33,22.33,22.33,22.47,21.16,18.98,99999.0,99999.0,99999.0,99999.0,99999.0,99999.0,99999.0,99999.0,99999.0,99999.0,99999.0,99999.0,99999.0,99999.0,99999.0,99999.0,99999.0,99999.0,99999.0,99999.0,99999.0,99999.0,99999.0,99999.0,99999.0,99999.0,99999.0,99999.0,99999.0,99999.0,99999.0,99999.0,99999.0,99999.0,99999.0,99999.0,99999.0,99999.0,99999.0,99999.0,99999.0,99999.0,99999.0,99999.0,99999.0,99999.0,99999.0,99999.0,99999.0,99999.0,99999.0,99999.0,99999.0,99999.0,99999.0,26.99,25.82,26.26,26.7,99999.0,99999.0,99999.0,99999.0,99999.0,99999.0,99999.0,99999.0,99999.0,25.24,25.09,25.09,24.95,24.51,24.8,24.95,25.53,25.53,25.53,25.68,25.68,25.53,25.68,25.82,26.41,26.84,27.28,27.43,27.57,27.72,99999.0,99999.0,99999.0,99999.0,99999.0,99999.0,99999.0,99999.0,99999.0,26.41,26.41,25.97,26.26,26.55,26.41,26.26,26.84,26.55,26.99,27.28,28.01,99999.0,99999.0,27.72,99999.0,99999.0,99999.0,99999.0,99999.0,99999.0,99999.0,99999.0,99999.0,99999.0,99999.0,24.66,24.37,25.24,25.09,24.51,24.66,25.39,25.09,24.8,25.82,26.26,27.86,99999.0,99999.0,27.43,27.28,27.43,27.86,27.72,27.57,26.99,28.01,27.72,27.13,28.01,27.28,28.44,28.3,28.15,28.3,29.03,28.88,28.44,28.59,28.3,28.88,28.74,28.3,28.44,28.44,28.59,28.3,28.3,28.15,28.15,28.01,28.15,28.01,27.86,27.86,27.72,27.72,27.72,28.01,27.86,27.86,27.86,27.43,27.72,27.72,27.43,27.43,27.57,27.43,27.28,27.28,27.28,27.13,27.28,27.13,27.13,27.28
15.5,27.72,27.13,26.99,26.99,26.84,26.7,26.7,26.84,27.13,26.84,26.7,26.26,26.55,26.41,26.26,26.41,26.11,26.11,25.82,25.68,25.82,25.97,25.97,25.82,25.53,25.39,25.24,25.53,25.68,25.97,25.68,25.53,25.39,25.68,25.39,25.39,25.24,25.24,25.39,25.09,25.39,25.39,25.24,25.39,25.09,24.95,24.95,25.24,25.24,25.68,25.09,24.95,25.53,25.97,25.68,26.11,26.11,25.82,25.97,26.55,26.55,26.7,26.7,26.7,26.99,26.99,27.13,27.28,27.13,27.28,28.15,27.72,28.44,28.88,28.88,29.61,29.46,29.9,30.05,29.61,29.76,29.46,29.32,28.44,24.66,25.39,28.88,99999.0,99999.0,99999.0,99999.0,99999.0,99999.0,99999.0,99999.0,99999.0,27.43,27.57,27.72,27.72,27.57,27.72,27.72,27.86,27.43,27.43,27.43,27.43,27.43,27.43,27.43,27.43,27.43,27.43,27.28,27.43,27.43,27.57,27.86,27.43,27.28,27.28,27.13,26.99,26.7,26.7,26.55,26.41,26.11,26.26,26.26,26.26,26.26,25.97,25.82,25.82,25.82,25.97,25.68,25.39,25.39,25.53,25.24,24.95,24.8,24.8,24.66,24.66,24.51,24.07,23.78,23.78,23.78,23.93,24.07,23.93,23.78,23.2,23.06,22.62,22.18,21.45,20.58,99999.0,99999.0,99999.0,99999.0,99999.0,99999.0,99999.0,99999.0,99999.0,99999.0,99999.0,99999.0,99999.0,99999.0,99999.0,99999.0,99999.0,99999.0,99999.0,99999.0,99999.0,99999.0,99999.0,99999.0,99999.0,99999.0,99999.0,99999.0,99999.0,99999.0,99999.0,99999.0,99999.0,99999.0,99999.0,99999.0,99999.0,99999.0,99999.0,99999.0,99999.0,99999.0,99999.0,99999.0,99999.0,99999.0,99999.0,99999.0,99999.0,99999.0,99999.0,99999.0,99999.0,99999.0,99999.0,99999.0,99999.0,26.11,25.39,25.82,99999.0,99999.0,99999.0,99999.0,99999.0,99999.0,99999.0,99999.0,99999.0,25.09,24.8,24.8,24.8,24.8,25.39,25.68,25.82,25.82,25.97,25.82,25.82,25.82,26.11,26.26,26.41,27.13,27.43,27.72,27.72,28.01,27.86,99999.0,99999.0,99999.0,99999.0,99999.0,99999.0,26.26,26.84,26.7,26.55,26.55,26.99,26.84,26.7,26.55,26.41,26.11,27.72,27.57,27.72,27.86,28.01,28.3,28.15,99999.0,99999.0,99999.0,99999.0,99999.0,99999.0,99999.0,99999.0,99999.0,99999.0,99999.0,25.09,25.39,25.09,25.24,26.11,25.82,25.68,25.39,26.26,27.57,28.59,99999.0,26.55,27.13,27.57,27.86,27.86,28.15,28.3,27.86,29.03,28.01,28.59,28.59,28.3,28.44,28.15,28.44,29.03,28.88,29.03,28.44,29.32,29.32,29.46,29.03,28.59,28.59,28.74,28.59,28.3,28.3,28.15,28.01,27.86,28.15,28.01,28.01,28.01,28.15,28.15,27.86,27.86,27.57,27.72,27.57,27.57,27.57,27.57,27.43,27.57,27.43,27.28,27.43,27.28,27.28,27.28,27.13,27.28,27.28,27.28
14.5,27.28,27.13,27.13,26.99,27.13,26.99,26.99,26.99,26.99,27.13,26.7,26.41,26.41,26.7,26.84,26.84,26.7,26.11,25.97,25.97,25.97,25.97,26.11,25.97,25.97,25.97,25.97,26.11,26.11,26.11,26.11,25.82,25.68,25.97,25.82,25.68,25.53,25.39,25.39,25.39,25.53,25.68,25.82,25.68,25.82,25.82,25.39,25.53,25.68,25.82,25.68,25.53,25.82,25.82,25.82,25.68,26.11,26.41,26.84,26.55,26.99,26.7,26.99,26.99,26.99,27.28,27.72,27.28,27.43,28.3,28.44,28.44,28.59,28.74,28.59,29.61,29.46,29.9,30.05,30.05,30.05,29.17,28.59,27.86,24.95,25.97,28.59,29.32,99999.0,99999.0,99999.0,99999.0,99999.0,99999.0,99999.0,99999.0,99999.0,27.57,27.72,27.72,27.86,27.72,27.57,27.28,27.28,27.43,27.13,27.43,27.43,27.43,27.28,27.13,27.28,27.43,27.57,27.43,27.57,27.57,27.57,27.28,27.28,27.13,27.28,26.99,27.13,26.99,26.7,26.7,26.84,26.55,26.41,26.26,26.26,26.26,26.11,26.11,25.97,25.82,25.82,25.82,25.68,25.53,25.39,25.24,25.24,25.09,24.66,24.8,24.8,24.37,24.22,24.07,24.07,23.49,23.2,24.66,24.22,23.93,23.78,23.49,23.2,22.18,21.16,99999.0,99999.0,99999.0,99999.0,99999.0,99999.0,99999.0,99999.0,99999.0,99999.0,99999.0,99999.0,99999.0,99999.0,99999.0,99999.0,99999.0,99999.0,99999.0,99999.0,99999.0,99999.0,99999.0,99999.0,99999.0,99999.0,99999.0,99999.0,99999.0,99999.0,99999.0,99999.0,99999.0,99999.0,99999.0,99999.0,99999.0,99999.0,99999.0,99999.0,99999.0,99999.0,99999.0,99999.0,99999.0,99999.0,99999.0,99999.0,99999.0,99999.0,99999.0,99999.0,99999.0,99999.0,99999.0,99999.0,99999.0,99999.0,24.95,25.68,99999.0,99999.0,99999.0,99999.0,99999.0,99999.0,25.68,25.68,25.68,24.95,24.66,24.8,24.8,25.24,25.53,25.97,25.97,25.97,25.97,25.97,25.82,26.26,26.7,26.84,27.13,27.43,27.57,27.86,28.01,28.15,28.15,99999.0,99999.0,99999.0,99999.0,99999.0,99999.0,26.7,26.7,26.84,26.84,26.84,27.43,27.28,26.99,26.55,26.26,26.7,27.28,27.72,27.86,28.44,28.15,28.3,28.44,99999.0,99999.0,99999.0,99999.0,99999.0,99999.0,99999.0,99999.0,99999.0,99999.0,99999.0,25.09,25.24,25.09,25.82,25.68,26.84,26.7,26.11,27.13,28.3,28.44,28.01,99999.0,26.55,26.84,27.72,28.15,28.44,28.59,28.44,29.17,29.17,28.88,28.74,28.44,28.44,29.17,29.03,29.17,29.32,28.88,29.17,29.76,29.03,28.44,28.74,28.74,28.74,28.44,28.44,28.3,28.44,28.15,28.15,28.15,28.15,27.86,28.15,27.86,27.86,27.86,27.86,27.72,27.72,27.57,27.43,27.57,27.57,27.43,27.57,27.57,27.43,27.43,27.57,27.28,27.28,27.28,27.28,27.13,27.43,27.28
13.5,27.28,27.28,27.13,27.13,27.13,27.28,27.13,27.13,26.99,27.13,26.84,26.41,26.55,26.55,26.84,26.7,26.99,26.7,26.41,26.11,25.97,25.97,25.97,26.11,26.26,25.97,25.97,26.26,26.41,26.26,26.26,26.41,26.11,26.26,26.26,25.68,25.82,25.82,25.82,25.82,25.82,25.97,25.97,26.11,25.82,25.82,25.68,25.82,25.97,25.97,25.82,25.97,25.68,25.68,26.11,25.82,25.97,26.55,26.55,26.7,26.84,27.13,27.13,27.28,27.28,27.28,27.72,27.57,27.57,28.01,28.15,28.3,28.44,28.88,29.03,29.03,29.61,29.9,30.05,29.61,29.32,29.76,27.72,26.55,26.11,26.99,28.59,29.46,28.88,28.3,28.01,99999.0,99999.0,99999.0,99999.0,99999.0,27.28,27.72,27.72,27.86,27.86,27.72,27.43,26.99,27.28,27.13,27.28,27.43,27.43,27.28,27.28,27.28,27.28,27.43,27.57,27.43,27.43,27.57,27.57,27.43,27.43,26.99,26.99,27.13,26.99,26.7,26.7,26.84,26.84,26.84,26.7,26.41,26.55,26.7,26.41,26.11,26.11,26.26,25.97,25.82,25.68,25.82,25.53,25.39,25.09,25.24,24.95,24.8,24.8,24.66,24.51,24.22,24.22,24.66,24.66,24.37,24.37,24.51,23.93,23.64,23.49,23.2,22.18,99999.0,99999.0,99999.0,99999.0,99999.0,99999.0,99999.0,99999.0,99999.0,99999.0,99999.0,99999.0,99999.0,99999.0,99999.0,99999.0,99999.0,99999.0,99999.0,99999.0,99999.0,99999.0,99999.0,99999.0,99999.0,99999.0,99999.0,99999.0,99999.0,99999.0,99999.0,99999.0,99999.0,99999.0,99999.0,99999.0,99999.0,99999.0,99999.0,99999.0,99999.0,99999.0,99999.0,99999.0,99999.0,99999.0,99999.0,99999.0,99999.0,99999.0,99999.0,99999.0,99999.0,99999.0,99999.0,99999.0,99999.0,99999.0,99999.0,25.53,99999.0,99999.0,99999.0,25.97,25.68,25.68,25.68,25.53,25.53,24.95,25.09,25.09,25.68,25.68,25.39,25.68,25.97,26.11,26.11,26.11,25.97,26.11,26.84,27.28,27.28,27.28,27.57,27.86,28.15,28.3,28.44,28.59,99999.0,99999.0,99999.0,99999.0,99999.0,26.84,27.43,27.28,26.99,26.99,27.43,27.28,26.99,27.43,27.72,27.86,28.01,28.15,28.15,28.3,28.3,28.3,28.44,99999.0,99999.0,27.86,99999.0,99999.0,99999.0,99999.0,99999.0,99999.0,99999.0,99999.0,25.09,25.24,25.39,25.82,25.53,26.99,26.55,27.13,27.72,27.57,27.86,99999.0,27.28,99999.0,99999.0,28.15,28.15,28.74,28.74,29.17,29.17,28.88,28.88,29.03,29.03,29.03,29.61,29.03,28.88,29.03,28.88,29.17,29.32,29.32,29.03,28.88,28.88,28.44,28.44,28.44,28.3,28.44,28.3,28.44,28.3,28.3,28.15,28.01,27.86,27.72,27.86,27.86,27.57,27.72,27.57,27.72,27.57,27.57,27.57,27.57,27.57,27.43,27.28,27.43,27.43,27.28,27.28,27.43,27.43,27.43,27.28
12.5,27.13,27.13,26.99,27.13,27.13,27.13,27.43,27.57,27.43,26.99,26.7,26.55,26.7,26.84,26.84,26.7,27.13,26.7,26.7,26.41,26.26,26.26,26.26,26.55,26.26,26.41,26.26,26.41,26.26,26.26,26.55,26.55,26.41,26.7,26.55,26.11,26.11,26.11,26.26,25.97,25.82,25.82,25.97,26.11,26.26,25.97,26.11,26.11,26.26,26.26,25.97,25.97,25.82,25.97,25.82,25.82,25.97,26.11,26.41,26.41,26.84,27.28,27.28,27.43,27.72,27.72,27.86,27.72,27.57,27.72,27.86,28.3,28.74,28.88,29.03,29.61,29.9,29.46,28.59,28.44,28.88,28.59,27.57,27.43,27.86,28.01,28.44,29.17,28.74,28.15,28.15,28.01,28.01,27.86,99999.0,99999.0,27.28,27.86,27.86,27.86,27.72,27.57,27.43,27.13,26.84,26.7,26.7,26.11,26.41,26.11,27.28,27.28,27.43,27.43,27.28,27.43,27.57,27.57,27.43,27.43,27.43,27.43,27.28,27.28,27.13,27.13,27.13,27.13,26.99,26.99,26.84,26.84,26.7,26.84,26.55,26.55,26.26,26.26,26.26,26.11,25.97,25.82,25.53,25.39,25.39,25.39,25.68,24.66,25.09,24.95,24.95,25.24,25.24,25.09,24.51,24.37,24.37,24.37,24.66,24.22,24.51,23.93,22.91,99999.0,99999.0,99999.0,99999.0,99999.0,99999.0,99999.0,99999.0,99999.0,99999.0,99999.0,99999.0,99999.0,99999.0,99999.0,99999.0,99999.0,99999.0,99999.0,99999.0,99999.0,99999.0,99999.0,99999.0,99999.0,99999.0,99999.0,99999.0,99999.0,99999.0,99999.0,99999.0,99999.0,99999.0,99999.0,99999.0,99999.0,99999.0,99999.0,99999.0,99999.0,99999.0,99999.0,99999.0,99999.0,99999.0,99999.0,99999.0,99999.0,99999.0,99999.0,99999.0,99999.0,99999.0,99999.0,99999.0,99999.0,99999.0,99999.0,99999.0,25.82,25.68,25.68,25.53,25.68,25.68,25.68,25.82,25.53,25.53,99999.0,25.82,26.11,26.11,25.53,25.39,25.97,26.11,26.26,26.11,26.41,26.7,27.13,27.43,27.72,28.01,28.15,28.15,28.15,28.44,28.59,28.74,99999.0,99999.0,99999.0,99999.0,99999.0,26.84,27.28,27.28,26.99,26.99,27.57,27.28,27.57,28.01,28.15,28.15,28.01,28.3,28.15,28.3,28.3,28.44,28.74,28.44,99999.0,28.3,28.01,99999.0,99999.0,99999.0,99999.0,99999.0,99999.0,99999.0,24.66,25.39,25.68,25.39,26.7,26.84,27.13,27.28,28.01,27.86,28.88,28.88,27.13,99999.0,27.86,99999.0,28.15,28.74,29.03,29.03,29.46,28.59,29.17,29.32,29.46,29.46,29.32,29.32,29.03,29.9,29.46,29.17,29.03,29.03,28.74,28.59,28.88,28.88,28.74,28.44,28.3,28.3,28.3,28.15,28.3,28.15,28.3,28.15,28.01,27.86,27.72,27.72,27.72,27.72,27.57,27.72,27.57,27.72,27.72,27.72,27.57,27.57,27.57,27.86,27.28,27.43,27.57,27.43,27.57,27.43,27.43
11.5,27.28,26.99,27.13,27.13,27.28,27.43,27.57,27.43,27.28,27.13,27.13,26.84,26.99,26.99,26.84,26.99,27.28,26.99,26.7,26.41,26.55,26.55,26.26,26.55,26.41,26.55,26.41,26.7,26.55,26.41,26.7,26.7,26.7,26.41,26.41,26.26,26.26,26.26,26.84,26.55,26.41,26.11,26.41,26.55,26.26,25.97,25.97,26.11,25.97,25.97,25.97,25.82,25.82,25.97,25.97,26.41,26.41,26.11,26.41,26.7,26.99,27.13,27.13,27.57,28.01,27.72,27.43,27.57,27.57,27.72,28.01,28.59,28.74,28.74,29.17,29.32,28.88,28.59,28.01,27.86,27.86,27.43,26.99,27.28,28.01,28.3,28.74,28.59,27.86,27.28,27.13,27.28,27.72,27.43,26.84,99999.0,27.72,27.86,27.86,27.86,27.86,27.72,27.57,27.86,27.13,26.84,26.55,99999.0,27.72,25.24,99999.0,26.99,27.13,26.99,26.99,26.7,26.84,27.43,27.43,27.57,27.57,27.43,27.28,27.43,27.28,27.28,27.28,27.28,27.28,27.28,26.99,26.99,26.7,26.7,26.7,26.7,26.41,26.55,26.41,26.11,25.97,26.11,25.68,25.68,25.82,25.82,26.11,25.39,25.68,25.24,25.39,25.24,25.39,24.95,24.95,24.8,25.09,25.09,24.51,24.8,25.39,25.53,24.51,25.82,26.41,99999.0,99999.0,99999.0,99999.0,99999.0,99999.0,99999.0,99999.0,99999.0,99999.0,99999.0,99999.0,99999.0,99999.0,99999.0,99999.0,99999.0,99999.0,99999.0,99999.0,99999.0,99999.0,99999.0,99999.0,99999.0,99999.0,99999.0,99999.0,99999.0,99999.0,99999.0,99999.0,99999.0,99999.0,99999.0,99999.0,99999.0,99999.0,99999.0,99999.0,99999.0,99999.0,99999.0,99999.0,99999.0,99999.0,99999.0,99999.0,99999.0,99999.0,99999.0,99999.0,99999.0,99999.0,99999.0,99999.0,99999.0,99999.0,26.41,26.26,25.97,25.68,25.39,25.53,25.24,99999.0,25.82,26.26,26.41,26.11,26.26,26.11,25.53,25.82,26.26,26.26,26.55,26.55,26.99,27.13,27.28,27.43,28.01,28.3,28.15,28.15,28.3,28.44,28.88,28.74,28.59,99999.0,99999.0,99999.0,99999.0,26.84,27.57,27.28,27.13,27.86,28.01,27.86,27.57,28.3,28.01,28.01,28.15,28.3,28.44,28.44,28.3,28.3,28.59,28.44,99999.0,28.44,28.3,28.74,99999.0,99999.0,99999.0,99999.0,99999.0,99999.0,25.53,25.68,25.39,25.68,26.41,26.99,27.43,28.15,28.15,28.44,28.44,28.01,28.44,99999.0,27.86,28.15,28.15,29.32,29.17,29.76,29.46,29.17,29.03,29.32,29.46,30.34,30.19,29.61,29.03,29.32,29.32,28.59,28.74,28.44,28.44,28.59,28.44,28.44,28.74,28.74,28.74,28.44,28.59,28.44,28.44,28.44,28.3,28.44,28.44,28.3,28.01,28.15,28.3,28.01,28.01,28.01,27.86,27.72,27.86,27.86,27.72,27.57,27.86,27.57,27.57,27.57,27.43,27.57,27.86,27.86,27.57
10.5,28.01,27.86,27.86,27.86,27.72,27.43,27.57,27.72,28.01,27.72,27.43,27.13,27.28,27.13,27.13,27.13,27.43,27.57,26.99,26.7,26.99,26.84,26.7,26.41,26.41,26.55,26.55,26.7,26.84,26.84,26.99,26.84,26.55,26.55,26.26,26.41,26.26,26.41,26.7,26.41,26.41,26.26,26.55,26.55,26.55,26.41,25.97,25.97,26.11,25.97,25.82,25.68,25.97,26.11,26.11,26.26,26.84,26.41,26.84,26.99,26.99,27.43,27.28,27.72,27.86,27.72,27.72,27.43,27.57,27.86,28.01,28.74,28.74,28.44,28.74,29.17,28.44,28.01,27.57,27.43,27.43,27.43,27.57,27.57,27.72,27.72,27.86,27.86,26.99,26.41,26.11,25.53,25.82,28.01,99999.0,99999.0,29.03,28.44,27.86,28.01,27.86,27.72,27.72,28.15,99999.0,99999.0,99999.0,99999.0,30.05,99999.0,99999.0,99999.0,99999.0,99999.0,26.55,25.09,99999.0,28.59,28.3,27.72,27.72,27.57,27.43,27.28,27.57,27.57,27.43,27.43,27.28,27.28,27.13,26.84,26.84,26.84,26.84,26.84,26.55,26.7,26.55,26.55,26.84,26.41,26.7,26.55,26.26,26.55,26.7,26.11,26.11,26.41,25.68,25.53,25.09,25.53,25.39,25.68,25.68,25.68,25.53,25.68,25.53,26.11,25.97,26.41,26.84,99999.0,99999.0,99999.0,99999.0,99999.0,99999.0,99999.0,99999.0,99999.0,99999.0,99999.0,99999.0,99999.0,99999.0,99999.0,99999.0,99999.0,99999.0,99999.0,28.01,99999.0,99999.0,99999.0,99999.0,99999.0,99999.0,99999.0,99999.0,99999.0,99999.0,99999.0,99999.0,99999.0,99999.0,99999.0,99999.0,99999.0,99999.0,99999.0,99999.0,99999.0,99999.0,99999.0,99999.0,99999.0,99999.0,99999.0,99999.0,99999.0,99999.0,99999.0,99999.0,99999.0,99999.0,99999.0,99999.0,99999.0,99999.0,99999.0,26.41,99999.0,99999.0,99999.0,99999.0,99999.0,99999.0,26.41,26.55,26.55,26.41,26.11,26.11,25.97,26.11,26.41,26.55,26.84,26.99,27.13,27.43,27.43,27.72,28.3,28.44,28.44,28.44,28.44,28.44,28.44,28.44,28.59,99999.0,99999.0,99999.0,99999.0,26.7,27.57,27.43,28.01,28.3,28.3,27.86,27.72,27.72,28.3,28.3,28.3,28.3,28.44,28.44,28.3,28.3,28.44,99999.0,28.01,28.59,28.3,28.44,28.3,99999.0,99999.0,99999.0,25.68,24.95,24.95,25.53,25.68,25.97,26.41,26.84,27.43,27.86,28.15,28.59,99999.0,28.01,28.74,29.03,28.3,28.88,28.44,29.32,29.61,29.9,29.76,29.61,29.46,29.03,30.19,30.05,29.61,29.76,29.32,29.46,29.32,28.88,28.88,28.88,28.74,28.74,28.44,28.59,28.59,28.59,28.74,28.88,29.03,28.59,28.74,28.44,28.44,28.59,28.3,28.3,28.01,28.44,28.44,28.44,28.3,28.15,28.3,27.86,28.01,27.86,28.15,28.3,28.3,28.15,28.3,28.3,28.15,27.86,28.01,28.15,27.86
9.5,27.72,28.3,28.44,27.86,28.15,27.72,27.57,27.72,28.44,28.3,28.15,27.72,27.28,27.28,27.28,27.28,27.57,27.72,27.57,27.72,27.13,26.41,26.55,26.99,26.84,27.13,27.13,27.13,26.99,26.84,27.13,26.99,26.99,27.13,26.99,26.7,26.55,26.41,26.55,26.41,26.84,26.99,26.84,26.55,26.7,26.26,26.41,26.26,26.26,26.11,26.11,25.97,26.41,26.41,26.7,26.7,26.99,26.7,27.13,26.99,27.28,27.13,27.43,27.86,27.72,27.57,27.57,27.57,27.72,27.57,27.57,27.72,27.86,27.86,27.72,28.15,27.57,27.43,27.28,27.43,27.28,27.57,27.28,27.43,27.43,27.43,26.84,26.41,26.26,25.97,25.24,25.53,26.7,28.3,29.61,29.32,99999.0,28.59,28.15,27.86,99999.0,28.15,27.86,28.59,99999.0,99999.0,99999.0,99999.0,30.92,99999.0,99999.0,99999.0,99999.0,99999.0,99999.0,99999.0,99999.0,99999.0,99999.0,27.72,27.43,27.72,27.57,27.43,27.72,27.57,27.57,27.57,27.57,27.43,27.28,27.13,27.13,26.99,26.84,26.84,26.55,26.7,26.99,27.13,26.7,26.55,26.99,26.99,26.7,26.41,26.55,26.7,26.99,26.41,25.68,25.53,25.82,25.97,25.53,25.82,26.41,26.26,26.41,26.55,26.7,26.41,27.13,27.86,28.15,28.15,30.48,99999.0,99999.0,99999.0,99999.0,99999.0,99999.0,99999.0,99999.0,99999.0,99999.0,99999.0,99999.0,99999.0,99999.0,99999.0,99999.0,99999.0,99999.0,99999.0,99999.0,99999.0,99999.0,99999.0,99999.0,99999.0,99999.0,99999.0,99999.0,99999.0,99999.0,99999.0,99999.0,99999.0,99999.0,99999.0,99999.0,99999.0,99999.0,99999.0,99999.0,99999.0,99999.0,99999.0,99999.0,99999.0,99999.0,99999.0,99999.0,99999.0,99999.0,99999.0,99999.0,99999.0,99999.0,99999.0,99999.0,99999.0,99999.0,99999.0,99999.0,99999.0,99999.0,99999.0,99999.0,26.7,26.41,26.55,26.7,26.7,26.55,26.55,26.7,26.7,26.84,27.13,27.72,27.86,27.86,28.01,28.01,28.44,28.59,28.74,28.74,28.59,28.74,28.88,29.03,29.17,99999.0,99999.0,99999.0,26.26,28.59,27.57,27.86,28.44,28.15,28.01,28.15,28.15,28.3,28.44,28.74,28.59,28.44,28.88,28.74,28.3,28.59,29.03,99999.0,28.15,28.3,28.59,28.3,28.44,28.44,99999.0,26.7,24.95,24.8,25.24,25.68,25.39,26.26,26.41,27.28,27.86,27.86,28.3,99999.0,29.03,29.32,28.59,29.17,29.76,28.88,30.19,29.03,29.76,30.48,29.9,29.17,29.32,29.61,30.34,30.48,29.32,29.32,29.76,29.76,29.46,29.03,29.17,29.46,29.03,28.44,28.59,28.74,28.59,29.03,28.59,28.74,29.03,28.88,28.74,28.59,28.74,28.44,28.3,28.88,28.3,28.59,28.59,28.88,28.74,28.74,28.3,28.3,28.15,28.15,28.15,28.3,28.15,28.01,28.44,28.59,28.88,28.44,28.15,27.72,28.01
8.5,28.01,28.88,29.61,28.59,28.59,28.15,27.86,28.01,28.3,28.3,28.44,27.86,27.57,27.72,27.57,27.72,27.86,27.72,27.72,27.86,27.86,26.99,27.43,27.72,27.43,27.57,27.28,27.43,27.28,27.13,27.13,27.13,27.13,27.28,27.13,27.13,26.84,26.84,27.28,27.13,27.28,27.28,26.99,26.84,26.84,26.84,26.99,26.99,26.84,26.84,26.84,26.99,26.7,26.7,26.99,26.99,27.28,27.28,27.13,27.28,27.43,27.57,27.57,27.72,27.72,27.43,27.57,27.57,27.72,27.57,27.43,27.43,27.43,27.28,27.28,26.99,27.28,27.28,27.28,27.28,27.28,27.28,27.13,26.99,26.84,26.55,26.26,25.97,25.68,25.82,25.68,26.99,27.86,28.74,29.03,29.61,29.03,99999.0,99999.0,99999.0,28.01,28.59,99999.0,99999.0,99999.0,99999.0,99999.0,99999.0,99999.0,99999.0,99999.0,99999.0,99999.0,99999.0,99999.0,99999.0,99999.0,99999.0,99999.0,99999.0,28.01,27.57,27.43,27.57,27.57,27.57,27.28,27.57,27.57,27.57,27.43,27.13,27.13,26.99,26.84,26.84,26.84,26.84,26.84,26.84,26.84,26.7,27.28,27.13,26.55,26.84,26.55,27.13,26.84,26.55,26.26,25.82,26.55,25.39,25.68,26.26,26.55,26.55,26.84,27.28,27.28,26.84,27.57,27.86,28.44,28.3,28.59,99999.0,99999.0,99999.0,99999.0,99999.0,99999.0,99999.0,99999.0,99999.0,99999.0,99999.0,99999.0,99999.0,99999.0,99999.0,99999.0,99999.0,99999.0,99999.0,99999.0,99999.0,99999.0,99999.0,99999.0,99999.0,99999.0,99999.0,99999.0,99999.0,99999.0,99999.0,99999.0,99999.0,99999.0,99999.0,99999.0,99999.0,99999.0,99999.0,99999.0,99999.0,99999.0,99999.0,99999.0,99999.0,99999.0,99999.0,99999.0,99999.0,99999.0,99999.0,99999.0,99999.0,99999.0,99999.0,99999.0,99999.0,99999.0,99999.0,99999.0,99999.0,99999.0,99999.0,26.41,26.55,26.55,26.7,26.7,26.7,26.84,27.13,26.99,27.13,27.28,27.57,28.01,28.15,28.3,28.3,28.44,28.59,28.74,28.88,28.88,28.74,28.74,28.74,28.88,29.03,29.17,99999.0,27.13,27.43,99999.0,26.99,27.86,28.59,28.44,28.15,28.3,28.44,28.59,28.88,28.88,28.74,28.59,28.59,29.03,28.74,28.59,29.17,99999.0,99999.0,28.3,28.15,28.15,27.86,26.7,25.97,25.24,24.8,25.24,25.24,25.68,25.97,26.41,26.41,27.13,28.01,28.15,29.03,29.17,28.88,28.88,28.01,28.44,99999.0,99999.0,99999.0,29.76,30.19,29.32,29.76,30.34,29.61,31.36,31.07,29.9,30.48,29.9,29.76,30.19,30.19,29.61,29.32,28.88,29.17,29.17,29.17,29.17,28.88,28.88,29.17,29.17,29.17,29.03,28.88,28.88,29.17,28.88,28.44,28.59,28.74,28.88,28.74,28.74,29.32,28.74,28.59,28.74,28.44,28.3,28.44,28.44,28.3,28.59,28.88,29.17,28.88,28.88,28.3,28.01,28.01
7.5,28.44,29.03,29.76,28.88,28.59,28.15,28.74,28.74,28.44,28.44,28.15,28.3,28.01,28.15,28.15,28.15,28.15,28.01,28.01,28.3,28.01,28.01,27.72,27.72,27.57,27.72,27.86,27.43,27.72,27.57,27.57,27.28,27.43,27.57,27.43,27.43,27.28,27.28,27.43,27.43,27.57,27.43,27.28,27.57,26.99,27.28,27.13,27.43,27.13,26.99,26.99,26.99,26.99,27.13,27.28,26.99,27.28,27.13,27.13,27.13,27.43,27.57,27.57,27.43,27.57,27.43,27.86,27.57,27.43,27.28,27.43,27.28,27.28,26.99,26.84,26.84,27.13,27.13,27.28,27.13,27.28,27.28,26.99,27.13,26.99,26.7,26.41,26.26,26.26,26.84,26.99,27.72,28.15,28.59,28.88,29.03,29.03,29.46,29.9,99999.0,27.43,28.01,99999.0,99999.0,99999.0,99999.0,99999.0,99999.0,99999.0,99999.0,99999.0,99999.0,99999.0,99999.0,99999.0,99999.0,99999.0,99999.0,99999.0,99999.0,99999.0,28.15,27.57,27.43,26.99,27.43,27.72,27.57,27.72,27.57,27.43,27.28,26.99,26.99,26.55,26.84,27.28,27.43,27.43,27.13,26.99,26.99,26.99,26.99,27.13,27.28,27.28,27.28,26.55,26.55,26.41,26.41,25.97,26.7,25.82,26.26,26.7,26.41,26.41,27.13,27.28,27.86,28.15,28.15,28.59,28.88,28.59,99999.0,99999.0,99999.0,99999.0,99999.0,99999.0,99999.0,99999.0,99999.0,99999.0,99999.0,99999.0,99999.0,99999.0,99999.0,99999.0,99999.0,99999.0,99999.0,99999.0,99999.0,99999.0,99999.0,99999.0,99999.0,99999.0,99999.0,99999.0,99999.0,99999.0,99999.0,99999.0,99999.0,99999.0,99999.0,99999.0,99999.0,99999.0,99999.0,99999.0,99999.0,99999.0,99999.0,99999.0,99999.0,99999.0,99999.0,99999.0,99999.0,99999.0,99999.0,24.66,99999.0,99999.0,99999.0,99999.0,99999.0,99999.0,99999.0,99999.0,99999.0,99999.0,99999.0,26.26,26.55,26.55,26.84,26.84,26.7,26.99,27.43,27.43,27.43,27.72,28.01,28.15,28.15,28.15,28.3,28.44,28.88,28.88,28.88,28.88,28.88,29.03,28.88,28.74,28.74,28.15,27.57,27.72,27.57,99999.0,99999.0,28.01,28.88,28.59,28.74,28.74,28.44,28.44,28.59,28.74,29.03,28.59,28.59,28.74,28.59,28.74,29.03,29.46,99999.0,28.01,28.01,28.3,27.72,25.82,25.24,25.24,25.39,25.39,25.82,26.26,26.7,26.41,26.7,27.43,28.3,28.88,28.74,29.03,28.88,28.74,28.74,30.34,29.76,99999.0,99999.0,29.17,29.9,29.9,29.9,29.61,29.76,30.34,30.92,99999.0,30.34,30.48,30.34,29.9,29.61,30.19,30.34,30.05,29.46,29.17,29.46,29.32,29.32,29.17,29.17,29.46,29.46,29.32,29.32,29.32,29.32,29.32,29.17,29.17,29.17,29.03,29.03,28.74,29.17,29.03,29.17,29.17,29.03,28.88,29.17,29.17,29.17,29.03,29.03,28.74,28.74,28.44,28.15,28.01,28.15
6.5,29.17,29.61,29.61,29.03,28.74,28.88,28.88,28.74,28.74,28.88,29.03,28.59,28.15,28.15,28.15,28.15,28.59,28.3,28.3,28.3,27.86,28.01,28.01,28.01,27.86,28.15,27.86,27.57,27.43,27.43,27.43,27.28,27.57,27.43,27.57,27.43,26.99,26.55,26.84,27.28,27.13,27.13,27.28,26.99,27.28,27.13,26.84,26.99,26.84,27.13,26.99,27.13,27.57,27.28,26.7,26.99,26.99,26.99,26.99,26.84,27.13,26.99,27.28,26.99,27.43,27.72,27.72,27.57,27.72,27.28,27.43,26.41,26.7,26.84,26.99,26.99,26.99,27.13,27.57,27.28,27.43,27.43,27.43,27.43,26.99,27.13,27.28,26.99,27.13,26.7,27.43,27.57,28.01,28.59,28.59,28.74,29.17,29.32,29.03,28.44,27.28,27.43,27.72,99999.0,99999.0,99999.0,99999.0,99999.0,99999.0,99999.0,99999.0,99999.0,99999.0,99999.0,99999.0,99999.0,99999.0,99999.0,99999.0,99999.0,99999.0,99999.0,28.01,26.99,26.7,27.13,27.57,27.72,27.72,27.57,27.57,27.28,27.28,26.84,26.84,26.99,27.57,27.72,27.57,27.72,27.43,27.28,27.28,27.43,27.72,27.72,27.43,26.7,26.7,26.84,26.84,26.84,26.41,26.7,26.84,26.55,26.7,26.7,26.84,27.28,27.43,27.86,28.3,28.74,28.74,28.44,28.74,29.17,29.17,99999.0,99999.0,99999.0,99999.0,99999.0,99999.0,99999.0,99999.0,99999.0,99999.0,99999.0,99999.0,99999.0,30.19,29.17,99999.0,99999.0,99999.0,99999.0,99999.0,99999.0,99999.0,99999.0,99999.0,99999.0,99999.0,99999.0,99999.0,99999.0,99999.0,99999.0,99999.0,99999.0,99999.0,99999.0,99999.0,99999.0,99999.0,99999.0,99999.0,99999.0,99999.0,99999.0,99999.0,99999.0,99999.0,99999.0,99999.0,99999.0,99999.0,99999.0,99999.0,99999.0,99999.0,99999.0,99999.0,99999.0,99999.0,99999.0,99999.0,26.41,26.55,26.41,26.7,26.84,26.84,26.84,27.13,26.99,27.72,28.01,28.01,27.86,28.15,28.3,28.59,28.74,28.74,29.03,29.03,28.88,28.74,29.03,28.88,28.88,28.59,28.15,28.01,28.01,27.57,27.72,99999.0,99999.0,28.3,29.32,28.88,29.17,29.17,29.32,29.03,28.88,29.03,28.88,28.59,29.03,28.88,28.74,28.74,29.03,29.32,29.46,99999.0,99999.0,28.01,27.57,26.11,25.68,26.84,25.39,25.68,25.39,26.55,25.82,26.7,27.43,28.15,28.74,99999.0,99999.0,28.88,29.17,28.59,29.32,29.61,29.32,99999.0,99999.0,30.34,29.76,29.61,29.61,29.61,29.76,30.34,30.48,29.9,30.05,30.05,30.78,30.19,30.19,30.19,30.19,29.76,29.76,29.9,29.17,29.17,29.17,29.61,29.46,29.61,29.76,29.46,29.32,29.03,29.61,29.46,29.46,29.76,29.03,28.74,29.17,28.88,29.17,29.03,29.46,29.46,29.17,29.03,29.03,29.03,29.46,29.03,29.03,28.74,29.03,28.88,28.44,28.44,28.44
5.5,29.32,29.32,29.32,29.03,28.59,28.44,28.74,28.15,28.74,29.03,28.44,28.44,28.59,28.15,28.59,28.3,28.15,28.01,28.01,27.72,27.43,27.72,28.15,27.86,27.72,27.86,26.99,26.41,26.7,26.41,27.13,27.28,26.99,26.84,26.99,26.41,26.55,26.84,26.41,26.55,26.7,26.7,26.55,26.84,26.84,26.55,26.26,26.41,26.7,26.84,26.84,26.84,26.84,26.55,26.41,26.26,26.7,26.26,26.26,26.41,26.84,27.13,26.7,26.7,26.7,27.28,27.28,26.99,27.28,27.57,26.7,25.82,26.55,26.41,26.41,26.26,26.55,26.84,26.84,27.43,27.28,27.43,27.28,27.28,27.43,27.43,26.99,26.99,26.84,27.43,27.43,28.74,28.01,28.44,28.74,28.3,29.03,29.17,28.74,27.43,26.84,27.13,27.43,99999.0,99999.0,99999.0,99999.0,99999.0,99999.0,99999.0,99999.0,99999.0,99999.0,99999.0,99999.0,99999.0,99999.0,99999.0,99999.0,99999.0,99999.0,99999.0,99999.0,99999.0,99999.0,99999.0,99999.0,27.86,27.86,27.72,27.86,27.72,27.57,27.72,27.28,27.57,28.01,27.72,27.28,27.86,27.57,27.72,27.43,28.15,28.15,27.43,27.72,26.7,26.99,26.7,27.28,26.99,26.84,26.99,27.28,27.13,26.99,26.99,26.84,27.13,27.57,27.57,28.44,28.59,28.74,28.88,28.74,28.88,28.88,28.74,99999.0,99999.0,99999.0,99999.0,99999.0,99999.0,99999.0,99999.0,99999.0,27.57,27.86,28.3,28.59,28.74,28.88,99999.0,99999.0,99999.0,99999.0,99999.0,99999.0,99999.0,99999.0,99999.0,99999.0,99999.0,99999.0,99999.0,99999.0,99999.0,99999.0,99999.0,99999.0,99999.0,99999.0,99999.0,99999.0,99999.0,99999.0,99999.0,99999.0,99999.0,99999.0,99999.0,99999.0,99999.0,99999.0,99999.0,99999.0,99999.0,99999.0,99999.0,99999.0,99999.0,99999.0,99999.0,99999.0,99999.0,99999.0,26.41,26.55,26.7,26.55,26.55,27.13,26.99,26.99,27.28,28.01,28.3,28.3,28.59,28.59,28.74,28.74,29.03,28.88,28.88,28.88,28.88,28.88,29.17,29.03,28.59,28.3,28.15,28.01,28.01,28.3,28.44,28.3,28.59,28.74,28.88,29.17,29.03,29.17,29.03,29.32,29.46,29.46,29.32,29.17,29.03,29.76,99999.0,29.03,29.03,29.32,29.9,99999.0,99999.0,99999.0,28.01,26.55,26.55,25.68,25.82,26.11,25.39,26.55,25.53,27.13,28.3,28.15,99999.0,99999.0,99999.0,99999.0,28.88,28.44,29.61,29.17,29.17,29.46,29.32,30.05,29.46,29.32,29.17,29.76,29.9,29.9,30.34,30.19,30.05,30.63,31.07,30.63,30.19,30.34,30.34,30.19,30.05,29.9,29.61,29.32,29.46,29.61,29.46,29.76,29.9,29.76,29.61,29.61,29.76,30.05,30.05,29.9,29.9,29.17,29.03,29.76,29.32,29.76,29.46,29.61,29.32,29.17,29.03,29.46,29.32,29.32,29.17,29.17,29.17,29.32,29.03,28.44,28.88
4.5,29.03,28.74,28.88,28.44,28.59,28.59,28.74,28.44,28.3,27.43,28.01,28.44,28.15,28.15,27.43,27.72,27.28,27.72,27.57,27.86,27.72,27.57,27.57,27.72,27.28,26.41,26.26,25.97,26.11,26.11,26.41,26.41,26.55,26.84,26.11,25.97,26.11,26.7,26.26,25.97,26.26,26.41,26.41,26.41,26.41,26.26,26.26,26.26,26.11,26.41,26.7,26.84,26.41,26.26,26.26,26.11,26.26,26.55,26.55,26.55,26.7,26.41,26.26,26.55,26.41,26.41,26.84,26.7,26.99,27.28,26.11,25.82,26.41,26.41,26.11,26.26,26.26,26.7,27.13,27.13,27.13,26.7,26.99,27.13,26.99,26.55,26.55,26.84,26.84,26.84,26.7,26.55,28.3,27.86,28.15,28.3,28.74,27.86,28.44,27.28,26.99,27.86,27.13,99999.0,99999.0,99999.0,99999.0,99999.0,99999.0,99999.0,99999.0,99999.0,99999.0,99999.0,99999.0,99999.0,99999.0,99999.0,99999.0,99999.0,99999.0,99999.0,99999.0,99999.0,99999.0,99999.0,99999.0,99999.0,28.01,28.01,27.57,27.72,27.57,28.44,28.01,28.01,28.15,28.44,28.15,28.15,27.86,28.15,28.01,28.01,28.01,28.01,27.57,27.72,27.43,27.43,27.43,27.43,27.72,27.72,27.57,27.43,27.57,27.43,27.28,27.72,27.86,27.86,28.15,28.74,28.59,28.44,28.74,28.74,28.88,28.88,28.74,28.74,99999.0,27.86,28.74,28.59,28.74,28.59,28.44,28.88,28.59,28.74,28.3,28.59,28.44,28.59,99999.0,29.46,29.46,99999.0,99999.0,99999.0,99999.0,99999.0,99999.0,99999.0,99999.0,99999.0,99999.0,99999.0,99999.0,99999.0,99999.0,99999.0,99999.0,99999.0,99999.0,99999.0,99999.0,99999.0,99999.0,99999.0,99999.0,99999.0,99999.0,99999.0,99999.0,99999.0,99999.0,99999.0,99999.0,99999.0,99999.0,99999.0,99999.0,99999.0,99999.0,99999.0,26.55,26.41,26.11,26.11,26.55,26.99,26.99,27.28,27.28,27.72,28.3,28.44,28.44,28.74,29.03,29.03,29.17,29.03,29.17,28.88,28.88,29.03,29.03,28.74,28.74,28.44,28.59,28.44,28.59,28.74,28.74,28.88,29.03,28.88,28.88,28.88,29.17,29.32,29.17,29.32,29.46,30.19,29.61,29.9,29.61,29.76,30.19,30.78,99999.0,99999.0,29.32,29.9,30.78,99999.0,99999.0,28.15,26.7,26.7,26.26,26.84,26.84,25.97,27.28,27.72,27.72,29.46,99999.0,99999.0,99999.0,99999.0,99999.0,29.03,29.03,29.76,29.9,29.46,29.03,29.32,29.46,29.46,29.32,29.46,29.76,30.05,29.9,30.05,30.78,30.19,31.5,30.63,30.34,30.19,30.05,31.07,30.34,30.63,30.05,29.76,29.9,29.76,30.19,29.76,30.19,29.76,29.9,29.9,29.46,30.19,30.34,30.34,30.19,29.9,29.46,29.76,29.9,29.61,29.76,29.9,29.76,29.46,29.46,29.17,29.17,29.61,29.76,29.32,29.03,29.46,28.88,29.17,28.74,29.03
3.5,28.15,28.59,28.44,28.44,28.3,29.17,28.44,28.01,27.57,27.86,27.86,28.01,27.86,27.28,27.13,27.43,27.72,27.43,27.72,27.43,28.15,27.13,26.84,26.7,27.13,26.55,26.11,26.11,26.26,26.26,26.11,26.11,26.26,26.26,25.97,26.11,26.11,26.11,25.82,25.82,25.97,26.26,26.26,25.97,26.11,26.55,26.26,26.41,26.55,26.55,26.26,25.97,25.82,25.53,25.82,26.11,25.82,25.68,26.11,25.53,25.68,26.41,25.53,25.82,26.26,26.26,26.55,26.41,26.41,26.84,25.53,24.51,25.39,25.82,26.55,26.26,26.11,26.26,26.26,26.55,26.7,26.84,27.57,26.7,26.55,26.55,25.97,26.26,26.41,26.55,26.26,26.41,26.7,26.99,26.7,27.28,26.7,27.86,27.13,26.84,27.13,26.11,27.57,99999.0,99999.0,99999.0,99999.0,99999.0,99999.0,99999.0,99999.0,99999.0,99999.0,99999.0,99999.0,99999.0,99999.0,99999.0,99999.0,99999.0,99999.0,99999.0,99999.0,99999.0,99999.0,99999.0,99999.0,99999.0,99999.0,28.3,27.86,28.15,28.3,28.01,28.44,28.01,28.15,28.01,27.86,27.86,28.15,27.86,28.15,28.01,27.86,28.01,27.43,27.43,27.43,27.72,27.13,27.57,27.86,27.28,28.01,27.86,27.86,27.72,28.3,28.01,28.15,28.44,29.03,28.74,28.59,28.59,28.74,28.59,28.74,28.74,28.59,28.88,28.3,28.44,28.44,28.44,28.74,28.74,28.3,28.88,28.88,28.88,28.59,28.88,28.74,28.01,28.74,28.88,99999.0,28.88,99999.0,99999.0,99999.0,99999.0,99999.0,99999.0,99999.0,99999.0,99999.0,99999.0,99999.0,99999.0,99999.0,99999.0,99999.0,99999.0,99999.0,99999.0,99999.0,99999.0,99999.0,99999.0,99999.0,99999.0,99999.0,99999.0,99999.0,99999.0,99999.0,99999.0,99999.0,99999.0,99999.0,99999.0,99999.0,99999.0,99999.0,26.55,26.55,26.11,26.26,26.41,26.55,26.7,27.28,27.43,28.01,28.3,28.59,28.3,28.59,28.88,29.32,29.32,29.46,29.46,29.46,29.32,29.03,28.88,28.74,28.74,28.59,28.59,28.59,28.59,28.88,29.03,29.03,28.88,28.88,28.88,29.03,29.03,29.32,29.76,29.9,29.9,30.05,30.19,30.48,30.48,30.34,30.19,30.63,30.78,31.07,99999.0,99999.0,29.03,30.05,99999.0,99999.0,27.57,27.86,26.99,27.13,27.28,26.55,26.99,28.74,28.44,28.74,99999.0,99999.0,99999.0,99999.0,31.8,30.05,29.03,29.46,29.61,30.63,29.32,30.05,29.32,29.32,29.46,29.32,29.32,29.76,29.46,29.46,30.34,31.21,30.63,30.63,30.48,30.78,30.48,30.63,30.78,30.63,30.19,30.19,29.9,30.34,29.9,29.9,30.05,30.19,29.9,30.05,30.05,29.9,30.48,30.34,30.05,30.48,30.63,30.34,29.9,30.05,29.9,29.9,30.05,30.05,29.76,30.05,30.05,29.32,29.61,29.32,29.61,29.17,28.74,28.88,28.74,28.74,28.44
2.5,28.59,28.74,28.3,28.15,28.44,28.44,28.01,27.43,27.43,27.43,27.72,26.99,26.7,27.13,27.28,27.57,27.28,27.57,27.72,27.72,27.43,27.13,27.13,26.84,26.7,26.41,26.41,26.26,25.97,26.11,26.26,26.26,25.97,25.68,25.68,25.82,25.68,25.68,25.53,25.39,25.53,25.68,25.39,25.82,25.97,26.11,26.11,26.11,25.97,25.82,25.68,25.53,25.39,25.09,25.68,25.24,25.53,25.68,24.95,26.11,25.24,25.24,25.39,25.39,26.41,25.97,25.97,25.97,26.26,25.97,25.68,24.37,24.66,24.95,25.53,25.82,25.82,25.53,26.26,25.68,25.39,25.39,26.11,26.11,25.97,25.82,26.11,25.97,25.82,26.26,26.41,26.26,26.26,25.68,26.55,27.13,27.28,26.41,26.55,26.84,26.41,99999.0,99999.0,99999.0,99999.0,99999.0,99999.0,99999.0,99999.0,99999.0,99999.0,99999.0,99999.0,99999.0,99999.0,99999.0,99999.0,99999.0,99999.0,99999.0,99999.0,99999.0,99999.0,99999.0,99999.0,99999.0,99999.0,99999.0,99999.0,28.74,28.59,28.01,28.3,28.01,27.86,28.3,28.01,28.15,28.3,28.01,28.15,28.15,28.3,28.15,27.72,27.57,27.72,28.01,27.72,27.43,27.43,26.84,27.43,27.86,28.15,27.72,27.57,29.17,28.44,28.3,28.3,28.15,28.3,28.3,28.15,28.3,28.15,28.3,28.15,27.86,28.3,28.15,28.3,28.15,28.59,28.44,28.59,28.74,29.03,28.3,28.59,28.44,28.44,28.44,28.59,28.44,28.15,28.44,28.59,28.59,99999.0,99999.0,99999.0,99999.0,99999.0,99999.0,99999.0,99999.0,99999.0,99999.0,99999.0,99999.0,99999.0,99999.0,99999.0,99999.0,99999.0,99999.0,99999.0,99999.0,99999.0,99999.0,99999.0,99999.0,99999.0,99999.0,27.57,99999.0,99999.0,99999.0,99999.0,99999.0,99999.0,99999.0,99999.0,99999.0,26.84,26.26,26.26,26.26,26.41,26.41,26.84,27.13,27.57,27.86,28.15,28.44,28.44,28.59,29.03,29.46,29.32,29.32,29.61,29.61,29.17,29.17,29.17,29.03,28.88,28.74,28.74,28.88,29.03,29.03,28.88,29.03,28.88,28.88,29.03,29.17,29.03,29.32,29.76,29.9,30.19,29.9,30.05,30.48,30.34,30.05,30.63,30.63,30.78,30.63,30.63,30.78,99999.0,99999.0,30.19,29.32,99999.0,99999.0,27.13,27.43,27.28,27.43,27.57,28.3,28.3,99999.0,99999.0,99999.0,99999.0,99999.0,99999.0,99999.0,29.46,29.46,29.46,29.32,30.05,31.21,31.21,30.19,29.17,28.88,99999.0,29.76,29.61,30.34,30.63,30.92,30.48,30.34,30.48,30.48,31.5,30.92,30.34,30.78,30.48,30.34,30.34,30.34,30.19,29.9,30.78,30.34,30.19,30.78,30.48,30.63,30.48,30.48,30.78,30.63,31.21,30.05,30.05,30.34,30.34,30.63,30.19,30.05,30.05,30.34,29.9,29.76,29.32,28.88,29.32,29.32,28.88,28.59,28.74,28.74,28.74,28.44
1.5,28.15,28.15,28.88,28.74,28.44,27.86,27.43,27.13,27.13,27.13,26.84,26.99,26.84,26.99,27.13,27.13,27.13,27.28,27.13,27.13,26.99,26.7,26.99,26.7,26.55,26.41,25.97,26.11,25.97,25.82,25.97,25.97,25.82,25.68,25.68,25.53,25.53,25.39,25.39,25.09,25.24,25.09,25.09,25.53,25.68,25.39,25.24,25.39,25.53,25.53,25.39,24.8,24.37,24.51,24.95,25.09,24.95,24.8,24.8,24.66,24.66,24.66,24.95,25.24,25.39,25.53,24.95,25.68,25.24,25.39,25.09,24.66,23.49,24.07,24.37,24.22,24.95,24.8,24.66,24.8,24.8,24.95,25.53,25.39,25.68,25.39,25.82,25.68,25.09,25.24,25.53,25.68,25.39,25.53,25.68,25.53,25.97,25.97,26.55,26.11,26.55,99999.0,99999.0,99999.0,99999.0,99999.0,99999.0,99999.0,99999.0,99999.0,99999.0,99999.0,99999.0,99999.0,99999.0,99999.0,99999.0,99999.0,99999.0,99999.0,99999.0,99999.0,99999.0,99999.0,99999.0,99999.0,99999.0,99999.0,99999.0,99999.0,28.74,28.74,27.86,28.15,28.15,28.15,28.15,28.15,28.3,28.3,28.15,27.86,27.86,27.86,27.86,27.86,27.72,27.57,27.57,27.28,27.28,27.13,27.28,27.13,27.43,27.43,28.01,27.28,27.57,27.43,27.28,27.86,27.72,27.57,27.28,27.43,27.72,27.72,27.72,27.57,27.86,28.15,28.15,28.15,28.3,28.44,28.59,28.88,28.59,28.3,28.3,28.3,28.44,27.86,28.01,27.86,28.01,28.15,28.59,99999.0,99999.0,99999.0,99999.0,99999.0,99999.0,99999.0,99999.0,99999.0,99999.0,99999.0,99999.0,99999.0,99999.0,99999.0,99999.0,99999.0,99999.0,99999.0,99999.0,99999.0,28.74,99999.0,28.15,99999.0,99999.0,99999.0,99999.0,99999.0,99999.0,99999.0,99999.0,99999.0,99999.0,99999.0,26.26,26.7,26.11,25.97,26.11,26.26,26.55,26.84,27.13,27.43,27.72,27.86,28.44,28.44,28.44,29.03,29.46,29.61,29.61,29.61,29.9,29.9,29.76,29.61,29.32,29.03,29.17,29.03,29.03,29.03,28.88,28.88,28.88,28.88,28.74,29.17,29.32,29.32,29.46,29.46,29.76,30.19,30.05,30.19,30.19,30.78,30.48,30.19,30.63,31.36,31.36,31.36,30.48,30.78,31.07,99999.0,99999.0,99999.0,29.32,99999.0,27.43,27.43,27.43,27.43,28.3,99999.0,99999.0,99999.0,99999.0,99999.0,99999.0,99999.0,99999.0,99999.0,30.48,29.03,29.76,30.19,29.9,31.5,29.32,31.36,29.61,30.19,99999.0,29.9,30.19,30.48,30.34,30.63,30.34,30.48,30.48,30.92,30.34,30.34,30.34,30.34,30.63,30.34,30.34,30.92,31.07,30.48,30.78,30.92,30.63,30.48,31.21,30.48,30.48,30.78,31.07,30.92,30.92,30.34,30.48,31.21,30.19,30.05,30.05,29.9,30.34,31.07,30.48,29.61,29.76,29.32,29.03,28.88,28.88,28.59,28.59,28.59,28.44,28.15
0.5,28.59,28.01,28.74,28.15,27.28,27.57,27.28,27.28,27.28,27.13,27.13,26.99,26.99,26.84,26.84,26.84,26.84,26.99,26.7,26.7,26.55,26.41,26.41,26.26,25.97,26.11,25.97,25.97,25.82,25.82,25.68,25.82,25.53,25.53,25.53,25.53,25.24,25.39,25.24,25.09,25.09,25.09,24.95,24.95,25.09,24.95,25.09,24.95,24.95,24.95,24.66,24.66,24.37,24.22,24.22,24.22,24.37,24.22,24.37,24.51,24.66,24.66,24.51,24.8,25.09,24.95,24.37,24.66,25.09,24.51,24.37,23.2,23.35,23.49,23.93,24.07,24.66,24.37,24.07,23.78,23.93,23.93,24.22,24.07,24.95,24.66,24.8,24.22,24.66,25.09,24.8,24.8,24.8,25.09,25.09,25.39,25.53,25.53,25.68,25.97,99999.0,99999.0,99999.0,99999.0,99999.0,99999.0,99999.0,99999.0,99999.0,99999.0,99999.0,99999.0,99999.0,99999.0,99999.0,99999.0,99999.0,99999.0,99999.0,99999.0,99999.0,99999.0,99999.0,99999.0,99999.0,99999.0,99999.0,99999.0,99999.0,29.76,28.74,29.17,28.44,28.44,28.3,28.01,28.01,27.86,27.86,27.86,27.86,27.86,27.86,27.43,27.43,27.43,27.43,27.28,27.13,26.99,26.99,27.28,26.84,26.84,26.84,26.99,26.84,26.7,26.99,26.84,26.55,26.55,26.7,26.84,26.7,26.99,26.99,27.57,27.43,26.99,27.43,27.72,27.57,27.86,28.15,27.86,28.01,28.01,28.15,28.15,28.15,28.44,27.72,28.01,27.72,27.86,28.15,28.44,28.44,99999.0,99999.0,99999.0,99999.0,99999.0,99999.0,99999.0,99999.0,99999.0,99999.0,99999.0,99999.0,99999.0,99999.0,99999.0,99999.0,99999.0,99999.0,99999.0,99999.0,99999.0,99999.0,99999.0,99999.0,99999.0,99999.0,99999.0,99999.0,99999.0,99999.0,99999.0,99999.0,99999.0,99999.0,26.7,26.7,26.26,25.97,26.26,26.26,26.55,26.84,27.28,27.43,27.86,28.01,28.44,28.44,28.3,28.88,29.03,29.17,29.17,29.61,30.19,30.05,30.05,30.19,29.76,29.76,29.61,29.32,29.03,29.17,29.03,29.17,29.17,29.17,29.17,29.03,29.32,29.46,29.32,29.46,29.61,29.76,29.76,30.63,30.05,30.48,30.78,30.05,30.63,30.05,30.63,30.48,31.5,30.78,30.48,31.36,99999.0,99999.0,99999.0,99999.0,28.3,27.13,27.13,28.3,28.15,28.44,99999.0,99999.0,99999.0,99999.0,99999.0,99999.0,99999.0,99999.0,99999.0,30.92,30.19,30.92,30.34,30.63,99999.0,28.59,31.21,30.78,30.05,99999.0,30.19,30.48,30.48,30.19,30.05,30.63,30.05,30.63,30.78,30.48,30.19,30.63,30.34,30.48,32.38,30.48,30.34,30.78,30.63,30.05,30.48,30.48,30.19,30.92,30.78,32.09,31.21,31.07,31.21,31.07,29.17,28.3,31.07,30.48,30.63,30.19,30.34,30.05,30.34,30.34,30.34,29.9,29.61,29.17,29.03,29.03,28.44,28.59,28.3,28.3,28.3
-0.5,27.72,28.01,27.86,28.01,27.57,28.01,26.99,27.43,27.57,27.43,27.13,27.13,27.13,26.99,26.99,26.84,26.99,26.84,26.84,26.7,26.55,26.41,26.41,26.41,26.11,26.11,26.26,26.11,25.82,25.68,25.53,25.53,25.53,25.53,25.53,25.53,25.24,25.24,25.24,25.24,25.24,25.09,24.95,24.8,24.8,24.8,24.66,24.8,24.66,24.66,24.66,24.66,24.37,24.07,24.07,24.07,24.22,24.07,24.22,24.22,24.37,24.8,24.66,24.8,24.66,24.66,24.95,24.22,24.07,23.78,23.78,23.49,23.49,23.35,23.78,23.93,24.22,24.37,24.07,23.93,23.78,23.78,23.93,23.78,23.78,23.49,23.49,23.2,22.33,24.8,24.8,24.51,24.51,24.8,24.51,24.51,24.8,25.53,25.97,26.41,99999.0,99999.0,99999.0,99999.0,99999.0,99999.0,99999.0,99999.0,99999.0,99999.0,99999.0,99999.0,99999.0,99999.0,99999.0,99999.0,31.21,99999.0,99999.0,99999.0,99999.0,99999.0,99999.0,99999.0,99999.0,99999.0,99999.0,99999.0,99999.0,99999.0,99999.0,29.17,29.03,28.59,28.3,28.15,28.15,27.86,27.86,27.72,27.57,27.72,27.72,27.72,27.72,27.28,27.28,27.13,26.99,26.84,26.84,26.84,26.84,26.7,26.7,26.7,26.41,26.55,26.55,26.41,26.41,26.41,26.26,26.55,26.41,26.41,26.7,26.41,26.41,26.55,26.11,26.7,27.13,27.13,27.57,27.43,27.43,27.57,27.72,27.86,27.57,27.57,27.72,27.86,27.86,27.57,28.15,28.3,28.74,99999.0,99999.0,99999.0,99999.0,99999.0,99999.0,99999.0,99999.0,99999.0,99999.0,99999.0,99999.0,99999.0,99999.0,99999.0,99999.0,99999.0,99999.0,99999.0,99999.0,27.86,99999.0,99999.0,26.41,26.7,99999.0,99999.0,99999.0,99999.0,99999.0,99999.0,99999.0,99999.0,26.84,26.7,26.7,26.41,26.26,26.41,26.7,26.7,26.99,27.28,27.57,27.72,28.15,28.59,28.88,28.59,28.74,28.74,29.32,29.32,29.46,30.19,29.9,29.9,30.05,29.9,30.05,29.76,29.61,29.46,29.46,29.32,29.17,29.32,29.17,29.17,29.17,29.17,29.46,29.76,29.61,29.61,30.05,30.05,30.19,30.19,30.34,30.19,30.78,31.5,30.19,30.48,30.92,31.36,29.9,30.34,30.34,31.07,99999.0,99999.0,99999.0,99999.0,28.59,27.72,28.15,28.01,29.32,99999.0,99999.0,99999.0,99999.0,99999.0,99999.0,99999.0,99999.0,31.65,30.48,30.05,30.63,31.07,31.07,30.48,30.34,30.92,30.19,99999.0,30.48,29.46,29.61,30.05,99999.0,30.34,30.19,31.21,29.32,31.36,30.48,30.19,30.19,30.48,30.34,30.34,29.9,30.48,30.78,30.78,30.63,30.78,30.78,30.92,31.5,32.81,31.21,32.38,31.94,30.05,30.92,30.19,30.34,30.63,30.48,30.92,30.78,30.78,30.34,30.48,30.48,29.76,29.9,29.61,29.46,29.32,29.32,28.74,28.88,28.74,28.59,28.44
-1.5,28.15,28.3,28.3,28.01,28.3,28.01,27.57,27.43,27.72,28.01,27.72,27.57,27.43,27.43,27.28,27.13,27.13,27.57,27.13,26.84,26.84,26.7,26.7,26.7,26.41,26.55,26.41,26.26,26.11,25.97,25.97,25.97,26.26,25.97,25.53,25.53,25.39,25.53,25.68,25.39,25.39,25.09,24.95,24.8,24.95,24.8,24.66,24.8,24.95,25.09,25.24,24.95,24.51,24.37,24.22,24.22,24.07,24.07,24.37,24.51,24.51,24.51,24.95,25.09,24.8,24.8,24.37,24.22,23.93,23.93,23.93,23.78,23.78,23.49,23.64,24.37,24.07,23.64,23.78,24.22,23.93,23.93,23.93,24.07,23.78,23.78,23.93,23.64,23.93,24.22,24.51,24.51,24.37,24.51,24.37,23.93,23.78,24.8,26.11,99999.0,99999.0,99999.0,99999.0,99999.0,99999.0,99999.0,99999.0,99999.0,99999.0,99999.0,99999.0,99999.0,99999.0,99999.0,99999.0,99999.0,99999.0,99999.0,31.65,99999.0,99999.0,99999.0,99999.0,99999.0,99999.0,99999.0,99999.0,99999.0,99999.0,99999.0,99999.0,99999.0,99999.0,99999.0,99999.0,28.59,27.86,28.15,28.01,28.01,27.86,27.57,27.72,27.72,27.57,27.28,27.43,27.43,27.28,27.13,26.84,26.84,26.84,26.7,26.7,26.55,26.41,26.55,26.41,26.41,26.41,26.41,26.26,26.11,26.55,25.97,26.11,26.26,26.41,26.41,26.26,26.11,26.41,26.41,26.7,26.7,26.84,26.41,27.28,27.43,27.72,27.57,27.57,27.72,27.86,28.15,28.59,28.15,28.59,99999.0,99999.0,99999.0,99999.0,99999.0,99999.0,99999.0,99999.0,99999.0,99999.0,99999.0,99999.0,99999.0,99999.0,99999.0,99999.0,99999.0,99999.0,99999.0,99999.0,99999.0,99999.0,99999.0,26.26,26.26,99999.0,99999.0,99999.0,99999.0,99999.0,99999.0,99999.0,99999.0,26.84,26.99,26.99,26.99,26.84,26.7,26.99,27.43,27.86,27.86,27.72,28.01,28.3,28.44,28.74,28.88,28.74,28.88,29.17,29.32,29.61,29.9,30.05,29.9,29.76,29.76,29.76,29.61,29.61,29.46,29.46,29.61,29.32,29.32,29.17,29.46,29.32,29.32,29.61,29.76,29.32,29.61,29.46,30.05,30.05,30.19,30.34,30.34,30.78,30.78,30.63,30.48,29.76,29.46,29.46,29.9,30.19,30.05,29.76,99999.0,99999.0,29.46,99999.0,28.15,27.28,28.01,28.59,29.9,99999.0,99999.0,99999.0,99999.0,99999.0,99999.0,30.63,29.76,30.78,99999.0,99999.0,99999.0,31.94,29.9,30.63,30.19,30.05,99999.0,30.05,30.05,31.07,31.65,99999.0,99999.0,31.36,31.07,31.36,30.63,30.34,30.63,29.32,29.9,30.05,30.19,29.46,30.19,30.05,29.03,31.5,32.81,32.52,31.21,30.92,31.8,32.23,31.21,31.21,31.07,31.36,31.07,30.05,31.21,31.21,31.21,30.92,30.48,30.48,30.48,30.34,30.34,29.9,29.76,29.61,29.46,29.46,29.17,29.17,29.03,29.03,28.59
-2.5,28.15,28.74,28.44,28.15,28.44,28.15,28.01,27.72,28.01,28.3,28.15,28.01,27.86,27.72,27.72,27.43,27.28,27.28,27.28,27.13,27.13,27.13,27.13,26.7,26.84,26.55,26.55,26.55,26.26,26.41,26.41,26.55,26.41,26.26,26.26,25.97,25.82,25.82,25.82,25.68,25.53,25.24,25.09,25.24,25.39,25.24,24.95,25.24,25.24,25.53,25.53,25.09,24.95,24.66,24.51,24.22,24.22,24.51,24.51,24.51,24.8,24.95,24.8,24.8,24.8,24.8,24.51,24.37,24.22,24.07,24.37,24.22,23.78,23.93,23.64,24.07,24.37,24.37,24.07,24.22,24.37,23.93,24.37,24.66,24.22,24.51,24.51,24.37,24.66,24.8,24.8,24.22,24.51,24.07,24.51,23.64,23.2,23.49,25.09,99999.0,99999.0,99999.0,99999.0,99999.0,99999.0,99999.0,99999.0,99999.0,99999.0,99999.0,99999.0,99999.0,99999.0,28.88,99999.0,99999.0,99999.0,99999.0,99999.0,99999.0,99999.0,99999.0,99999.0,99999.0,99999.0,31.36,99999.0,99999.0,99999.0,99999.0,99999.0,99999.0,99999.0,99999.0,99999.0,28.59,99999.0,28.59,28.44,28.59,27.86,27.72,27.57,27.57,27.57,27.57,27.57,27.43,27.28,26.99,26.99,26.99,26.84,26.84,26.84,26.7,26.55,26.55,26.41,26.7,26.41,26.41,26.41,26.26,26.26,26.41,26.41,26.55,26.55,26.41,26.55,26.55,26.7,26.55,26.7,26.7,26.84,26.99,27.28,27.57,27.43,27.43,27.57,27.43,27.72,28.01,28.59,28.44,27.86,28.3,99999.0,99999.0,99999.0,99999.0,99999.0,99999.0,99999.0,99999.0,99999.0,99999.0,99999.0,99999.0,99999.0,99999.0,99999.0,99999.0,99999.0,99999.0,99999.0,99999.0,99999.0,99999.0,26.11,99999.0,99999.0,99999.0,99999.0,99999.0,99999.0,99999.0,27.43,26.84,26.7,26.84,27.13,27.13,27.28,27.28,26.7,27.43,27.86,28.44,28.3,28.44,28.44,28.74,28.74,28.74,28.88,28.74,29.17,29.17,29.17,29.61,29.61,29.61,29.61,29.46,29.76,29.61,29.46,29.46,29.61,29.46,29.32,29.32,29.03,29.03,29.17,29.17,29.03,29.46,29.17,29.17,29.17,29.61,29.61,31.21,30.48,30.63,30.78,29.76,30.19,31.07,30.19,30.63,29.9,30.05,30.34,29.32,30.34,99999.0,99999.0,99999.0,99999.0,99999.0,27.86,99999.0,28.15,29.03,99999.0,99999.0,99999.0,99999.0,99999.0,99999.0,30.48,29.76,30.19,99999.0,99999.0,99999.0,31.94,31.07,31.21,30.48,30.63,29.61,29.61,29.9,30.48,29.76,31.21,99999.0,99999.0,31.36,99999.0,99999.0,99999.0,99999.0,99999.0,30.34,30.78,30.48,30.05,29.9,30.05,30.48,30.78,28.88,30.78,31.65,30.34,31.94,31.21,31.5,31.21,31.65,31.07,31.21,30.92,30.19,31.36,31.36,30.78,30.63,30.48,30.19,30.48,30.19,29.9,30.05,29.9,29.9,29.61,29.61,29.61,29.46,29.03,29.03
-3.5,29.03,28.59,28.44,28.88,28.59,28.44,28.15,28.74,28.74,28.15,28.44,28.3,28.15,27.86,27.86,27.86,27.86,27.86,27.72,27.43,27.43,27.43,27.28,27.13,27.13,26.84,26.84,26.7,26.55,26.41,26.7,26.7,26.55,26.41,26.41,26.26,26.26,26.11,26.11,25.68,25.53,25.82,25.68,25.82,25.82,25.68,25.68,25.68,25.68,25.68,25.53,25.39,25.09,24.95,24.95,24.8,24.66,24.51,24.66,24.66,24.66,24.8,24.8,24.8,24.66,24.66,24.8,24.66,24.37,24.51,24.51,24.07,24.37,23.93,23.93,24.22,24.51,24.66,24.51,24.66,24.8,24.51,24.51,25.09,24.66,24.8,25.24,25.24,24.95,25.09,24.95,24.95,24.51,24.66,24.51,23.78,23.49,23.2,24.22,26.41,99999.0,99999.0,99999.0,99999.0,99999.0,99999.0,99999.0,99999.0,99999.0,99999.0,99999.0,99999.0,99999.0,99999.0,99999.0,99999.0,99999.0,99999.0,99999.0,99999.0,99999.0,99999.0,99999.0,99999.0,99999.0,99999.0,99999.0,99999.0,99999.0,99999.0,99999.0,99999.0,99999.0,99999.0,99999.0,99999.0,99999.0,99999.0,99999.0,99999.0,99999.0,28.3,27.72,27.57,27.72,27.57,27.57,27.43,26.99,27.28,26.99,27.13,27.13,26.99,26.99,26.84,26.84,26.7,26.7,26.7,26.55,26.55,26.41,26.41,26.55,26.55,26.55,26.7,26.7,26.7,26.41,26.26,26.41,26.55,26.84,26.84,26.99,27.13,27.28,27.43,27.28,27.28,27.28,27.72,27.57,27.86,28.44,28.3,28.74,28.44,28.15,99999.0,99999.0,99999.0,99999.0,99999.0,99999.0,99999.0,99999.0,99999.0,99999.0,99999.0,99999.0,99999.0,99999.0,99999.0,99999.0,99999.0,99999.0,99999.0,99999.0,99999.0,99999.0,99999.0,99999.0,99999.0,99999.0,99999.0,99999.0,99999.0,27.28,26.99,26.84,27.43,26.99,27.57,28.01,27.72,27.57,27.86,28.3,28.88,28.74,28.74,28.74,28.88,28.59,28.44,28.88,28.74,28.88,28.74,28.44,28.88,29.03,29.17,28.88,29.17,29.32,29.32,29.32,29.03,29.03,28.88,29.03,28.74,28.59,28.59,28.74,28.88,28.88,29.03,29.32,29.17,29.32,29.46,30.05,29.32,29.32,29.76,29.9,30.34,30.34,29.76,29.46,29.76,29.76,29.46,30.34,29.76,29.32,29.9,99999.0,99999.0,99999.0,99999.0,28.3,27.72,28.01,28.59,28.3,29.32,29.32,30.05,31.21,99999.0,28.15,30.34,29.61,99999.0,31.07,99999.0,31.21,30.34,29.17,29.9,99999.0,29.9,99999.0,31.94,99999.0,29.9,30.78,31.8,99999.0,99999.0,99999.0,99999.0,99999.0,99999.0,99999.0,99999.0,99999.0,99999.0,29.76,29.32,30.05,30.34,30.19,30.48,29.61,30.63,30.92,30.92,30.63,30.92,30.78,30.92,31.07,30.78,30.78,31.21,31.07,30.92,30.92,30.78,30.63,30.78,30.48,30.48,30.19,30.05,30.63,29.9,29.76,30.05,29.9,29.76,29.46,29.17
-4.5,29.17,29.46,28.74,29.46,29.46,29.32,28.59,28.88,28.59,28.44,28.59,28.59,28.3,28.3,28.3,28.3,28.15,27.43,28.01,27.57,27.43,27.57,27.72,27.57,27.28,27.28,27.43,27.13,26.84,26.99,26.99,27.13,26.7,26.7,26.55,26.41,26.26,26.26,25.97,25.97,26.26,26.41,26.41,25.97,25.97,25.97,26.11,26.11,25.97,25.82,25.68,25.68,25.53,25.39,25.24,25.24,25.09,25.09,25.09,25.09,24.8,24.95,24.8,24.8,24.8,24.8,24.8,25.09,24.8,24.66,24.37,24.51,24.07,24.37,24.22,24.51,24.51,24.66,24.95,24.66,25.24,25.53,25.39,25.53,25.24,24.8,24.95,24.66,25.24,24.66,25.09,25.09,24.66,24.51,24.66,24.22,23.49,22.62,20.72,99999.0,99999.0,99999.0,99999.0,99999.0,99999.0,99999.0,99999.0,99999.0,99999.0,99999.0,99999.0,99999.0,99999.0,99999.0,99999.0,99999.0,99999.0,99999.0,99999.0,99999.0,99999.0,99999.0,99999.0,99999.0,99999.0,99999.0,99999.0,99999.0,99999.0,99999.0,30.63,99999.0,99999.0,99999.0,99999.0,99999.0,99999.0,99999.0,99999.0,99999.0,99999.0,99999.0,28.3,27.86,27.86,27.43,27.13,27.28,27.13,27.13,27.13,26.99,26.84,26.84,26.84,26.55,26.55,26.41,26.55,26.55,26.55,26.55,26.55,26.55,26.41,26.41,26.26,26.41,26.41,26.41,26.41,25.82,25.97,26.11,26.26,26.7,26.84,26.99,27.13,27.13,27.43,27.86,27.86,27.72,28.15,28.44,28.44,28.44,29.61,28.88,29.03,28.88,99999.0,99999.0,99999.0,99999.0,99999.0,99999.0,99999.0,99999.0,99999.0,99999.0,99999.0,99999.0,99999.0,99999.0,99999.0,99999.0,99999.0,27.43,99999.0,99999.0,99999.0,99999.0,99999.0,99999.0,99999.0,99999.0,99999.0,27.13,28.15,27.57,26.99,27.86,27.57,28.3,28.01,28.44,28.01,28.15,28.59,29.03,28.88,28.88,29.17,28.74,28.15,28.01,28.44,28.44,28.01,28.15,28.44,28.3,28.3,28.59,28.74,28.59,29.03,29.17,29.03,28.88,28.59,29.03,28.88,28.88,28.74,28.44,28.74,29.03,28.74,29.32,29.32,29.03,29.76,29.17,29.61,28.88,29.32,29.17,29.46,29.32,28.88,29.9,29.32,29.46,29.32,29.46,29.46,29.46,28.74,29.76,29.9,99999.0,99999.0,99999.0,28.88,27.57,28.15,28.44,29.03,28.88,29.32,27.86,29.32,29.32,29.32,99999.0,29.17,30.05,30.78,99999.0,31.36,31.8,30.78,30.19,30.05,29.17,29.17,30.48,31.65,30.48,30.34,30.19,30.48,30.78,99999.0,99999.0,99999.0,99999.0,99999.0,99999.0,99999.0,99999.0,99999.0,30.48,30.34,30.34,29.61,31.36,29.9,30.34,31.8,30.78,30.34,30.34,30.78,30.92,30.48,30.92,30.92,30.92,31.07,30.92,30.48,30.63,30.63,30.63,30.63,30.34,30.34,30.19,30.05,29.76,30.34,30.34,29.9,29.76,29.03,29.32
-5.5,28.88,30.05,29.46,29.61,29.32,29.46,29.32,29.17,29.03,28.74,28.74,28.88,28.44,28.44,28.59,28.44,28.3,28.3,28.3,28.3,28.15,28.15,28.15,27.86,27.86,27.72,27.57,27.28,27.13,27.13,27.28,27.28,27.28,26.99,26.7,26.55,26.55,26.41,26.41,26.26,26.55,26.7,26.55,26.41,26.55,26.26,26.41,26.41,26.41,26.11,26.11,25.97,25.97,25.82,25.68,25.39,25.39,25.09,25.09,24.95,24.95,25.24,25.24,25.24,25.24,25.09,24.95,25.09,24.95,24.95,24.8,24.66,24.66,24.51,24.37,24.66,24.51,24.8,24.95,24.95,25.09,25.09,25.53,25.39,24.95,25.24,24.95,24.95,24.95,24.8,25.24,25.24,25.09,25.39,24.95,24.95,23.64,23.2,21.02,99999.0,99999.0,99999.0,99999.0,99999.0,99999.0,99999.0,99999.0,99999.0,99999.0,99999.0,99999.0,99999.0,99999.0,99999.0,99999.0,99999.0,99999.0,99999.0,99999.0,99999.0,99999.0,99999.0,99999.0,99999.0,99999.0,99999.0,99999.0,99999.0,99999.0,99999.0,99999.0,99999.0,99999.0,99999.0,99999.0,99999.0,99999.0,99999.0,99999.0,99999.0,99999.0,99999.0,99999.0,99999.0,99999.0,27.57,27.57,27.43,27.28,27.13,27.13,26.99,26.84,26.84,26.84,26.7,26.55,26.41,26.41,26.41,26.7,26.55,26.7,26.55,26.26,26.11,25.97,26.11,26.11,26.26,25.97,25.97,25.82,26.11,25.97,26.41,26.26,26.84,26.55,26.41,26.84,27.28,27.57,27.72,28.01,28.3,27.86,28.59,29.32,28.74,29.03,28.59,99999.0,99999.0,99999.0,99999.0,99999.0,99999.0,99999.0,99999.0,99999.0,99999.0,99999.0,99999.0,99999.0,99999.0,99999.0,99999.0,99999.0,29.03,99999.0,99999.0,99999.0,99999.0,99999.0,99999.0,99999.0,99999.0,99999.0,28.15,28.3,27.72,27.72,27.86,28.3,28.88,28.74,29.03,28.74,28.88,29.03,29.17,29.03,29.32,28.88,29.32,28.59,28.01,28.59,28.59,28.3,28.15,28.3,28.15,28.15,28.3,28.3,28.59,28.74,29.03,28.88,28.44,28.44,28.74,28.88,28.88,29.03,29.03,28.59,29.03,28.88,29.03,29.61,28.74,28.59,28.74,28.59,28.74,28.59,29.03,28.88,29.03,29.03,29.46,29.03,29.03,29.9,29.03,28.88,28.44,29.03,28.59,28.88,29.46,29.61,99999.0,99999.0,99999.0,28.15,28.59,28.59,28.88,29.03,28.3,29.17,99999.0,28.88,28.59,28.88,99999.0,30.48,30.78,30.05,30.05,29.03,29.9,30.63,29.46,29.61,29.17,29.61,29.9,29.9,30.19,99999.0,29.9,30.63,31.65,99999.0,99999.0,99999.0,99999.0,99999.0,99999.0,99999.0,99999.0,30.63,31.07,99999.0,99999.0,99999.0,31.21,31.94,31.5,31.07,29.9,30.78,31.65,31.07,28.59,29.76,31.07,30.19,30.78,30.63,30.63,30.48,30.78,30.48,30.63,29.76,30.05,30.19,30.05,30.05,30.48,30.34,30.63,29.61,29.76
-6.5,29.03,29.32,29.32,29.32,29.9,29.46,29.46,29.46,29.46,29.17,29.17,29.03,29.17,29.03,29.03,28.59,28.74,28.88,28.74,28.59,28.59,28.44,28.44,28.3,28.15,28.15,27.72,27.43,27.57,27.28,27.57,27.43,27.13,27.43,27.43,27.13,27.13,27.13,26.99,26.7,27.13,26.84,26.99,26.99,26.84,26.7,26.41,26.7,26.41,26.26,25.97,26.11,26.11,26.11,25.97,25.82,25.53,25.53,25.39,25.39,25.39,25.53,25.39,25.39,25.24,25.24,25.09,24.8,25.09,25.09,24.95,24.66,24.8,24.8,24.8,24.66,24.66,24.8,25.09,24.95,24.95,25.24,24.95,24.95,25.39,25.39,25.24,24.95,25.09,25.39,25.53,25.24,25.82,25.82,25.68,25.09,24.07,23.78,22.76,21.31,99999.0,99999.0,99999.0,99999.0,99999.0,99999.0,99999.0,99999.0,99999.0,99999.0,99999.0,99999.0,99999.0,99999.0,99999.0,99999.0,99999.0,99999.0,99999.0,99999.0,99999.0,99999.0,99999.0,99999.0,99999.0,99999.0,99999.0,99999.0,99999.0,99999.0,99999.0,99999.0,99999.0,99999.0,99999.0,99999.0,99999.0,99999.0,99999.0,99999.0,99999.0,99999.0,99999.0,99999.0,99999.0,27.86,27.72,27.57,27.43,27.28,27.13,27.13,27.13,26.99,26.84,26.84,26.7,26.41,26.41,26.41,26.26,26.41,26.11,25.97,26.11,25.82,25.97,25.82,25.97,25.97,25.97,25.82,25.82,25.82,25.97,25.97,26.26,26.11,26.41,26.55,26.55,26.84,26.99,27.13,27.72,27.72,28.15,28.88,28.44,29.61,28.88,28.59,99999.0,99999.0,99999.0,99999.0,99999.0,99999.0,99999.0,99999.0,99999.0,99999.0,99999.0,99999.0,99999.0,99999.0,99999.0,99999.0,99999.0,28.44,99999.0,99999.0,99999.0,99999.0,99999.0,99999.0,99999.0,99999.0,99999.0,28.01,28.59,28.74,28.88,29.46,29.61,29.46,29.9,29.76,29.17,29.32,28.74,29.61,29.76,29.76,29.03,29.9,28.3,28.15,28.01,28.3,28.59,28.15,28.44,27.72,28.01,28.44,28.3,28.44,28.3,28.59,28.74,28.74,28.3,28.74,28.44,28.44,28.44,28.74,28.15,28.59,28.88,29.17,29.32,28.74,29.17,28.3,28.15,28.15,28.44,28.59,28.44,28.59,29.46,29.32,28.74,29.17,28.88,29.03,29.32,28.74,29.32,29.46,29.17,29.76,30.05,31.36,99999.0,99999.0,99999.0,28.44,27.86,28.44,28.59,28.88,28.88,28.88,27.28,28.59,27.72,28.74,28.3,99999.0,30.19,29.46,29.61,29.46,29.03,28.44,28.88,28.01,28.44,29.46,29.61,30.05,32.23,29.46,30.19,30.19,31.07,99999.0,99999.0,99999.0,99999.0,99999.0,99999.0,99999.0,99999.0,99999.0,30.63,31.94,30.63,31.21,31.21,31.36,31.65,99999.0,30.63,31.8,31.8,28.3,99999.0,30.19,28.59,30.63,30.34,30.34,30.48,30.92,29.76,30.05,31.07,30.92,30.05,30.92,30.05,30.19,30.19,30.78,29.61,29.46
-7.5,29.03,29.76,29.9,30.05,30.19,29.76,29.76,29.76,29.61,29.61,29.46,29.46,29.76,29.46,29.32,29.03,29.17,28.88,28.74,28.59,28.44,28.74,28.59,28.59,28.59,28.3,28.44,28.01,27.86,28.01,27.86,27.86,27.43,27.72,27.86,27.86,27.86,27.72,27.43,27.43,27.28,27.28,27.13,27.13,26.84,26.84,26.7,26.55,26.26,26.26,26.26,26.26,26.26,26.11,26.26,26.11,25.82,25.68,25.82,25.82,25.68,25.53,25.39,25.24,25.53,25.39,25.09,25.24,25.09,25.09,24.8,24.8,24.8,24.95,24.95,24.66,24.66,24.8,24.95,25.09,24.8,24.8,24.8,25.09,24.95,25.39,25.09,25.09,25.24,25.68,25.39,25.39,25.68,25.68,25.68,24.8,25.09,24.66,23.64,22.33,99999.0,99999.0,99999.0,99999.0,99999.0,99999.0,99999.0,99999.0,99999.0,99999.0,99999.0,99999.0,99999.0,99999.0,99999.0,99999.0,99999.0,99999.0,99999.0,99999.0,99999.0,99999.0,99999.0,99999.0,99999.0,99999.0,99999.0,99999.0,99999.0,99999.0,99999.0,99999.0,99999.0,99999.0,99999.0,99999.0,99999.0,99999.0,99999.0,99999.0,99999.0,99999.0,99999.0,99999.0,99999.0,27.86,27.72,27.57,27.57,27.43,27.28,27.13,27.13,26.99,26.7,26.7,26.55,26.55,26.55,26.26,26.26,25.97,26.11,26.11,25.82,25.97,25.97,25.68,25.68,25.09,25.82,25.82,25.97,25.97,25.82,25.82,25.97,26.11,26.41,26.55,26.41,26.55,26.55,26.84,26.99,27.43,27.43,28.44,28.59,28.88,29.17,28.59,27.86,99999.0,99999.0,99999.0,99999.0,99999.0,99999.0,99999.0,99999.0,99999.0,99999.0,99999.0,99999.0,99999.0,99999.0,99999.0,99999.0,99999.0,27.72,99999.0,99999.0,99999.0,99999.0,99999.0,99999.0,99999.0,99999.0,28.3,29.03,28.88,29.76,29.9,30.34,29.9,29.76,29.46,30.34,29.61,29.17,29.32,29.17,29.03,29.32,28.88,28.59,27.72,27.28,28.15,28.01,28.01,28.15,27.57,27.72,28.74,29.32,28.44,28.15,28.15,28.44,28.01,28.15,28.74,28.74,28.59,27.86,28.44,28.01,28.59,29.03,29.17,29.32,28.74,28.44,28.15,28.59,29.32,29.76,29.17,28.44,28.74,29.03,30.05,29.46,28.88,28.59,28.88,28.59,28.74,29.32,28.74,29.32,29.76,29.17,28.59,29.61,99999.0,99999.0,99999.0,99999.0,99999.0,99999.0,29.17,28.74,29.03,29.03,28.3,28.44,28.15,28.44,29.61,29.9,29.32,29.32,29.61,28.44,29.9,29.46,29.46,28.88,99999.0,29.61,29.46,29.46,29.76,30.05,30.19,99999.0,99999.0,99999.0,99999.0,99999.0,99999.0,99999.0,99999.0,99999.0,99999.0,30.92,30.05,30.48,31.07,31.36,99999.0,32.23,32.09,31.94,31.5,30.63,30.48,31.36,30.19,30.48,30.05,31.07,30.34,30.78,30.92,30.34,30.34,31.5,30.78,30.34,30.19,30.19,30.34,31.07,30.48,29.9,29.9
-8.5,29.76,30.19,29.46,29.61,29.9,29.17,29.61,29.61,29.46,29.76,29.76,29.76,29.46,29.61,29.76,29.32,29.32,29.61,29.17,29.03,28.88,29.03,28.59,29.03,28.74,29.03,28.74,28.59,28.3,28.3,28.3,28.44,28.3,28.44,28.15,28.15,28.01,28.01,27.86,27.72,27.57,27.57,27.43,27.13,26.99,26.84,26.7,26.7,26.55,26.41,26.41,26.26,26.41,26.26,26.41,26.41,26.26,26.11,26.26,25.97,25.68,25.39,25.82,25.53,25.39,25.09,25.24,25.24,25.39,24.95,24.95,24.8,24.66,24.95,24.8,24.8,24.95,24.8,24.8,24.95,24.95,25.09,25.09,25.24,25.24,25.09,25.09,24.95,25.09,25.24,25.24,25.53,25.39,25.68,25.82,25.53,25.53,24.95,24.66,23.93,22.62,99999.0,99999.0,99999.0,99999.0,99999.0,99999.0,99999.0,99999.0,99999.0,99999.0,99999.0,99999.0,99999.0,99999.0,99999.0,99999.0,99999.0,99999.0,99999.0,99999.0,99999.0,99999.0,99999.0,99999.0,99999.0,99999.0,99999.0,99999.0,99999.0,99999.0,99999.0,99999.0,99999.0,99999.0,99999.0,99999.0,99999.0,99999.0,99999.0,99999.0,99999.0,99999.0,99999.0,99999.0,27.72,27.72,27.86,27.72,27.43,27.43,27.28,27.28,27.13,26.84,26.7,26.55,26.41,26.41,26.26,26.11,26.11,25.97,25.97,25.82,25.82,25.68,25.68,25.68,25.53,25.68,25.53,25.68,25.53,25.68,25.82,25.82,25.82,26.11,25.97,25.97,25.82,26.41,26.41,26.7,27.13,27.86,28.3,28.44,28.74,28.74,29.17,28.01,99999.0,99999.0,99999.0,99999.0,99999.0,99999.0,99999.0,99999.0,99999.0,99999.0,99999.0,99999.0,99999.0,30.63,99999.0,99999.0,99999.0,28.44,99999.0,99999.0,99999.0,99999.0,99999.0,99999.0,99999.0,99999.0,28.01,29.32,29.61,30.05,30.05,30.05,30.19,29.76,29.32,29.17,29.32,29.32,29.32,29.76,28.74,29.17,29.03,28.74,28.74,28.01,28.15,27.86,28.01,28.44,28.59,28.74,28.88,29.46,29.03,28.59,28.59,28.3,27.86,28.01,29.17,29.03,29.03,28.88,28.59,28.74,29.17,28.88,29.17,29.03,28.59,28.74,28.3,28.01,28.59,28.74,29.03,29.03,29.32,30.34,29.76,28.88,29.03,28.88,29.03,28.74,29.03,28.74,29.03,29.32,28.74,28.59,29.17,29.32,30.63,30.19,28.74,30.48,30.63,29.61,29.03,99999.0,28.44,99999.0,99999.0,99999.0,28.3,99999.0,29.32,99999.0,29.9,29.9,28.59,99999.0,30.05,29.76,29.76,29.46,29.32,29.9,29.46,29.61,29.32,29.03,28.74,29.46,30.19,99999.0,99999.0,99999.0,30.19,30.19,30.05,99999.0,99999.0,31.5,99999.0,30.63,28.88,30.48,29.76,99999.0,30.05,33.4,29.46,31.8,31.21,30.48,30.63,31.07,31.65,30.34,30.19,30.63,30.48,29.9,30.63,30.05,31.65,30.05,30.19,30.48,30.48,30.34,31.65,30.48,30.05
-9.5,30.19,30.92,29.46,29.32,29.9,29.46,29.17,29.76,29.61,29.46,29.61,29.46,29.9,29.76,29.76,29.9,29.61,29.61,29.46,29.32,29.17,29.32,29.32,29.03,28.88,29.03,29.03,28.88,28.59,28.44,28.74,28.59,28.59,28.59,28.59,28.44,28.44,28.44,28.44,28.15,27.86,27.72,27.57,27.57,27.43,27.28,27.13,26.99,27.28,27.13,26.7,26.84,26.55,26.41,26.55,26.55,26.26,26.26,26.26,25.97,25.82,25.68,25.68,25.68,25.39,25.39,25.24,25.09,25.09,25.09,25.09,24.51,24.8,24.8,24.66,24.51,24.8,24.8,24.8,25.09,24.95,24.8,25.09,25.24,24.95,24.8,24.66,24.8,24.8,24.8,25.09,25.24,25.24,25.24,25.39,25.39,25.39,25.09,24.95,24.51,23.35,19.7,99999.0,99999.0,99999.0,99999.0,99999.0,99999.0,99999.0,99999.0,99999.0,99999.0,99999.0,99999.0,99999.0,99999.0,99999.0,99999.0,99999.0,99999.0,99999.0,99999.0,99999.0,99999.0,99999.0,99999.0,99999.0,99999.0,99999.0,99999.0,99999.0,99999.0,99999.0,99999.0,99999.0,99999.0,99999.0,99999.0,99999.0,99999.0,99999.0,99999.0,99999.0,99999.0,27.72,27.86,28.01,27.86,27.72,27.43,27.28,27.43,27.13,27.13,26.99,26.99,26.55,26.41,26.26,26.26,25.97,25.97,25.97,25.97,25.82,25.82,25.39,25.68,25.82,25.39,25.39,25.24,25.53,25.24,25.53,25.53,25.39,25.53,25.39,25.39,25.53,25.68,25.82,25.68,26.11,26.84,27.13,27.86,28.59,28.44,28.59,28.88,28.44,99999.0,99999.0,99999.0,99999.0,99999.0,99999.0,99999.0,99999.0,99999.0,99999.0,99999.0,99999.0,99999.0,99999.0,99999.0,99999.0,99999.0,99999.0,99999.0,99999.0,99999.0,99999.0,99999.0,99999.0,99999.0,99999.0,99999.0,29.03,29.32,29.46,30.05,29.76,29.76,29.9,29.46,29.03,29.03,28.88,29.9,29.76,29.17,30.05,29.03,29.61,29.46,28.44,28.88,28.3,28.15,29.61,29.32,28.74,29.03,29.61,29.03,29.17,29.17,29.32,29.03,28.59,28.59,29.17,29.03,30.34,28.74,28.88,29.46,30.34,29.32,29.17,29.61,28.74,28.88,29.03,29.03,28.74,28.74,29.76,28.88,29.32,30.19,28.74,28.88,29.17,28.88,29.17,29.32,29.32,29.61,29.61,29.32,29.03,28.74,29.76,29.46,29.17,30.34,29.61,28.88,29.03,30.19,30.34,29.9,30.48,29.32,29.9,99999.0,29.61,29.61,29.76,29.61,99999.0,30.48,29.32,29.32,29.61,29.46,28.74,28.59,29.32,29.03,29.17,29.17,27.86,29.03,29.03,29.46,30.34,29.46,29.17,29.46,30.05,29.03,29.32,99999.0,99999.0,29.03,99999.0,30.19,31.07,30.63,30.63,30.34,31.07,30.34,31.07,30.19,30.63,30.92,31.07,30.48,30.48,29.9,29.76,30.63,30.48,30.63,30.05,30.05,31.07,30.92,31.36,31.36,30.05,30.34,29.76,30.78
-10.5,29.32,30.05,29.76,29.76,29.46,30.34,30.05,30.05,30.05,29.76,30.05,29.9,30.34,30.05,29.32,29.61,29.46,29.46,29.46,29.76,29.61,29.61,29.32,29.32,29.17,29.03,29.32,29.32,29.17,29.03,28.88,29.03,28.74,28.74,28.74,28.59,28.59,28.44,28.44,28.3,28.15,28.01,27.86,27.72,27.57,27.43,27.13,27.28,27.43,27.28,26.99,26.99,26.84,26.55,26.84,26.55,26.7,26.55,26.41,26.26,26.11,26.11,25.97,25.68,25.68,25.53,25.53,25.39,25.24,24.95,25.09,24.8,24.8,24.8,24.8,24.37,24.51,24.37,24.66,24.66,24.8,24.66,24.66,24.51,24.66,24.37,24.22,24.37,24.66,24.8,24.8,24.95,25.09,24.95,25.53,25.39,25.68,25.53,25.24,24.95,24.51,22.33,99999.0,99999.0,99999.0,99999.0,99999.0,99999.0,99999.0,99999.0,99999.0,99999.0,99999.0,99999.0,99999.0,99999.0,99999.0,99999.0,99999.0,99999.0,99999.0,99999.0,99999.0,99999.0,99999.0,99999.0,99999.0,99999.0,99999.0,99999.0,99999.0,99999.0,99999.0,99999.0,99999.0,99999.0,99999.0,99999.0,99999.0,99999.0,99999.0,99999.0,99999.0,27.72,27.86,27.72,27.72,27.86,27.43,27.28,27.28,26.99,26.84,26.84,26.99,26.7,26.7,26.55,26.11,26.11,25.97,26.11,25.82,25.68,25.68,25.53,25.39,25.53,25.53,25.39,25.24,25.39,25.24,25.39,25.24,25.24,25.09,25.24,25.39,25.39,25.39,25.53,25.39,25.82,26.11,25.82,26.11,26.55,27.13,28.01,27.72,27.86,28.44,26.11,99999.0,99999.0,99999.0,99999.0,99999.0,99999.0,99999.0,99999.0,99999.0,99999.0,99999.0,99999.0,99999.0,99999.0,99999.0,99999.0,99999.0,99999.0,99999.0,99999.0,29.9,99999.0,99999.0,99999.0,99999.0,99999.0,29.46,29.9,29.76,29.9,29.46,29.76,29.46,29.9,29.32,29.17,29.17,29.61,29.46,30.19,30.19,29.17,30.19,28.59,29.32,29.03,29.32,29.17,28.88,29.9,29.9,29.76,29.76,29.32,29.03,29.46,30.34,29.9,29.76,29.9,29.61,29.17,29.32,30.05,29.46,28.74,29.32,29.76,29.46,28.59,28.88,28.15,28.88,28.88,28.74,28.74,28.3,28.59,28.15,29.17,29.03,28.88,29.17,29.17,29.32,29.32,29.76,29.46,29.61,29.76,29.17,29.17,29.61,29.03,29.32,29.61,29.61,29.03,29.03,29.76,28.74,99999.0,30.19,29.46,30.05,28.74,29.17,29.03,28.88,29.46,29.61,30.05,29.61,30.05,30.05,29.17,28.74,28.15,29.32,29.61,28.88,29.46,28.59,28.74,99999.0,28.74,28.88,28.59,28.15,28.88,27.72,29.9,30.05,29.76,29.9,99999.0,99999.0,28.88,31.65,30.48,30.48,30.92,31.21,31.21,30.78,30.92,31.65,31.5,31.07,31.07,31.07,30.92,29.76,30.05,29.9,30.05,29.9,30.05,30.48,30.92,30.63,31.36,31.5,30.78,31.8,30.63
-11.5,30.19,30.34,30.78,30.19,30.19,29.76,29.9,29.9,30.05,29.9,29.61,29.61,30.19,30.34,29.32,29.61,29.46,29.9,29.46,29.61,29.46,29.32,29.03,29.17,29.46,29.17,29.17,29.03,29.03,29.03,29.17,29.17,28.88,28.88,28.74,28.74,28.74,28.59,28.44,28.59,28.44,28.15,28.15,28.15,28.01,27.86,27.72,27.28,27.43,27.28,27.13,26.99,26.99,26.84,26.84,26.7,26.55,26.41,26.55,26.41,26.26,26.11,26.11,25.82,25.82,25.68,25.53,25.53,25.39,25.24,24.95,24.8,24.66,24.51,24.51,24.37,24.37,24.07,24.37,24.37,24.51,24.66,24.37,24.22,24.66,24.51,24.37,24.07,24.22,24.8,24.66,24.66,25.09,25.09,25.53,25.39,25.09,25.68,25.97,24.95,24.66,23.78,22.18,99999.0,99999.0,99999.0,99999.0,99999.0,99999.0,99999.0,99999.0,99999.0,99999.0,99999.0,99999.0,99999.0,99999.0,99999.0,99999.0,99999.0,99999.0,99999.0,99999.0,99999.0,99999.0,99999.0,99999.0,99999.0,99999.0,99999.0,99999.0,99999.0,99999.0,99999.0,99999.0,99999.0,99999.0,99999.0,99999.0,99999.0,99999.0,99999.0,30.78,27.43,27.57,27.72,27.72,27.57,27.57,27.28,26.99,26.84,26.84,26.84,26.55,26.55,26.7,26.41,26.11,25.82,25.82,25.82,25.82,25.68,25.39,25.39,25.24,25.39,25.24,25.09,25.24,24.95,24.8,25.24,25.24,25.09,24.95,25.39,25.24,25.09,25.24,25.39,25.39,24.95,25.24,25.68,26.41,26.7,27.13,27.57,27.72,28.01,28.15,26.11,99999.0,99999.0,99999.0,99999.0,99999.0,99999.0,99999.0,99999.0,99999.0,99999.0,99999.0,99999.0,99999.0,99999.0,99999.0,99999.0,99999.0,99999.0,99999.0,99999.0,29.32,99999.0,99999.0,99999.0,99999.0,99999.0,29.46,29.61,29.61,30.05,29.9,30.05,29.9,29.46,29.03,29.32,28.88,28.88,29.61,29.61,29.76,29.76,30.19,30.05,29.03,29.46,29.32,28.88,29.46,29.9,29.46,29.76,29.61,30.05,29.76,29.03,30.19,30.34,29.61,29.46,29.17,29.9,31.21,29.46,29.03,29.61,29.9,29.17,29.46,28.74,28.88,28.59,28.59,28.59,28.59,28.74,28.44,28.74,28.74,28.44,28.88,28.74,28.74,29.03,29.61,29.76,29.76,29.9,29.03,28.88,28.74,28.44,29.32,29.17,29.03,29.17,28.3,28.74,29.32,29.76,29.9,28.88,29.17,28.01,28.88,29.61,29.61,28.74,29.76,29.76,29.46,29.32,28.74,30.34,30.05,30.05,99999.0,30.34,32.09,29.9,29.76,27.86,29.17,28.88,29.17,28.59,28.74,29.46,99999.0,28.44,28.15,29.17,30.19,28.74,29.32,30.92,28.88,30.05,99999.0,99999.0,31.36,31.07,30.19,30.78,31.5,30.63,30.48,30.92,31.36,30.63,31.36,31.07,31.21,30.92,30.34,30.34,30.05,30.05,29.76,30.19,30.48,30.34,30.78,30.78,30.78,30.34
-12.5,29.32,30.34,30.19,30.05,30.48,30.48,29.9,30.05,29.9,29.46,29.61,30.05,29.9,29.9,29.9,29.9,29.61,29.46,29.46,29.61,29.03,29.03,29.03,29.46,29.32,29.03,28.88,29.03,29.03,28.88,29.03,28.88,29.03,29.03,28.88,28.74,28.74,28.74,28.59,28.44,28.15,28.15,28.3,28.15,28.01,27.86,27.86,27.72,27.72,27.43,27.13,27.28,26.99,26.84,26.84,26.84,26.7,26.55,26.41,26.41,26.26,26.11,25.97,25.97,25.82,25.68,25.53,25.53,25.39,25.09,24.95,24.8,24.8,24.37,24.51,24.22,24.22,24.22,24.07,24.37,24.07,24.07,24.07,24.66,24.37,24.07,24.37,24.22,24.07,24.22,24.37,24.22,24.51,24.66,24.8,24.95,25.39,25.39,25.53,24.8,24.22,24.22,21.89,99999.0,99999.0,99999.0,99999.0,99999.0,99999.0,99999.0,99999.0,99999.0,99999.0,99999.0,99999.0,99999.0,99999.0,99999.0,99999.0,99999.0,99999.0,99999.0,99999.0,99999.0,99999.0,99999.0,99999.0,99999.0,99999.0,99999.0,99999.0,99999.0,99999.0,99999.0,99999.0,99999.0,99999.0,99999.0,99999.0,99999.0,99999.0,99999.0,27.43,27.72,27.43,27.72,27.57,27.43,27.43,26.99,26.84,26.7,26.55,26.55,26.55,26.26,26.41,26.41,26.11,25.82,25.82,25.82,25.68,25.39,25.39,25.24,25.09,24.95,24.95,24.95,24.95,24.8,24.66,24.66,24.95,24.8,24.95,24.95,24.8,24.95,24.66,24.95,24.8,24.66,25.24,25.68,25.97,26.99,27.13,27.43,27.13,27.57,27.72,99999.0,99999.0,99999.0,99999.0,99999.0,99999.0,99999.0,99999.0,99999.0,99999.0,99999.0,99999.0,99999.0,99999.0,99999.0,99999.0,99999.0,99999.0,99999.0,99999.0,99999.0,28.59,99999.0,99999.0,99999.0,99999.0,99999.0,30.05,29.61,29.46,29.76,29.61,29.9,30.19,29.9,29.76,30.05,29.17,29.03,30.48,29.9,29.61,29.76,29.46,29.32,28.74,29.17,29.03,28.88,29.46,29.9,29.61,29.46,29.46,29.61,29.03,29.61,28.88,29.03,29.32,29.17,29.61,29.76,29.46,30.05,29.61,29.61,29.17,28.44,28.74,29.76,28.3,28.59,28.3,28.3,28.15,28.3,28.44,28.88,28.01,28.74,28.44,28.44,28.74,28.74,29.03,29.03,29.17,29.17,29.17,29.32,28.88,29.17,28.88,28.88,28.59,28.74,28.3,28.44,28.88,29.17,29.46,30.05,29.03,29.9,29.76,29.32,30.63,30.34,29.61,28.88,29.9,29.9,29.46,30.63,31.94,32.96,30.78,99999.0,99999.0,99999.0,99999.0,99999.0,99999.0,29.61,30.48,29.76,29.03,29.03,99999.0,29.46,29.32,28.59,29.03,28.01,27.86,28.74,29.17,30.48,30.05,29.17,30.48,29.9,30.05,30.34,30.63,30.19,30.78,31.5,30.63,30.63,30.19,30.48,31.21,30.34,30.19,29.76,29.76,30.19,30.05,30.19,29.9,30.19,30.34,30.19,30.05,30.05
-13.5,29.76,29.61,29.61,30.48,31.07,30.19,30.34,99999.0,30.34,29.46,29.76,30.34,30.05,29.76,29.61,29.61,29.76,29.46,29.76,29.9,29.46,29.32,28.88,29.03,29.03,28.88,28.88,28.59,28.74,28.88,28.88,28.74,28.74,29.03,28.88,29.17,28.74,28.74,28.74,28.44,28.44,28.01,28.15,28.15,28.01,28.01,28.01,27.72,27.72,27.57,27.28,27.28,27.13,27.13,26.99,26.99,26.84,26.55,26.41,26.41,26.26,26.11,25.97,25.82,25.82,25.68,25.53,25.24,25.39,25.09,24.95,24.66,24.66,24.66,24.51,24.37,24.07,23.93,24.07,23.78,23.93,24.07,24.07,24.07,23.78,23.93,23.93,23.78,23.93,23.93,23.93,23.93,23.93,24.22,24.51,24.51,25.09,25.39,25.09,24.8,24.8,24.37,22.76,21.89,99999.0,99999.0,99999.0,99999.0,99999.0,99999.0,99999.0,99999.0,99999.0,99999.0,99999.0,99999.0,99999.0,99999.0,99999.0,99999.0,99999.0,99999.0,99999.0,99999.0,99999.0,99999.0,99999.0,99999.0,99999.0,99999.0,99999.0,99999.0,99999.0,99999.0,99999.0,99999.0,99999.0,99999.0,99999.0,99999.0,99999.0,27.43,27.57,27.57,27.57,27.57,27.72,27.72,27.43,27.13,26.99,26.84,26.7,26.41,26.55,26.26,26.11,25.82,25.97,25.97,25.82,25.53,25.24,25.24,24.95,25.09,25.09,24.8,24.66,24.95,24.66,24.37,24.37,24.51,24.37,24.66,24.51,24.66,24.66,24.8,24.8,24.8,24.95,24.8,24.8,25.09,25.97,27.43,26.99,27.13,27.28,26.41,24.95,99999.0,99999.0,99999.0,99999.0,99999.0,99999.0,99999.0,99999.0,99999.0,99999.0,99999.0,99999.0,99999.0,99999.0,99999.0,99999.0,99999.0,99999.0,99999.0,99999.0,99999.0,29.76,99999.0,99999.0,99999.0,99999.0,99999.0,29.76,29.76,29.46,29.17,29.61,29.61,29.9,30.19,99999.0,99999.0,29.17,29.46,29.46,29.9,29.61,29.46,29.46,28.88,28.74,28.74,28.59,29.03,29.17,29.03,29.17,29.76,28.44,29.17,28.88,28.3,28.74,28.74,28.88,29.03,29.32,29.17,29.9,29.61,29.32,28.59,28.74,28.88,28.44,28.88,28.3,28.44,28.3,28.44,28.59,28.3,28.01,28.15,28.15,28.15,28.15,28.15,28.01,28.15,28.3,28.59,28.74,28.44,29.32,28.59,28.74,28.88,29.61,29.03,28.88,28.59,29.17,28.74,28.88,28.59,30.19,30.19,29.32,31.21,29.9,30.48,29.32,30.48,30.63,29.61,30.34,29.61,30.48,31.65,31.5,31.65,99999.0,99999.0,99999.0,99999.0,99999.0,99999.0,32.23,30.48,29.9,29.17,29.03,28.88,99999.0,30.34,29.17,29.03,28.59,28.15,29.61,28.15,29.61,29.46,29.61,30.05,29.61,30.19,30.05,29.03,29.46,29.32,30.34,30.05,30.34,30.48,29.9,30.34,30.19,29.9,29.46,29.17,29.32,29.17,30.05,29.61,29.61,30.19,29.9,30.05,30.05,30.34
-14.5,30.63,30.92,30.92,30.92,30.19,30.48,30.05,29.9,30.19,30.19,29.9,30.19,29.9,29.76,29.32,29.03,29.17,28.88,29.17,29.61,29.32,29.03,29.32,28.59,28.59,29.03,29.03,28.88,28.88,28.74,29.03,28.59,28.44,28.88,29.03,28.88,28.74,28.74,28.88,28.88,28.74,28.44,28.3,28.15,28.01,27.86,28.01,27.86,27.86,27.72,27.72,27.57,27.28,26.99,26.99,26.99,26.84,26.7,26.7,26.41,26.26,25.97,25.97,25.82,25.53,25.68,25.39,25.39,25.24,25.39,25.09,25.09,24.66,24.66,24.37,24.37,24.07,24.07,23.93,23.93,23.78,23.93,23.78,23.64,23.64,23.93,23.78,23.78,23.64,23.64,23.64,24.07,24.07,23.93,23.93,24.66,24.51,23.93,24.66,24.95,24.8,23.49,23.35,20.87,99999.0,99999.0,99999.0,99999.0,99999.0,99999.0,99999.0,99999.0,99999.0,99999.0,99999.0,99999.0,99999.0,99999.0,99999.0,99999.0,99999.0,99999.0,99999.0,99999.0,99999.0,99999.0,99999.0,99999.0,99999.0,99999.0,99999.0,99999.0,99999.0,99999.0,99999.0,99999.0,99999.0,99999.0,99999.0,99999.0,99999.0,27.72,27.72,27.57,27.43,27.43,27.43,27.28,27.13,27.28,26.99,26.7,26.55,26.41,26.41,26.11,25.97,26.11,25.97,25.97,25.82,25.53,25.09,25.09,24.95,24.8,24.66,24.8,24.8,24.66,24.51,24.37,24.22,24.07,24.22,24.37,24.37,24.37,24.51,24.8,24.66,24.51,24.66,24.51,24.8,24.95,25.82,25.97,26.41,25.68,25.24,25.24,99999.0,99999.0,99999.0,99999.0,99999.0,99999.0,99999.0,99999.0,99999.0,99999.0,99999.0,99999.0,99999.0,99999.0,99999.0,99999.0,99999.0,99999.0,99999.0,99999.0,99999.0,99999.0,99999.0,99999.0,99999.0,99999.0,99999.0,99999.0,99999.0,29.46,29.32,29.32,30.19,30.05,29.17,30.05,99999.0,99999.0,29.46,29.61,30.19,29.76,29.76,29.61,29.03,28.59,28.74,28.44,29.17,29.32,29.32,28.88,29.32,29.17,28.88,28.59,28.15,28.15,28.3,28.59,28.44,29.03,28.88,28.3,28.74,29.03,28.44,28.15,28.59,28.44,27.86,28.01,27.57,28.15,28.15,27.72,28.01,28.59,28.01,27.72,27.86,27.86,27.86,27.86,27.72,28.15,28.3,28.15,28.01,28.01,27.72,28.59,28.74,29.03,28.74,28.74,28.74,28.15,28.44,27.72,28.15,29.61,29.46,30.05,31.07,30.34,30.19,30.05,29.76,29.46,29.9,30.63,30.78,99999.0,99999.0,99999.0,32.09,33.4,99999.0,99999.0,99999.0,99999.0,99999.0,32.52,30.92,30.34,30.34,29.61,31.5,29.61,99999.0,99999.0,99999.0,29.32,29.17,29.17,28.59,29.03,29.17,29.03,29.46,29.03,29.46,28.88,28.88,28.88,28.88,29.9,30.19,30.05,29.9,30.05,29.9,29.9,30.48,29.17,29.17,29.46,28.74,29.46,29.46,29.46,29.9,29.46,29.61,29.61,29.76,30.19
-15.5,30.48,28.59,29.9,29.9,30.19,31.5,30.05,30.34,30.19,30.05,29.76,29.76,29.9,29.61,29.17,28.88,28.59,28.44,28.88,28.44,28.88,28.59,28.44,28.74,28.59,28.88,28.74,28.74,28.59,29.03,28.74,28.59,28.59,28.74,28.15,28.88,28.88,28.59,28.88,28.59,28.44,28.44,28.44,28.3,28.15,28.15,28.01,27.86,27.86,27.72,27.72,27.57,27.28,26.99,26.99,26.99,26.99,26.99,26.55,26.41,26.26,25.97,25.68,25.97,25.82,25.53,25.39,25.39,25.24,25.09,24.95,24.8,24.66,24.51,24.37,24.37,24.22,23.93,24.07,23.93,23.93,23.64,23.64,23.49,23.64,23.49,23.49,23.49,23.49,23.78,23.49,23.35,23.78,24.07,23.93,24.37,24.07,23.78,24.8,24.66,24.8,24.22,23.78,23.78,21.31,99999.0,99999.0,99999.0,99999.0,99999.0,16.79,99999.0,99999.0,99999.0,99999.0,99999.0,99999.0,99999.0,99999.0,99999.0,99999.0,99999.0,99999.0,99999.0,99999.0,99999.0,99999.0,99999.0,99999.0,99999.0,99999.0,99999.0,99999.0,99999.0,99999.0,99999.0,99999.0,99999.0,99999.0,99999.0,99999.0,27.43,27.57,27.43,27.57,27.28,27.43,27.13,27.28,27.28,26.99,26.7,26.55,26.41,26.41,26.11,26.11,25.97,25.97,25.82,25.53,25.39,25.39,25.24,24.95,24.8,24.8,24.66,24.51,24.37,24.51,24.22,24.37,24.07,23.93,24.22,24.22,24.51,24.37,24.37,24.51,24.37,24.07,24.37,24.22,24.37,25.24,24.37,25.09,25.24,24.66,23.35,99999.0,99999.0,99999.0,99999.0,99999.0,99999.0,99999.0,99999.0,99999.0,99999.0,99999.0,99999.0,99999.0,99999.0,99999.0,99999.0,99999.0,99999.0,99999.0,99999.0,99999.0,99999.0,99999.0,99999.0,99999.0,99999.0,99999.0,99999.0,28.01,29.76,30.19,29.46,29.9,29.61,99999.0,99999.0,99999.0,99999.0,28.15,29.61,30.05,29.9,29.17,28.88,28.44,28.59,28.59,28.59,28.59,29.17,28.88,29.03,29.32,28.88,28.59,28.3,27.43,27.57,27.57,27.72,28.01,27.86,27.86,28.01,28.3,27.86,27.72,28.3,28.3,28.15,27.43,27.43,26.99,27.28,26.99,27.43,27.43,28.01,27.72,27.86,27.72,27.28,27.57,27.72,27.72,26.99,27.13,27.13,27.57,27.57,27.28,28.15,28.15,28.59,28.3,28.01,28.15,28.59,28.44,28.74,28.88,29.17,30.05,30.34,30.63,29.76,30.78,30.48,30.05,30.34,29.61,30.78,99999.0,99999.0,99999.0,99999.0,99999.0,99999.0,99999.0,99999.0,99999.0,99999.0,99999.0,99999.0,32.38,30.63,30.63,30.34,30.19,99999.0,99999.0,99999.0,99999.0,29.46,28.88,29.03,29.03,30.05,29.17,29.32,29.03,28.88,29.03,29.03,29.17,29.03,29.17,29.17,29.61,30.05,29.76,29.61,29.32,29.03,29.76,29.46,29.03,29.46,29.03,29.17,29.17,29.03,29.9,29.17,29.46,29.76,29.76,30.19
-16.5,29.9,29.61,29.61,29.9,29.76,30.63,30.63,30.05,30.05,29.61,29.17,29.46,29.32,29.17,29.32,29.03,28.88,28.44,28.3,28.59,28.44,28.59,28.44,28.59,28.44,28.3,28.59,28.59,28.59,28.88,28.88,28.59,28.74,28.3,28.88,28.74,28.74,28.88,28.74,28.44,28.44,28.44,28.15,28.15,28.01,27.86,28.15,28.01,27.86,27.72,27.57,27.43,27.43,27.13,27.28,27.28,26.99,26.84,26.7,26.41,26.41,25.97,26.11,25.68,25.82,25.39,25.39,25.24,25.24,25.09,24.95,24.8,24.51,24.51,24.37,24.37,24.22,24.07,24.07,23.93,23.93,23.78,23.64,23.64,23.49,23.35,23.2,23.2,23.49,23.35,23.2,23.2,23.35,23.49,23.49,23.64,23.78,23.64,24.37,24.37,23.78,23.78,24.07,24.22,23.78,22.76,21.74,99999.0,99999.0,99999.0,99999.0,99999.0,99999.0,99999.0,99999.0,99999.0,99999.0,99999.0,99999.0,99999.0,99999.0,99999.0,99999.0,99999.0,99999.0,99999.0,99999.0,99999.0,99999.0,99999.0,99999.0,99999.0,99999.0,99999.0,99999.0,99999.0,99999.0,99999.0,99999.0,99999.0,99999.0,26.84,27.57,27.57,27.57,27.43,27.28,27.13,26.99,27.28,26.84,26.84,26.7,26.55,26.26,26.26,26.11,25.97,25.68,25.53,25.39,25.53,25.39,25.24,24.95,24.95,24.8,24.51,24.37,24.37,24.22,24.22,24.22,23.93,24.07,24.07,23.93,24.07,23.93,24.07,24.22,24.07,24.22,24.07,24.07,23.78,24.37,23.64,24.51,24.37,22.62,21.16,99999.0,99999.0,99999.0,99999.0,99999.0,99999.0,99999.0,99999.0,99999.0,99999.0,99999.0,99999.0,99999.0,99999.0,99999.0,99999.0,29.9,99999.0,99999.0,99999.0,99999.0,99999.0,99999.0,99999.0,99999.0,99999.0,99999.0,99999.0,28.74,29.9,29.32,29.76,99999.0,99999.0,99999.0,99999.0,99999.0,99999.0,29.32,28.59,30.34,29.17,29.17,28.59,28.44,28.74,28.3,28.59,28.3,28.15,28.44,28.88,28.74,28.15,27.72,27.28,26.99,27.13,27.13,27.86,27.57,27.72,27.43,26.99,27.13,27.57,27.86,27.72,27.57,27.57,27.13,26.84,26.84,26.84,27.13,27.28,27.43,27.43,27.72,26.99,26.84,26.26,26.55,26.84,26.55,26.41,26.7,27.13,26.84,26.7,26.7,27.43,27.72,27.13,27.43,27.13,27.43,28.01,27.57,28.3,28.74,29.17,29.76,30.19,30.34,30.19,30.19,30.34,30.92,30.05,31.21,99999.0,99999.0,99999.0,99999.0,99999.0,99999.0,99999.0,99999.0,99999.0,99999.0,99999.0,99999.0,99999.0,99999.0,99999.0,31.94,31.36,30.19,99999.0,99999.0,99999.0,99999.0,30.78,29.61,29.03,29.46,28.59,29.17,28.88,28.74,28.74,29.03,29.17,28.88,28.74,28.88,29.17,29.76,29.46,29.32,29.32,28.88,29.46,29.46,30.63,28.3,28.88,29.03,29.32,29.17,29.03,29.32,29.03,29.17,29.03,30.05,99999.0
-17.5,30.92,30.34,29.46,28.74,29.32,30.34,30.05,30.19,30.05,29.61,29.03,28.44,29.32,28.74,28.74,28.59,28.44,28.15,28.3,28.15,28.3,28.74,28.3,28.3,28.3,28.3,28.44,28.44,28.3,28.88,99999.0,28.44,28.74,28.44,28.59,28.88,28.74,28.88,28.59,28.59,28.74,28.74,28.88,29.32,28.74,28.3,27.86,28.01,28.15,27.86,28.01,27.86,27.28,27.57,27.72,27.57,26.84,26.7,26.99,26.41,26.26,25.97,25.97,25.97,25.82,25.68,25.39,25.39,25.39,25.24,25.09,24.8,24.8,24.51,24.51,24.37,24.37,24.22,24.22,23.93,23.93,23.64,23.49,23.35,23.49,23.35,23.35,23.2,23.2,22.91,23.2,23.2,23.2,23.49,23.49,23.2,23.2,23.78,23.93,23.78,23.35,23.35,23.49,23.93,24.66,24.95,24.51,23.78,21.16,99999.0,99999.0,99999.0,99999.0,99999.0,99999.0,99999.0,99999.0,99999.0,99999.0,99999.0,99999.0,99999.0,99999.0,99999.0,99999.0,99999.0,99999.0,99999.0,99999.0,99999.0,99999.0,99999.0,99999.0,99999.0,99999.0,99999.0,99999.0,99999.0,99999.0,99999.0,99999.0,27.28,27.57,27.57,27.72,27.28,27.13,27.13,26.99,26.99,26.84,26.7,26.55,26.41,26.26,26.11,25.97,25.97,25.82,25.53,25.53,25.39,25.09,25.09,25.09,25.09,24.8,24.66,24.37,24.66,24.22,24.07,24.07,24.22,24.07,24.07,24.07,23.78,23.78,23.49,23.93,23.93,23.93,23.93,23.93,23.78,24.22,23.64,24.07,23.78,22.62,19.41,99999.0,99999.0,99999.0,99999.0,99999.0,99999.0,99999.0,99999.0,99999.0,99999.0,99999.0,99999.0,99999.0,99999.0,99999.0,99999.0,99999.0,99999.0,99999.0,99999.0,99999.0,99999.0,99999.0,99999.0,99999.0,29.61,29.32,29.61,29.17,28.74,29.46,29.76,99999.0,99999.0,99999.0,99999.0,99999.0,29.17,28.44,28.15,28.44,28.44,28.15,28.15,28.3,28.15,28.01,28.01,27.72,28.15,27.57,27.72,27.43,27.57,27.86,26.99,26.84,26.7,27.13,26.84,26.99,26.99,26.99,26.99,26.99,27.13,26.84,26.84,26.99,26.84,27.13,26.99,26.7,26.99,26.99,26.41,26.55,26.84,26.7,25.97,25.68,25.68,26.55,26.7,26.41,25.97,25.97,26.11,25.82,25.68,26.7,26.84,27.28,26.99,27.13,27.28,27.43,27.43,27.86,27.86,28.59,28.74,29.17,29.46,29.9,29.32,29.76,30.05,30.63,30.48,99999.0,99999.0,99999.0,99999.0,99999.0,99999.0,99999.0,99999.0,99999.0,99999.0,99999.0,99999.0,99999.0,99999.0,99999.0,99999.0,99999.0,99999.0,33.11,99999.0,99999.0,99999.0,99999.0,99999.0,29.76,29.03,28.44,29.03,28.59,28.3,28.59,28.01,28.74,29.03,28.44,28.44,28.74,28.59,28.74,29.17,28.74,28.88,29.03,29.03,28.88,29.03,28.88,28.88,29.17,29.32,29.61,30.05,29.17,28.88,29.17,99999.0,29.61,29.9
-18.5,30.92,29.17,29.76,29.9,29.32,30.34,29.76,31.65,30.05,29.61,29.32,29.17,29.03,28.74,28.44,28.01,28.44,29.03,28.15,27.43,27.86,28.3,28.01,28.01,27.57,27.86,27.86,28.01,28.44,28.59,28.3,28.74,28.44,28.3,28.44,28.44,28.59,28.59,28.74,28.74,28.88,28.44,28.3,28.59,28.15,28.15,28.01,28.01,28.44,28.44,27.72,28.01,27.72,28.44,28.01,27.86,27.86,27.13,27.28,26.7,26.55,26.55,26.41,26.11,25.82,25.53,25.53,25.39,25.39,25.09,25.09,24.8,24.8,24.66,24.66,24.51,24.37,24.07,24.07,23.78,23.93,23.78,23.78,23.49,23.49,23.2,23.2,23.2,23.06,23.06,23.06,23.06,23.06,23.2,23.06,23.06,23.2,23.2,23.49,23.49,23.64,23.64,23.2,23.78,24.51,24.8,25.24,25.39,25.53,22.04,99999.0,99999.0,99999.0,99999.0,99999.0,99999.0,99999.0,99999.0,99999.0,99999.0,99999.0,99999.0,99999.0,99999.0,99999.0,99999.0,99999.0,99999.0,99999.0,99999.0,99999.0,99999.0,99999.0,99999.0,31.94,99999.0,99999.0,99999.0,99999.0,99999.0,27.72,27.13,27.72,27.57,27.28,27.13,27.28,27.28,27.13,26.99,26.84,26.55,26.41,26.55,26.26,26.11,25.97,25.97,25.68,25.53,25.68,25.39,25.24,24.95,24.95,25.09,24.66,24.51,24.22,24.37,24.22,24.07,23.78,24.22,23.93,23.93,24.22,24.07,23.93,23.78,24.07,23.93,23.93,23.78,23.64,23.64,23.78,23.49,23.2,22.62,22.04,20.29,99999.0,99999.0,99999.0,99999.0,99999.0,99999.0,99999.0,99999.0,99999.0,99999.0,99999.0,99999.0,99999.0,99999.0,99999.0,99999.0,99999.0,99999.0,99999.0,99999.0,99999.0,99999.0,99999.0,99999.0,30.34,28.88,29.32,29.17,29.76,29.46,29.46,29.76,99999.0,99999.0,99999.0,99999.0,99999.0,28.88,28.74,28.3,28.15,28.01,28.3,28.15,28.01,27.86,27.28,27.72,27.43,27.57,27.57,27.28,27.13,26.99,27.13,26.99,26.7,26.7,26.7,26.55,26.55,26.84,26.26,27.13,26.84,26.99,26.7,26.11,26.55,26.7,26.26,26.84,26.84,26.41,26.7,26.26,26.11,26.11,25.97,25.97,25.68,26.55,26.84,25.82,25.82,25.39,25.97,25.68,25.39,25.53,25.97,26.41,26.84,26.99,26.99,27.13,27.28,27.13,27.43,27.28,28.59,28.74,29.32,29.61,29.76,29.9,29.9,30.19,30.48,31.07,99999.0,99999.0,99999.0,99999.0,99999.0,99999.0,99999.0,99999.0,99999.0,99999.0,99999.0,99999.0,99999.0,99999.0,99999.0,99999.0,99999.0,99999.0,99999.0,99999.0,99999.0,99999.0,99999.0,99999.0,29.61,29.03,28.74,28.88,28.74,28.59,28.74,28.44,28.88,28.59,28.01,28.74,28.44,28.88,28.44,28.44,28.44,28.59,29.03,28.88,28.59,28.59,29.03,28.88,29.03,29.32,30.48,29.46,29.32,29.03,28.44,28.88,29.46,29.46
-19.5,29.46,29.46,29.32,29.46,29.76,29.03,30.34,30.92,30.19,29.46,29.17,28.88,28.74,28.44,28.15,28.15,28.88,28.59,28.01,27.86,27.43,27.86,27.57,27.43,27.86,27.86,27.86,28.15,27.86,28.01,28.44,28.44,28.74,28.3,28.3,28.44,28.3,28.15,28.3,28.44,28.88,28.44,28.59,28.15,27.86,28.01,27.86,27.57,28.3,27.86,28.15,28.15,28.15,27.72,27.57,27.57,27.43,27.57,28.01,27.13,27.28,26.84,26.84,26.41,26.41,26.26,25.97,25.53,25.53,25.39,25.09,25.09,24.95,24.66,24.66,24.66,24.37,23.64,23.93,23.93,23.78,23.93,23.64,23.64,23.49,23.49,23.06,23.06,23.2,22.91,22.76,22.91,22.91,22.91,23.06,23.06,22.76,22.47,22.91,23.64,23.64,23.64,23.93,23.78,23.93,24.37,25.09,24.66,24.22,23.64,99999.0,99999.0,99999.0,99999.0,99999.0,99999.0,99999.0,99999.0,99999.0,99999.0,99999.0,99999.0,99999.0,99999.0,99999.0,99999.0,99999.0,99999.0,99999.0,99999.0,99999.0,99999.0,99999.0,99999.0,99999.0,99999.0,99999.0,99999.0,99999.0,99999.0,26.99,27.57,28.01,27.57,27.28,27.13,27.28,27.43,27.28,27.43,26.99,26.84,26.7,26.7,26.41,26.41,26.11,26.41,26.26,25.82,25.68,25.53,25.39,25.24,25.09,24.95,24.8,24.66,24.37,24.22,24.07,24.22,24.07,23.93,24.07,23.93,23.78,23.64,23.93,23.64,23.78,23.64,23.78,23.2,23.64,23.64,23.35,23.2,23.06,22.33,22.33,21.16,19.56,99999.0,99999.0,99999.0,99999.0,99999.0,99999.0,99999.0,99999.0,99999.0,99999.0,99999.0,99999.0,99999.0,99999.0,99999.0,99999.0,99999.0,99999.0,99999.0,99999.0,99999.0,99999.0,29.03,28.59,28.74,29.03,29.32,29.46,29.76,30.05,30.63,99999.0,99999.0,99999.0,99999.0,99999.0,28.59,28.15,28.44,28.3,28.15,28.44,28.01,28.01,27.72,27.43,27.57,27.57,27.57,27.28,27.13,27.13,27.13,26.84,26.99,26.84,26.26,26.26,26.41,26.41,26.55,26.55,26.99,27.13,26.84,26.55,26.26,26.11,26.11,26.26,25.97,25.97,26.7,26.26,25.82,25.53,25.53,25.82,25.82,26.11,26.55,24.8,24.8,24.95,25.09,25.82,25.68,25.39,25.09,25.53,25.97,26.26,26.26,25.82,26.11,26.11,27.13,27.72,28.01,28.59,28.88,29.46,29.03,29.46,29.76,29.9,30.34,31.36,99999.0,99999.0,99999.0,99999.0,99999.0,99999.0,99999.0,99999.0,99999.0,99999.0,99999.0,99999.0,99999.0,99999.0,99999.0,99999.0,99999.0,99999.0,99999.0,99999.0,99999.0,99999.0,99999.0,99999.0,99999.0,99999.0,29.76,28.88,28.3,29.03,29.03,28.88,29.46,28.01,27.86,27.72,28.01,28.88,29.17,27.86,28.15,28.01,28.59,29.03,28.59,28.74,29.03,28.88,28.44,28.88,29.17,29.76,29.46,29.17,28.88,28.59,28.59,29.76,28.74
-20.5,28.3,28.74,28.74,29.61,29.17,28.59,30.78,30.63,30.19,29.03,29.17,29.17,28.59,28.3,28.3,28.3,28.59,28.15,28.15,28.01,28.01,27.43,27.43,26.99,27.57,27.13,27.28,27.43,27.72,27.43,27.57,27.86,27.86,28.3,28.3,27.86,28.44,28.01,28.15,28.44,28.44,28.44,28.01,28.15,27.86,28.44,28.3,27.86,27.86,27.57,27.57,27.57,27.72,27.43,27.43,26.99,26.99,26.99,27.28,27.43,26.99,26.99,26.84,26.7,26.55,26.41,26.41,25.97,25.82,25.39,25.53,25.53,24.66,24.51,24.8,24.66,24.37,24.22,24.07,24.07,23.78,23.78,23.64,23.64,23.2,23.35,22.76,23.06,22.76,22.91,22.76,22.62,22.76,22.76,22.76,22.47,22.62,22.62,22.62,23.2,23.35,23.06,23.06,23.35,23.49,23.64,24.22,24.66,24.07,21.89,99999.0,99999.0,99999.0,99999.0,99999.0,99999.0,99999.0,99999.0,99999.0,99999.0,99999.0,99999.0,99999.0,99999.0,99999.0,99999.0,99999.0,99999.0,99999.0,99999.0,99999.0,99999.0,99999.0,99999.0,99999.0,99999.0,99999.0,99999.0,99999.0,99999.0,27.43,27.13,27.57,27.72,27.43,27.13,27.28,27.43,27.43,27.43,27.28,27.13,27.13,26.84,26.84,26.7,26.55,26.26,25.82,25.97,25.97,25.97,25.68,25.53,25.39,25.09,24.8,24.51,24.37,24.37,23.78,24.37,24.07,23.78,23.78,23.78,23.49,23.78,23.78,23.78,23.64,23.64,23.49,23.49,22.91,23.2,22.91,22.91,23.06,22.47,22.33,21.74,20.58,99999.0,99999.0,99999.0,99999.0,99999.0,99999.0,99999.0,99999.0,99999.0,99999.0,99999.0,99999.0,99999.0,99999.0,99999.0,99999.0,99999.0,99999.0,99999.0,99999.0,99999.0,99999.0,28.01,28.3,28.74,28.74,29.03,29.46,29.61,29.76,30.48,99999.0,99999.0,99999.0,99999.0,30.05,28.3,28.15,28.3,27.86,27.57,28.15,27.28,27.72,27.28,26.99,27.28,27.43,27.43,26.84,26.7,26.99,26.41,26.55,26.84,26.41,26.11,26.11,26.11,26.41,26.11,26.26,26.55,26.41,26.26,26.11,26.26,25.82,25.68,25.53,26.26,25.68,26.26,26.41,25.97,25.39,25.09,24.51,24.22,25.68,25.39,25.24,24.95,24.37,24.37,24.8,25.09,25.24,25.09,24.8,24.8,25.68,25.53,25.53,25.82,25.68,26.84,27.57,27.57,27.72,28.88,28.59,28.74,30.05,30.63,99999.0,99999.0,99999.0,99999.0,99999.0,99999.0,99999.0,99999.0,99999.0,99999.0,99999.0,99999.0,99999.0,99999.0,99999.0,99999.0,99999.0,99999.0,99999.0,99999.0,99999.0,99999.0,99999.0,99999.0,99999.0,99999.0,99999.0,99999.0,99999.0,99999.0,99999.0,28.44,28.88,29.17,28.59,28.59,28.15,28.01,28.15,27.86,27.72,27.72,28.15,27.43,27.86,28.01,99999.0,28.3,28.59,28.59,28.44,28.59,28.88,28.74,29.46,29.32,29.03,28.59,28.01,28.3,28.59,28.3
-21.5,28.44,28.44,28.74,28.59,29.03,28.59,30.92,29.76,30.92,28.88,28.59,28.15,28.01,27.86,27.72,27.72,28.74,28.15,28.01,27.43,27.86,27.43,27.57,26.7,26.99,26.84,26.99,26.7,26.84,26.99,27.57,27.72,27.72,27.72,27.72,27.43,27.72,27.72,27.43,27.43,28.15,28.15,28.15,27.57,27.86,27.57,27.86,27.57,27.72,28.01,27.57,27.43,27.28,27.28,27.28,26.84,26.99,26.99,26.84,26.84,26.7,26.41,26.84,26.41,26.55,26.55,26.11,26.26,25.97,26.11,25.97,25.09,25.09,25.09,24.8,24.51,24.66,24.07,24.22,24.51,24.37,24.07,23.93,23.78,23.64,23.49,23.06,23.49,22.76,22.91,22.91,22.76,22.62,22.47,22.62,22.47,22.33,22.76,22.33,22.47,22.76,22.91,23.35,23.2,23.35,23.93,24.07,23.93,23.49,21.74,99999.0,99999.0,99999.0,99999.0,99999.0,99999.0,99999.0,99999.0,99999.0,99999.0,99999.0,99999.0,99999.0,99999.0,99999.0,99999.0,99999.0,99999.0,99999.0,99999.0,99999.0,99999.0,99999.0,99999.0,99999.0,99999.0,99999.0,99999.0,99999.0,24.51,27.13,27.13,27.43,27.72,27.43,27.43,27.43,27.72,27.72,27.57,28.01,27.28,26.99,26.99,26.7,26.84,26.84,26.55,26.7,26.11,26.41,25.68,26.11,25.68,25.39,25.24,24.8,24.66,24.66,24.22,24.22,24.07,23.49,23.93,23.93,23.78,23.49,23.49,23.49,23.64,23.64,23.49,23.49,23.35,23.06,22.91,22.76,22.76,22.62,22.33,21.89,21.31,20.14,19.85,99999.0,99999.0,99999.0,99999.0,99999.0,99999.0,99999.0,99999.0,99999.0,99999.0,99999.0,99999.0,99999.0,99999.0,99999.0,99999.0,99999.0,99999.0,99999.0,99999.0,99999.0,28.44,28.59,29.03,28.44,28.3,28.74,29.17,30.19,99999.0,99999.0,99999.0,99999.0,99999.0,28.74,28.44,28.01,28.88,27.57,28.44,27.43,27.43,27.43,26.99,26.84,27.13,27.13,26.7,26.99,26.26,26.84,26.99,26.55,25.97,25.97,26.11,26.11,26.11,26.11,26.11,26.26,26.26,26.11,25.82,25.97,25.97,25.97,25.68,25.68,25.53,26.11,25.24,24.8,25.09,24.95,24.37,24.22,24.22,25.24,25.53,25.24,24.51,24.22,24.37,24.8,24.8,25.09,25.39,24.51,24.22,24.66,24.95,25.53,25.53,25.82,26.11,26.41,26.41,26.84,27.28,27.28,99999.0,99999.0,99999.0,99999.0,99999.0,99999.0,99999.0,99999.0,99999.0,99999.0,99999.0,99999.0,99999.0,99999.0,99999.0,99999.0,99999.0,99999.0,99999.0,99999.0,99999.0,99999.0,99999.0,99999.0,99999.0,99999.0,99999.0,99999.0,99999.0,99999.0,99999.0,99999.0,99999.0,99999.0,28.74,28.88,28.3,28.44,28.44,28.3,28.01,28.01,27.43,27.57,27.28,27.43,27.28,27.43,27.28,28.15,99999.0,27.86,27.86,28.59,28.44,28.59,28.01,28.44,29.32,29.17,28.88,28.01,28.3,27.86,28.01
-22.5,28.01,28.01,28.3,28.15,28.44,28.01,28.74,29.32,29.76,29.76,29.61,28.01,27.72,26.99,27.72,28.01,28.3,28.74,28.3,27.57,27.28,27.13,26.99,26.84,26.11,26.99,26.7,26.55,26.55,26.55,27.13,26.7,26.84,27.28,27.57,26.84,27.57,27.28,27.13,27.28,27.86,27.43,28.01,27.57,27.57,27.43,28.15,27.57,26.84,27.57,27.43,27.43,27.13,27.28,26.84,26.55,26.7,26.84,26.55,26.55,26.7,26.55,26.41,26.41,26.26,26.41,25.97,26.11,26.11,26.26,25.68,25.53,25.09,24.8,24.95,24.66,24.66,24.8,24.37,25.53,24.51,23.93,23.93,24.07,23.64,23.49,23.49,23.2,23.06,22.62,23.06,22.91,22.76,22.91,22.62,22.47,22.47,22.33,22.04,22.18,22.33,22.76,22.62,22.91,22.62,23.49,23.35,23.49,23.06,21.02,99999.0,99999.0,99999.0,99999.0,99999.0,99999.0,99999.0,99999.0,99999.0,99999.0,99999.0,99999.0,99999.0,99999.0,99999.0,99999.0,99999.0,99999.0,99999.0,99999.0,99999.0,99999.0,99999.0,99999.0,99999.0,99999.0,99999.0,99999.0,22.62,25.82,27.13,26.99,27.28,27.28,27.57,27.28,27.28,27.57,27.28,27.43,27.43,27.57,27.43,26.99,26.84,26.84,26.55,26.99,26.55,26.55,26.55,26.11,25.97,25.82,25.82,25.68,25.09,25.09,24.66,24.51,24.37,24.51,23.93,23.93,23.64,23.93,23.64,23.93,23.64,23.49,23.49,23.2,23.2,22.62,22.91,22.91,22.47,22.62,22.47,22.04,21.6,21.02,20.14,19.56,99999.0,99999.0,99999.0,99999.0,99999.0,99999.0,99999.0,99999.0,99999.0,99999.0,99999.0,99999.0,99999.0,99999.0,99999.0,99999.0,99999.0,99999.0,99999.0,99999.0,99999.0,28.3,29.03,28.59,28.15,28.3,28.59,29.9,29.46,99999.0,99999.0,99999.0,99999.0,99999.0,28.59,27.43,27.86,28.01,27.43,27.43,27.43,27.13,27.28,27.43,26.7,26.99,26.26,26.11,26.55,26.55,26.55,26.7,26.84,26.99,26.99,26.55,26.11,25.97,25.97,25.97,25.97,25.97,25.68,25.09,25.53,25.39,25.39,25.53,25.39,25.39,25.09,24.95,24.95,25.09,24.95,24.8,24.37,24.51,24.07,23.64,24.07,24.07,23.35,23.93,23.49,23.35,23.64,24.37,24.37,23.64,24.07,24.22,24.8,24.8,24.95,25.82,26.11,26.11,27.13,26.41,99999.0,99999.0,99999.0,99999.0,99999.0,99999.0,99999.0,99999.0,99999.0,99999.0,99999.0,99999.0,99999.0,99999.0,99999.0,99999.0,99999.0,99999.0,99999.0,99999.0,99999.0,99999.0,99999.0,99999.0,99999.0,99999.0,99999.0,99999.0,99999.0,99999.0,99999.0,99999.0,99999.0,99999.0,99999.0,99999.0,30.05,28.3,28.15,28.01,28.01,28.01,28.15,27.86,27.43,27.72,27.72,27.57,27.13,27.28,27.86,27.57,26.99,27.13,28.3,28.15,27.86,29.03,28.15,28.44,28.3,27.57,28.59,28.59,28.3,27.57
-23.5,27.72,28.15,27.57,28.01,28.15,27.72,28.3,28.15,28.88,28.74,28.88,28.15,27.72,27.13,27.43,27.13,27.43,26.7,28.15,27.28,25.97,26.84,26.41,26.41,26.55,26.55,26.55,26.41,26.41,26.7,26.99,27.13,26.99,27.13,27.43,27.13,27.43,27.86,27.13,27.13,26.99,27.86,27.43,27.57,27.72,27.43,26.99,27.13,26.7,26.99,26.84,27.28,27.57,27.13,27.43,27.28,27.13,26.41,27.28,26.11,26.7,26.55,26.26,26.11,26.11,25.97,25.82,25.82,25.82,26.11,26.11,25.53,25.53,25.09,25.53,24.95,24.66,24.66,24.66,24.51,24.66,24.07,23.93,23.93,24.07,23.78,23.49,23.35,23.49,23.06,23.06,23.49,22.91,22.91,22.62,22.62,22.47,22.33,22.18,22.33,22.47,22.33,22.04,22.18,22.47,23.06,22.76,23.35,22.62,22.04,99999.0,99999.0,99999.0,99999.0,99999.0,99999.0,99999.0,99999.0,99999.0,99999.0,99999.0,99999.0,99999.0,99999.0,99999.0,99999.0,99999.0,99999.0,99999.0,99999.0,99999.0,99999.0,99999.0,99999.0,99999.0,27.57,25.39,25.82,25.68,26.84,26.7,26.7,27.13,26.99,26.99,26.84,27.13,26.99,26.99,26.99,27.13,27.13,27.28,26.99,27.13,27.57,27.28,27.13,26.55,26.55,26.55,26.41,26.26,26.11,25.68,25.53,25.53,25.39,24.95,24.8,24.8,24.66,24.22,24.37,24.37,23.64,23.49,23.93,23.64,23.35,23.35,23.2,23.06,23.06,22.76,22.76,22.62,22.62,22.33,22.18,22.04,21.45,20.29,18.54,99999.0,99999.0,99999.0,99999.0,99999.0,99999.0,99999.0,99999.0,99999.0,99999.0,99999.0,99999.0,99999.0,99999.0,99999.0,99999.0,99999.0,99999.0,99999.0,99999.0,99999.0,28.01,28.88,28.44,28.3,27.13,28.15,29.46,29.17,28.74,99999.0,99999.0,99999.0,99999.0,28.3,27.57,27.13,27.57,27.86,27.13,27.13,26.7,26.55,26.41,26.55,26.55,26.11,26.11,26.11,26.7,26.11,26.11,25.68,26.11,27.13,26.41,25.82,25.82,25.82,25.97,25.97,25.53,25.24,25.39,25.09,24.95,24.95,24.95,24.8,25.24,25.68,25.39,24.8,24.95,24.37,24.8,24.37,23.64,23.49,23.49,23.78,23.93,24.22,23.64,23.2,23.2,23.64,23.64,23.93,23.64,23.64,23.93,24.51,24.66,25.09,25.82,26.7,26.55,25.68,25.53,99999.0,99999.0,99999.0,99999.0,99999.0,99999.0,99999.0,99999.0,99999.0,99999.0,99999.0,99999.0,99999.0,99999.0,99999.0,99999.0,99999.0,99999.0,99999.0,99999.0,99999.0,99999.0,99999.0,99999.0,99999.0,99999.0,99999.0,99999.0,99999.0,99999.0,99999.0,99999.0,99999.0,99999.0,99999.0,99999.0,99999.0,28.15,27.43,27.57,29.32,27.72,28.01,27.86,27.43,26.55,26.55,26.99,26.41,26.55,26.7,26.7,26.84,26.55,27.43,27.72,27.43,29.9,27.57,28.44,27.72,27.57,27.43,28.01,27.57,27.43
-24.5,26.7,26.7,27.28,27.13,26.99,27.13,26.84,26.84,28.15,28.3,28.15,27.57,27.13,26.84,26.41,27.28,27.13,27.13,26.84,26.7,25.97,26.26,25.82,25.97,25.68,26.11,26.99,26.7,27.72,27.43,26.55,26.84,26.41,26.7,26.41,27.13,27.43,26.7,26.7,26.7,26.26,26.55,26.7,26.11,26.55,27.13,26.84,26.55,26.7,26.55,26.84,26.55,26.41,27.43,27.28,27.13,26.7,26.41,26.11,26.11,26.26,26.55,26.26,26.11,25.97,25.97,25.82,25.82,25.53,25.97,25.68,25.53,25.68,25.68,25.24,25.39,24.8,25.09,24.8,24.66,24.66,24.22,24.22,23.93,24.07,23.64,23.64,23.64,23.49,23.06,23.64,23.78,23.2,22.91,22.76,22.91,22.47,22.04,22.04,22.04,22.04,21.74,21.6,22.04,22.04,22.18,22.62,22.62,22.76,99999.0,99999.0,99999.0,99999.0,99999.0,99999.0,99999.0,99999.0,99999.0,99999.0,99999.0,99999.0,99999.0,99999.0,99999.0,99999.0,99999.0,99999.0,99999.0,99999.0,99999.0,99999.0,99999.0,99999.0,27.57,27.57,26.26,26.11,26.11,26.41,26.41,26.41,26.26,26.7,26.84,27.13,27.57,27.28,26.99,26.84,26.84,26.99,27.28,26.99,27.13,26.99,26.99,27.13,27.28,26.99,26.7,26.41,26.11,25.97,25.97,25.53,25.39,25.53,25.39,25.09,25.53,25.24,25.24,24.8,24.37,24.66,24.07,23.78,23.64,23.93,23.49,23.35,23.2,22.91,22.91,22.91,22.62,22.47,22.18,22.18,22.04,21.89,21.31,20.43,17.81,17.23,99999.0,99999.0,99999.0,99999.0,99999.0,99999.0,99999.0,99999.0,99999.0,99999.0,99999.0,99999.0,99999.0,99999.0,99999.0,99999.0,99999.0,99999.0,99999.0,99999.0,27.86,28.59,28.15,29.17,27.13,28.01,28.15,28.59,28.3,99999.0,99999.0,99999.0,28.74,28.01,27.72,27.72,27.43,27.28,27.72,26.99,27.13,26.99,25.97,26.11,26.84,26.7,26.41,26.11,26.41,26.26,26.41,25.68,25.97,25.68,26.7,26.11,25.82,25.82,25.82,25.68,25.39,25.39,25.68,25.24,24.51,24.66,24.51,24.95,24.37,24.95,25.09,24.8,24.51,24.66,24.51,24.51,24.37,23.93,23.49,23.78,24.37,24.37,23.49,22.76,23.49,23.35,23.78,23.78,23.2,23.35,23.06,23.2,24.37,24.51,23.93,24.51,25.68,24.95,99999.0,99999.0,99999.0,99999.0,99999.0,99999.0,99999.0,99999.0,99999.0,99999.0,99999.0,99999.0,99999.0,99999.0,99999.0,99999.0,99999.0,99999.0,99999.0,99999.0,99999.0,99999.0,99999.0,99999.0,99999.0,99999.0,99999.0,99999.0,99999.0,99999.0,99999.0,99999.0,99999.0,99999.0,99999.0,99999.0,99999.0,99999.0,99999.0,28.01,27.43,26.7,27.86,27.86,26.41,25.97,26.26,27.13,26.7,26.11,26.26,25.97,26.11,26.11,26.11,26.26,26.7,26.55,26.99,27.43,28.3,27.28,27.28,26.55,26.99,26.84,26.84
-25.5,26.41,26.84,27.57,27.28,26.99,27.13,26.84,27.13,27.28,28.44,27.86,27.28,26.84,25.53,26.41,26.41,27.57,26.7,26.41,26.26,25.68,25.97,25.53,25.53,25.53,26.26,26.84,26.41,25.97,26.7,25.68,25.53,25.82,25.97,25.53,26.7,25.82,26.41,26.55,26.55,26.26,26.11,26.11,25.68,26.41,25.97,26.11,26.11,25.82,26.11,26.11,26.41,26.11,25.53,26.55,26.41,26.26,25.97,25.82,25.97,26.7,26.26,25.97,26.26,26.11,26.11,25.68,25.68,25.39,25.24,25.53,25.39,25.68,25.53,25.39,24.95,24.95,25.09,24.66,24.8,24.8,24.37,24.22,24.07,24.37,24.22,23.78,23.49,23.64,23.49,22.91,23.06,22.62,23.49,22.62,22.47,22.62,22.33,22.18,22.04,22.04,21.89,21.74,21.31,21.74,21.16,21.89,22.33,22.18,99999.0,99999.0,99999.0,99999.0,99999.0,99999.0,99999.0,99999.0,99999.0,99999.0,99999.0,99999.0,99999.0,99999.0,99999.0,99999.0,99999.0,99999.0,99999.0,99999.0,99999.0,99999.0,99999.0,28.15,27.28,26.99,26.55,26.11,26.11,26.11,25.97,25.97,26.41,26.41,26.99,26.41,26.84,26.55,26.41,27.28,26.84,26.84,27.13,26.99,26.84,27.28,27.28,26.84,26.84,26.99,26.99,26.55,26.26,25.97,25.97,26.11,25.97,26.26,25.53,25.24,25.24,25.09,25.09,24.8,24.66,24.37,24.51,24.07,23.78,24.07,24.51,23.78,23.64,23.35,23.06,22.91,22.76,22.76,22.47,22.47,21.89,22.04,21.74,19.85,17.96,16.21,99999.0,99999.0,99999.0,99999.0,99999.0,99999.0,99999.0,99999.0,99999.0,99999.0,99999.0,99999.0,99999.0,99999.0,99999.0,99999.0,99999.0,99999.0,28.3,27.57,27.86,27.86,27.72,28.59,27.72,27.57,27.86,27.72,28.44,27.72,27.43,26.84,27.86,27.28,27.28,26.84,27.28,27.72,26.7,27.13,26.84,26.84,26.41,25.68,25.68,25.97,26.7,26.26,25.68,26.26,26.11,25.82,25.53,25.39,25.39,25.68,25.68,25.68,25.53,25.68,25.53,25.53,25.39,25.24,24.95,24.8,24.51,24.66,24.22,24.51,24.37,24.51,24.8,23.93,23.49,23.93,24.07,23.35,23.06,23.49,23.2,22.76,22.33,22.18,22.04,22.76,22.76,22.91,23.06,22.62,22.91,22.76,23.78,23.35,23.35,23.64,24.51,24.22,26.11,99999.0,99999.0,99999.0,99999.0,99999.0,99999.0,99999.0,99999.0,99999.0,99999.0,99999.0,99999.0,99999.0,99999.0,99999.0,99999.0,99999.0,99999.0,99999.0,99999.0,99999.0,99999.0,99999.0,99999.0,99999.0,99999.0,99999.0,99999.0,99999.0,99999.0,99999.0,99999.0,99999.0,99999.0,99999.0,99999.0,99999.0,99999.0,99999.0,26.55,26.7,27.13,26.84,26.26,26.11,25.97,25.68,26.11,27.28,26.41,25.97,25.82,25.53,24.8,25.97,26.55,25.97,26.11,25.39,26.41,26.99,28.01,26.99,26.11,26.99,26.41
-26.5,26.99,26.55,26.84,27.86,26.7,26.11,26.84,27.28,27.28,27.43,27.72,27.13,26.84,25.82,25.68,26.84,26.41,26.11,25.39,25.97,25.82,25.68,25.68,25.68,25.39,25.53,25.09,24.66,24.95,25.09,25.39,24.8,24.95,24.8,24.22,25.24,24.37,25.53,25.09,26.26,26.11,25.53,25.24,25.09,25.24,25.97,26.11,25.82,25.24,25.68,25.97,25.39,25.39,25.53,25.24,26.11,26.11,25.97,25.82,26.11,25.97,25.97,25.82,26.11,25.68,26.26,25.97,25.68,25.68,25.68,25.39,25.53,25.39,25.24,25.24,25.09,25.09,25.09,25.53,24.8,24.51,24.22,24.51,23.93,23.93,23.78,23.78,23.64,23.49,23.93,23.06,23.35,22.62,22.76,22.33,22.76,22.33,22.18,21.89,21.89,21.74,21.45,21.45,21.31,21.31,21.02,21.45,22.18,22.18,99999.0,99999.0,99999.0,99999.0,99999.0,99999.0,99999.0,99999.0,99999.0,99999.0,99999.0,99999.0,99999.0,99999.0,99999.0,99999.0,99999.0,99999.0,99999.0,99999.0,99999.0,99999.0,26.99,27.13,26.7,26.7,26.55,25.82,25.82,26.11,26.11,25.82,26.26,26.99,26.26,25.97,25.97,26.41,26.84,26.84,26.7,26.11,26.26,26.7,26.7,27.13,27.57,27.13,26.99,27.13,26.99,27.28,26.41,25.97,25.82,26.26,25.97,25.97,25.82,25.68,25.68,25.53,25.53,24.95,25.09,25.24,24.22,24.51,24.37,24.07,23.93,23.64,23.64,23.49,23.49,23.2,23.2,22.76,22.33,22.18,21.89,21.89,21.6,20.72,18.98,15.63,99999.0,99999.0,99999.0,99999.0,99999.0,99999.0,99999.0,99999.0,99999.0,99999.0,99999.0,99999.0,99999.0,99999.0,99999.0,99999.0,99999.0,99999.0,27.86,28.01,27.13,26.99,26.99,27.13,27.86,27.28,27.28,27.28,27.28,27.57,27.13,26.84,26.7,26.7,26.7,26.55,27.57,27.43,26.41,26.7,26.99,26.84,26.26,26.11,25.39,24.66,25.53,25.68,25.68,25.68,24.8,24.66,25.39,25.24,24.8,24.8,24.8,24.8,24.95,24.8,24.66,25.09,24.8,25.09,24.51,24.51,23.78,24.37,24.22,24.22,24.37,23.93,23.78,23.78,23.35,23.35,23.78,22.91,23.06,23.2,23.06,23.35,22.18,22.47,22.76,22.91,22.76,22.62,22.47,22.47,22.47,22.76,23.49,23.2,23.06,23.64,24.37,24.22,99999.0,99999.0,99999.0,99999.0,99999.0,99999.0,99999.0,99999.0,99999.0,99999.0,99999.0,99999.0,99999.0,99999.0,99999.0,99999.0,99999.0,99999.0,99999.0,99999.0,99999.0,99999.0,99999.0,99999.0,99999.0,99999.0,99999.0,99999.0,99999.0,99999.0,99999.0,99999.0,99999.0,99999.0,99999.0,99999.0,99999.0,99999.0,99999.0,99999.0,26.41,25.82,25.82,26.11,27.13,26.11,25.68,25.68,25.53,26.11,24.66,25.09,25.97,25.97,24.95,24.95,24.8,24.95,24.95,25.68,25.53,25.97,27.72,26.84,25.97,26.26,26.7
-27.5,25.82,25.82,25.24,25.68,26.84,26.41,25.09,26.7,27.43,28.3,27.57,27.13,26.41,24.95,24.95,25.82,25.68,25.82,25.68,25.09,25.24,24.8,24.66,25.82,25.24,24.37,24.51,24.95,24.51,24.95,24.66,24.51,24.07,24.07,24.22,24.8,24.66,24.95,24.66,24.51,24.95,25.39,24.8,25.24,25.53,25.68,25.24,25.39,25.09,24.8,24.95,24.66,24.66,24.95,25.39,25.53,25.97,25.39,25.39,25.39,24.95,25.53,25.39,25.39,25.09,25.09,25.53,25.39,25.24,24.95,25.09,25.24,25.53,24.95,25.68,25.39,25.39,24.66,24.95,25.24,24.8,24.51,24.37,23.93,23.93,24.22,23.64,23.49,23.49,23.35,23.35,23.49,23.49,23.2,22.91,22.33,22.62,22.47,22.18,21.74,21.74,21.31,21.02,21.02,21.02,21.6,21.02,20.87,21.6,99999.0,99999.0,99999.0,99999.0,99999.0,99999.0,99999.0,99999.0,99999.0,99999.0,99999.0,99999.0,99999.0,99999.0,30.19,99999.0,99999.0,99999.0,99999.0,99999.0,99999.0,99999.0,28.44,26.84,26.11,26.55,25.39,25.82,25.97,25.68,25.53,25.39,25.68,25.82,26.55,25.97,25.82,26.41,26.26,26.55,26.7,26.41,26.26,26.26,26.26,26.55,26.99,26.84,26.99,26.7,26.55,26.41,26.11,25.09,25.68,26.11,25.68,25.39,25.24,25.39,26.11,25.82,25.39,24.8,24.95,24.95,24.66,24.51,24.8,24.07,24.22,24.22,23.78,23.64,23.35,22.91,23.2,22.76,22.33,22.33,22.04,21.6,21.6,21.6,21.02,18.83,99999.0,99999.0,99999.0,99999.0,99999.0,99999.0,99999.0,99999.0,99999.0,99999.0,99999.0,99999.0,99999.0,99999.0,99999.0,99999.0,99999.0,99999.0,28.15,27.57,26.99,27.13,27.28,26.99,27.13,26.84,26.7,26.84,26.26,26.84,26.41,25.68,25.68,25.82,26.55,26.41,26.26,26.7,26.26,25.68,25.53,26.7,26.7,26.41,24.8,24.22,24.51,25.09,25.39,25.24,24.66,24.8,25.39,25.39,25.39,24.8,24.22,24.22,24.37,24.66,24.8,25.09,24.95,24.22,24.22,24.22,24.37,24.22,24.51,24.22,23.93,24.22,24.07,23.64,23.2,23.49,23.49,22.76,22.76,22.76,23.78,23.78,22.62,22.47,22.04,22.33,22.62,22.76,22.62,22.47,22.04,22.33,23.2,23.2,23.35,23.2,24.22,24.07,23.64,99999.0,99999.0,99999.0,99999.0,99999.0,99999.0,99999.0,99999.0,99999.0,99999.0,99999.0,99999.0,99999.0,99999.0,99999.0,99999.0,99999.0,99999.0,99999.0,99999.0,99999.0,99999.0,99999.0,99999.0,99999.0,99999.0,99999.0,99999.0,99999.0,99999.0,99999.0,99999.0,99999.0,99999.0,99999.0,99999.0,99999.0,99999.0,99999.0,26.41,26.11,24.95,24.95,25.09,25.24,25.97,24.8,25.24,25.39,24.07,24.95,25.82,25.09,24.37,24.51,24.8,24.8,25.53,25.82,25.53,25.24,24.8,27.28,25.53,26.11,26.7
-28.5,25.09,25.09,25.39,25.24,25.82,25.09,25.53,25.97,26.55,26.7,26.41,26.84,25.68,25.24,25.39,26.55,24.95,25.24,26.26,24.66,25.39,24.95,24.66,25.53,24.8,24.8,24.66,24.66,24.07,24.37,24.22,24.07,23.35,24.37,24.22,24.22,24.95,24.37,24.51,24.51,25.09,24.8,24.51,24.8,24.51,25.24,25.39,25.09,24.8,24.22,24.66,24.22,24.51,24.8,25.09,24.66,25.24,25.24,25.09,24.8,24.8,25.09,25.53,25.24,25.24,25.24,24.66,24.95,24.66,24.66,24.66,24.66,24.95,24.95,24.95,24.95,24.8,25.24,25.09,24.8,25.39,24.66,24.51,24.66,24.22,23.93,23.78,23.2,22.91,23.49,23.06,23.06,23.35,22.76,22.62,22.04,21.89,22.04,22.76,21.6,21.31,21.6,21.16,20.87,20.87,20.72,20.43,20.58,19.12,99999.0,99999.0,99999.0,99999.0,99999.0,99999.0,99999.0,99999.0,99999.0,99999.0,99999.0,99999.0,99999.0,99999.0,99999.0,99999.0,99999.0,99999.0,99999.0,99999.0,99999.0,99999.0,25.53,26.7,26.99,24.95,24.95,25.53,25.39,25.24,24.95,25.09,25.68,25.82,25.09,25.39,25.53,25.97,26.41,26.11,25.53,26.11,26.26,26.11,25.82,25.53,26.26,26.41,26.26,26.41,26.26,25.68,25.53,26.11,26.26,26.11,26.26,25.68,25.39,25.09,26.11,25.53,25.39,25.09,25.09,24.8,24.22,24.8,24.22,24.51,24.51,24.22,24.95,23.93,23.78,23.2,23.06,22.76,22.62,22.47,21.89,22.04,22.04,21.89,21.6,20.72,19.41,99999.0,99999.0,99999.0,99999.0,99999.0,99999.0,99999.0,99999.0,99999.0,99999.0,99999.0,99999.0,99999.0,99999.0,99999.0,99999.0,26.41,27.57,27.28,26.84,26.84,27.13,27.28,26.7,27.43,26.55,26.11,25.82,25.97,26.26,25.68,25.39,25.24,25.09,25.39,25.53,25.39,26.11,25.09,24.51,25.39,25.53,24.8,24.37,24.07,23.93,24.07,25.09,25.53,24.95,24.66,24.66,23.93,23.64,24.51,23.93,24.22,23.78,24.22,24.07,24.37,24.07,23.78,24.22,24.07,24.22,23.49,24.51,24.37,24.22,24.22,23.93,23.06,23.2,22.62,23.2,22.91,22.18,21.89,22.33,22.91,22.47,21.74,22.04,21.89,22.18,22.18,22.18,22.18,21.89,22.76,22.76,22.91,23.93,23.49,23.49,23.93,23.49,23.93,99999.0,99999.0,99999.0,99999.0,99999.0,99999.0,99999.0,99999.0,99999.0,99999.0,99999.0,99999.0,99999.0,99999.0,99999.0,99999.0,99999.0,99999.0,99999.0,99999.0,99999.0,99999.0,99999.0,99999.0,99999.0,99999.0,99999.0,99999.0,99999.0,99999.0,99999.0,99999.0,99999.0,99999.0,99999.0,99999.0,99999.0,99999.0,25.09,25.97,25.09,25.68,25.24,24.66,24.51,23.93,24.8,24.51,23.78,23.49,23.93,24.95,24.95,24.8,25.09,24.37,24.51,24.95,25.09,24.8,25.24,24.8,25.53,25.68,25.53
-29.5,24.51,24.51,25.09,25.53,25.09,24.8,24.8,24.8,25.24,25.53,25.39,25.53,25.09,24.66,24.37,24.51,25.39,24.66,24.95,26.41,24.66,24.07,24.22,24.51,24.66,24.8,24.66,24.22,24.22,22.91,23.2,24.8,24.37,23.2,23.06,24.95,24.8,24.51,23.64,24.8,24.95,24.66,24.07,24.37,24.22,24.66,24.66,23.64,23.64,24.07,23.78,23.78,23.78,23.93,24.37,24.37,24.8,24.22,24.51,24.95,24.8,24.95,24.95,24.95,24.8,24.66,24.66,24.66,24.8,24.66,24.8,24.66,24.51,24.51,24.8,24.51,24.66,24.8,24.8,24.8,24.51,24.8,24.37,24.51,23.78,23.64,23.49,23.35,22.91,23.06,22.76,22.76,22.62,22.62,22.47,22.33,21.89,22.04,22.47,21.74,21.16,21.31,21.6,21.16,20.72,20.72,20.14,19.41,19.56,99999.0,99999.0,99999.0,99999.0,99999.0,99999.0,99999.0,99999.0,99999.0,99999.0,99999.0,99999.0,99999.0,99999.0,99999.0,99999.0,99999.0,99999.0,99999.0,99999.0,99999.0,25.39,25.53,26.26,26.26,24.37,24.66,24.51,24.37,24.37,25.24,25.53,25.53,24.95,24.8,25.39,25.39,25.53,25.68,26.11,25.68,26.11,25.82,25.68,25.09,25.09,25.09,24.66,25.82,26.11,25.39,25.39,25.24,25.24,24.95,25.09,25.68,25.68,25.68,25.09,25.09,25.24,24.95,24.95,24.51,24.8,24.22,24.07,23.93,24.37,23.49,23.78,23.78,23.93,23.64,23.64,23.06,22.91,22.76,22.33,22.33,22.47,22.33,22.18,21.6,20.72,19.56,17.81,99999.0,99999.0,99999.0,99999.0,99999.0,99999.0,99999.0,99999.0,99999.0,99999.0,99999.0,99999.0,99999.0,99999.0,24.51,26.99,26.7,26.26,25.68,26.55,26.55,26.7,26.26,26.55,25.68,25.53,25.53,25.82,25.53,25.68,25.39,25.39,25.09,24.8,24.22,23.93,25.68,24.8,24.51,24.07,24.22,24.22,24.07,23.78,23.49,23.64,24.07,24.95,24.95,24.37,23.93,24.07,23.64,23.49,24.07,24.51,24.07,23.78,23.64,23.2,23.49,23.06,23.64,23.64,23.78,24.07,23.35,23.35,23.78,24.07,23.06,22.33,22.62,22.47,22.33,22.76,22.62,22.47,22.33,22.76,22.62,22.33,21.74,21.89,22.47,22.04,22.47,21.6,22.04,22.18,22.04,22.91,23.2,23.2,22.62,22.47,22.76,22.62,99999.0,99999.0,99999.0,99999.0,99999.0,99999.0,99999.0,99999.0,99999.0,99999.0,99999.0,99999.0,99999.0,99999.0,99999.0,99999.0,99999.0,99999.0,99999.0,99999.0,99999.0,99999.0,99999.0,99999.0,99999.0,99999.0,99999.0,99999.0,99999.0,99999.0,99999.0,99999.0,99999.0,99999.0,99999.0,99999.0,99999.0,99999.0,25.53,26.7,25.53,25.68,25.39,24.22,24.66,23.78,24.37,24.07,23.49,23.06,22.76,23.49,23.93,23.35,24.51,25.24,24.66,24.51,24.8,25.39,25.53,24.51,24.95,25.68,25.39
-30.5,24.22,24.51,24.51,24.8,24.66,24.51,24.95,24.51,25.39,24.95,24.95,25.09,24.95,24.66,25.09,24.07,24.8,24.8,24.66,24.22,25.24,24.51,24.95,24.66,24.22,23.2,24.66,24.07,23.78,23.49,22.62,23.06,25.09,23.06,22.76,24.66,24.66,24.07,24.51,24.95,24.22,23.64,23.78,24.51,23.93,23.35,23.49,23.78,23.35,23.78,23.49,23.49,23.2,22.62,24.07,24.37,24.51,24.51,24.51,24.8,24.51,24.37,24.51,24.51,24.37,24.22,23.64,24.37,24.22,24.37,24.22,23.78,24.66,24.37,24.51,24.07,24.8,24.66,24.8,24.37,24.8,24.66,24.66,23.93,23.78,23.78,23.35,23.06,22.91,22.91,22.76,22.33,22.62,22.18,22.47,22.33,22.18,22.18,22.18,21.74,21.6,21.16,20.58,20.58,20.43,20.14,20.14,19.85,99999.0,99999.0,99999.0,99999.0,99999.0,99999.0,99999.0,99999.0,99999.0,33.11,99999.0,99999.0,99999.0,99999.0,99999.0,99999.0,99999.0,99999.0,99999.0,99999.0,99999.0,99999.0,25.39,25.82,24.51,23.78,23.78,23.49,23.78,23.49,24.07,24.66,24.51,24.66,24.51,23.78,23.93,24.37,24.95,25.24,25.24,25.53,25.39,25.24,24.95,25.39,24.51,23.93,24.95,24.8,24.95,25.24,25.09,23.93,24.07,24.22,24.51,24.37,25.24,24.95,24.8,24.95,24.8,24.66,24.37,24.95,25.39,24.37,23.64,23.49,23.35,23.78,23.2,23.06,23.06,23.35,23.06,22.91,22.62,22.47,22.62,22.33,22.47,22.18,22.04,22.04,21.16,20.29,19.7,99999.0,99999.0,99999.0,99999.0,99999.0,99999.0,99999.0,99999.0,99999.0,99999.0,99999.0,99999.0,99999.0,99999.0,26.11,26.11,25.24,25.97,26.41,25.82,26.41,26.26,26.7,25.68,24.22,24.51,25.39,25.53,25.24,24.8,24.66,25.53,25.24,24.51,24.51,24.22,25.24,25.09,23.93,23.35,23.2,23.64,23.49,24.22,22.91,23.35,24.07,22.18,23.2,23.78,23.78,23.78,23.93,23.49,23.06,23.49,23.64,23.35,23.2,23.2,23.35,23.49,23.35,22.91,22.91,23.49,22.04,22.33,22.18,22.62,22.47,22.18,21.74,22.04,22.18,22.47,22.33,21.89,22.04,21.74,21.74,21.31,21.6,20.87,21.45,22.18,21.31,21.45,22.04,22.04,21.74,21.89,21.6,21.74,22.33,22.18,22.33,22.91,99999.0,99999.0,99999.0,99999.0,99999.0,99999.0,99999.0,99999.0,99999.0,99999.0,99999.0,99999.0,99999.0,99999.0,99999.0,99999.0,99999.0,99999.0,99999.0,99999.0,99999.0,99999.0,99999.0,99999.0,99999.0,99999.0,99999.0,99999.0,99999.0,99999.0,99999.0,99999.0,99999.0,99999.0,99999.0,99999.0,99999.0,99999.0,26.7,25.68,24.37,24.37,24.66,24.07,23.93,24.22,24.66,23.78,23.06,23.2,22.91,23.78,23.2,23.35,24.07,23.93,23.49,24.22,24.95,24.8,24.95,24.37,24.66,24.51,24.37
-31.5,23.64,24.22,23.93,24.22,24.37,25.24,24.66,23.64,24.8,24.8,24.51,24.51,23.93,24.95,24.07,24.51,24.8,24.66,23.93,23.78,23.78,23.64,24.07,23.93,22.91,23.64,23.78,23.64,22.62,23.35,21.89,22.91,24.22,22.62,22.04,23.06,23.93,24.07,23.49,24.51,23.64,24.07,23.78,23.64,23.49,23.64,23.49,23.2,23.35,22.76,23.2,23.2,22.33,22.76,23.35,23.2,23.49,23.93,23.2,23.78,23.64,23.2,23.78,23.64,23.64,23.78,23.78,24.07,24.22,23.93,23.64,24.51,24.37,23.93,23.93,24.37,24.51,24.8,24.22,24.51,24.37,24.8,24.51,24.22,23.78,23.35,22.91,22.76,22.76,22.62,22.76,22.18,22.33,22.33,21.89,22.18,22.04,21.89,21.89,21.6,21.89,21.31,21.02,20.14,19.85,20.14,20.14,19.41,99999.0,99999.0,99999.0,99999.0,99999.0,99999.0,99999.0,99999.0,99999.0,99999.0,99999.0,99999.0,99999.0,99999.0,99999.0,99999.0,99999.0,99999.0,99999.0,99999.0,26.99,25.39,25.97,24.95,23.64,23.64,22.33,22.33,22.91,23.2,23.93,23.64,23.2,23.35,23.49,24.07,23.49,23.35,24.07,23.78,23.49,24.51,23.93,24.22,24.51,24.37,23.2,23.35,23.78,23.64,23.2,23.35,23.78,23.49,23.93,23.93,23.78,23.78,23.2,23.64,23.93,24.51,24.22,24.07,23.93,23.64,23.64,23.93,24.07,23.35,22.91,23.35,23.2,22.91,22.76,22.91,22.91,22.47,22.47,22.62,22.62,22.47,22.33,22.47,22.47,22.04,21.45,20.87,19.27,17.96,99999.0,99999.0,99999.0,99999.0,99999.0,99999.0,99999.0,99999.0,99999.0,99999.0,99999.0,99999.0,25.68,25.53,25.53,25.68,25.97,25.24,25.24,25.09,24.95,24.95,24.66,23.78,23.64,23.64,23.35,23.49,23.93,24.22,24.51,24.95,24.22,23.78,24.07,24.8,22.91,23.06,22.47,22.47,22.18,22.33,22.33,22.91,22.76,22.33,22.47,21.74,23.35,22.91,23.93,22.47,22.33,22.76,22.76,23.2,23.2,23.64,23.35,23.2,22.33,22.62,22.91,22.47,22.33,22.91,21.89,21.6,21.89,21.74,21.6,22.18,21.6,21.74,21.6,21.74,21.89,21.6,21.31,21.31,21.02,20.72,20.72,21.02,20.87,20.58,20.72,21.02,21.02,21.02,21.89,21.45,21.89,21.89,21.74,21.45,22.18,22.91,99999.0,99999.0,99999.0,99999.0,99999.0,99999.0,99999.0,99999.0,99999.0,99999.0,99999.0,99999.0,99999.0,99999.0,99999.0,99999.0,99999.0,99999.0,99999.0,99999.0,99999.0,99999.0,99999.0,99999.0,99999.0,99999.0,99999.0,99999.0,99999.0,99999.0,99999.0,99999.0,99999.0,99999.0,99999.0,99999.0,99999.0,26.7,26.26,25.82,24.66,24.95,24.07,23.35,22.76,22.33,22.91,23.35,23.2,22.91,22.33,22.33,22.91,23.2,23.35,22.62,22.76,23.64,24.8,23.06,23.49,23.93,23.78,23.64
-32.5,23.35,25.39,23.93,23.78,24.37,24.37,24.51,23.78,24.07,23.64,23.78,23.78,24.37,24.66,24.07,23.49,23.78,24.07,23.2,23.64,23.2,23.93,23.78,23.2,23.49,22.91,22.62,22.91,23.64,23.49,22.76,21.6,21.89,21.89,22.33,23.06,22.33,22.04,21.02,21.89,23.64,23.2,23.78,23.35,23.64,23.06,23.35,22.76,22.62,22.76,23.35,23.2,22.76,22.18,22.47,22.47,22.47,21.89,22.33,22.91,22.47,22.76,23.49,23.06,23.49,23.35,23.35,23.64,23.2,23.49,23.2,24.22,23.78,24.22,24.07,24.22,24.07,24.51,24.37,24.37,23.93,23.64,23.93,23.78,23.49,22.91,22.62,22.76,22.47,22.33,22.33,22.62,22.47,22.18,21.6,21.16,21.74,21.6,21.6,21.45,21.16,20.58,20.43,20.14,20.58,20.0,20.29,19.41,18.54,99999.0,99999.0,99999.0,99999.0,99999.0,99999.0,99999.0,99999.0,99999.0,99999.0,99999.0,99999.0,99999.0,99999.0,99999.0,99999.0,99999.0,99999.0,99999.0,24.66,24.51,25.53,23.49,23.06,23.49,22.91,22.33,22.47,23.49,22.76,22.76,21.89,21.89,21.89,22.62,23.64,22.76,23.2,22.62,23.49,23.35,23.49,23.49,22.47,22.76,24.22,23.49,22.47,22.62,22.76,22.47,22.76,23.2,23.06,23.35,23.06,22.47,22.47,22.62,23.49,23.64,23.64,22.91,23.06,22.91,22.91,22.91,23.06,22.62,22.76,22.47,22.33,22.62,21.89,22.33,22.47,22.62,23.35,22.62,22.76,22.62,22.47,22.47,22.33,22.04,21.89,21.6,19.7,17.52,99999.0,99999.0,99999.0,99999.0,99999.0,99999.0,99999.0,99999.0,99999.0,99999.0,21.89,25.53,24.51,24.37,24.37,24.51,25.24,24.66,24.37,23.93,24.8,23.78,23.93,22.91,23.06,22.18,22.47,23.49,24.07,24.22,22.62,23.2,22.91,23.49,23.2,22.62,22.18,21.89,21.89,21.45,21.6,21.6,22.33,22.62,22.76,21.74,21.45,21.89,22.33,22.62,22.91,22.33,22.47,22.04,21.6,22.47,22.76,23.2,22.04,22.47,22.04,21.6,21.89,22.47,22.33,21.74,22.04,22.33,21.89,21.02,21.74,22.18,21.6,21.74,21.6,21.16,21.02,21.31,21.6,21.16,20.29,20.43,20.43,20.43,20.29,20.43,20.43,20.43,21.02,20.43,20.72,21.45,21.16,21.45,21.31,21.45,21.89,22.62,99999.0,99999.0,99999.0,99999.0,99999.0,99999.0,99999.0,99999.0,99999.0,21.16,20.58,20.72,20.58,20.72,20.72,20.58,20.43,19.85,99999.0,99999.0,99999.0,99999.0,99999.0,99999.0,99999.0,99999.0,99999.0,99999.0,99999.0,99999.0,99999.0,99999.0,99999.0,99999.0,99999.0,99999.0,22.91,25.39,26.26,24.51,24.51,24.51,23.2,22.62,22.76,22.47,22.91,23.49,23.06,21.89,21.45,21.45,22.18,22.62,22.04,22.91,23.35,22.76,22.76,22.91,22.76,23.35,23.64,23.49
-33.5,23.35,25.97,25.82,23.64,23.78,23.78,23.06,23.49,23.93,23.93,24.22,23.35,23.2,24.51,23.78,23.49,22.91,22.47,23.35,23.35,22.76,22.33,23.49,23.78,21.6,22.91,22.62,21.89,22.62,23.93,23.35,21.6,21.89,21.31,22.18,22.76,23.35,21.89,21.74,23.49,23.06,23.35,23.49,23.06,23.49,22.62,23.06,21.74,21.74,22.91,23.35,22.62,22.62,22.04,21.74,22.04,22.33,21.6,20.87,22.91,23.06,22.76,22.33,22.18,23.06,23.64,23.35,22.91,22.91,23.06,23.35,23.93,24.22,24.07,23.64,24.07,24.22,23.93,23.78,24.07,23.78,23.49,23.64,23.35,23.64,22.91,22.76,22.47,22.47,22.18,21.74,22.04,21.89,21.74,21.45,21.31,21.74,21.89,21.02,20.87,20.72,20.43,20.29,19.85,19.41,18.98,19.41,18.25,99999.0,99999.0,99999.0,99999.0,99999.0,99999.0,99999.0,99999.0,99999.0,99999.0,99999.0,99999.0,99999.0,27.72,99999.0,99999.0,99999.0,99999.0,26.84,23.93,24.07,25.68,23.93,22.04,21.74,22.91,22.47,22.91,22.04,21.16,21.89,22.18,21.45,21.31,21.16,20.58,21.02,22.47,22.62,22.47,22.47,22.18,22.76,22.18,21.6,21.89,21.74,22.47,23.06,22.33,22.18,22.33,22.33,22.47,22.62,23.06,23.06,22.33,21.45,22.91,22.76,22.47,22.76,23.06,22.33,22.18,22.18,21.89,21.89,21.16,21.31,22.18,22.18,22.33,21.89,21.74,22.18,22.47,23.06,22.47,22.47,21.74,22.18,22.18,22.18,22.33,22.04,21.16,21.6,18.1,99999.0,99999.0,99999.0,99999.0,99999.0,99999.0,99999.0,99999.0,99999.0,23.78,25.39,24.66,24.51,24.8,23.64,23.64,23.78,23.2,22.91,22.91,23.49,23.93,23.78,22.47,22.18,22.18,21.74,22.47,23.78,22.91,22.47,21.89,22.18,22.62,22.62,23.49,22.18,21.31,21.31,21.6,22.04,21.16,22.18,22.33,22.76,20.87,21.74,21.45,21.16,21.02,22.04,23.06,22.18,22.18,21.6,21.89,22.76,22.33,21.6,21.6,20.72,21.45,21.6,21.16,21.02,20.58,21.02,21.31,21.16,21.16,20.87,21.31,21.16,21.16,20.58,20.43,20.72,20.29,20.29,20.58,21.02,20.58,20.14,20.0,20.14,20.29,20.87,20.0,19.56,20.14,20.29,21.16,21.16,21.16,21.45,21.6,21.6,99999.0,99999.0,99999.0,99999.0,99999.0,99999.0,99999.0,99999.0,99999.0,20.29,19.85,19.56,19.41,19.7,19.56,19.7,19.85,20.0,19.85,19.27,99999.0,99999.0,23.2,99999.0,99999.0,99999.0,99999.0,99999.0,99999.0,99999.0,99999.0,99999.0,99999.0,99999.0,99999.0,99999.0,22.76,25.82,24.51,24.07,23.64,23.2,23.93,22.91,22.47,22.33,21.89,22.18,22.91,22.62,22.33,22.33,21.02,21.89,22.47,21.31,22.47,22.76,22.91,22.91,22.91,22.91,22.47,23.06,22.76
-34.5,23.2,23.93,26.41,23.35,23.78,25.24,24.07,22.91,22.04,23.35,22.62,22.47,22.33,22.33,22.76,22.04,22.91,22.91,23.06,22.47,21.74,22.04,22.33,22.18,22.76,22.47,22.47,22.76,22.47,21.16,22.47,21.02,20.72,19.12,22.91,21.74,22.33,22.33,22.18,21.89,22.04,22.04,22.04,22.18,23.06,22.91,22.04,22.18,21.74,22.18,22.47,22.04,22.18,21.89,21.16,21.45,21.74,21.02,21.45,21.02,22.04,22.18,22.76,22.91,23.2,23.49,22.18,21.89,22.18,22.62,22.62,22.91,23.35,22.91,23.35,23.93,23.35,23.2,23.64,23.93,23.49,23.06,23.2,23.06,22.91,22.62,22.47,22.33,21.89,22.33,21.74,21.89,21.74,21.74,21.31,20.87,21.02,21.02,20.87,20.43,20.29,20.43,20.0,19.56,18.83,19.12,18.54,17.96,99999.0,99999.0,99999.0,99999.0,99999.0,99999.0,99999.0,99999.0,99999.0,99999.0,99999.0,99999.0,99999.0,27.57,26.41,99999.0,99999.0,99999.0,23.93,23.2,25.09,23.93,22.76,22.04,21.89,21.89,21.6,21.89,21.74,21.45,20.72,21.6,21.89,21.31,21.02,20.29,20.58,21.16,21.74,21.74,22.62,22.33,21.16,21.02,21.02,20.43,20.87,21.16,21.31,21.31,21.31,21.89,21.16,21.16,21.74,22.76,22.76,21.6,21.16,21.45,22.91,23.06,22.47,22.47,22.33,22.18,21.16,21.16,21.45,21.31,21.16,21.31,20.72,21.16,20.72,20.87,22.04,21.6,22.62,21.45,21.89,21.89,21.6,22.04,22.04,21.74,21.74,21.6,22.18,22.04,21.74,99999.0,22.47,22.62,22.04,21.6,21.45,22.62,25.53,25.24,25.24,23.78,23.2,23.64,24.07,22.91,23.78,22.91,21.89,22.47,23.64,23.49,23.35,22.47,22.04,22.18,21.16,21.31,22.76,22.04,21.31,21.31,20.87,20.87,22.76,21.74,20.72,21.89,21.6,21.6,21.45,21.74,22.76,22.04,22.04,21.6,20.43,20.29,20.72,19.85,20.14,20.0,21.31,19.85,19.27,20.72,22.18,20.72,21.16,21.89,19.85,20.43,20.29,20.29,19.7,19.7,20.58,20.72,20.43,21.02,20.43,20.43,20.43,20.43,20.29,20.0,20.29,20.29,20.0,19.7,20.14,20.0,20.14,20.29,19.56,19.41,19.56,19.56,19.27,19.85,19.56,20.58,20.87,20.87,20.58,21.16,21.16,20.87,99999.0,99999.0,99999.0,20.72,20.29,20.29,20.29,20.29,19.56,19.27,19.41,19.27,19.41,18.98,18.54,19.27,19.27,19.41,19.27,99999.0,21.02,99999.0,99999.0,99999.0,99999.0,99999.0,99999.0,99999.0,99999.0,99999.0,99999.0,99999.0,99999.0,99999.0,99999.0,23.49,25.53,24.8,23.64,22.04,23.2,23.2,23.06,23.06,22.47,21.89,22.33,22.47,22.47,21.89,22.33,22.04,21.45,21.16,21.45,21.74,19.7,21.02,22.04,22.62,22.18,22.04,22.33,22.62
-35.5,22.33,22.91,22.91,22.33,25.09,24.22,25.53,25.24,23.49,21.89,21.45,21.74,21.6,22.62,21.89,21.89,21.6,21.74,22.04,22.18,22.33,21.45,21.45,21.45,22.18,22.47,22.76,23.35,22.18,20.87,20.14,18.25,19.7,20.14,20.72,21.31,21.74,22.04,20.58,21.45,22.04,21.16,21.16,21.89,21.89,22.76,22.18,21.45,21.16,21.16,21.02,21.02,21.02,21.31,20.72,21.16,20.29,20.29,21.02,20.29,20.14,21.16,21.89,21.89,21.89,21.16,21.31,21.31,22.04,21.89,22.04,22.91,22.76,22.04,22.91,22.91,22.91,23.2,22.76,23.35,22.91,22.47,22.91,22.33,22.76,22.47,22.33,22.47,22.33,21.6,21.45,21.16,21.45,21.45,21.02,20.58,20.29,21.02,20.58,20.14,20.29,20.0,19.56,19.12,18.54,18.1,17.23,99999.0,99999.0,99999.0,99999.0,99999.0,99999.0,99999.0,99999.0,99999.0,99999.0,99999.0,99999.0,99999.0,99999.0,99999.0,99999.0,24.51,22.91,22.76,20.72,23.64,22.76,22.04,21.74,21.6,22.04,21.45,22.18,22.18,20.43,20.0,19.56,20.43,21.16,20.58,20.0,19.41,19.85,20.14,21.31,21.16,21.6,20.29,20.87,20.43,20.0,20.87,19.56,20.58,20.72,20.58,20.29,20.43,20.58,21.16,21.6,21.89,22.76,21.45,21.6,21.89,22.47,22.91,22.33,22.18,21.45,21.16,20.87,20.72,20.58,20.58,21.31,21.02,19.85,20.14,20.29,20.14,20.0,20.87,20.29,20.87,21.74,20.87,21.31,22.33,22.47,21.45,21.89,20.43,22.04,21.74,21.89,21.6,22.91,22.04,23.93,25.39,24.95,23.78,23.06,22.47,22.91,23.2,23.06,23.06,22.76,22.91,23.06,22.18,21.6,21.6,22.04,21.6,22.33,21.45,21.16,21.16,21.45,21.6,21.74,21.16,20.87,21.6,20.87,21.16,20.29,20.43,20.0,20.43,21.02,21.6,19.7,20.58,21.02,19.56,20.43,19.7,19.27,18.83,19.85,19.85,20.14,20.29,20.0,20.43,19.85,20.29,20.29,20.14,20.0,19.85,20.43,20.58,20.43,20.14,19.85,18.69,19.7,20.14,19.85,20.14,19.41,19.12,19.7,19.41,19.85,19.7,18.98,18.69,19.41,19.85,18.98,18.83,19.7,19.7,18.83,18.69,18.39,19.27,18.98,19.56,18.69,18.69,19.56,20.0,20.29,20.72,20.58,19.85,20.29,20.58,20.58,20.0,19.7,19.41,19.56,18.98,19.56,19.41,19.56,19.27,18.98,18.54,18.54,18.69,18.83,18.69,18.83,18.69,19.41,20.29,99999.0,99999.0,99999.0,99999.0,99999.0,99999.0,99999.0,99999.0,99999.0,99999.0,99999.0,99999.0,22.33,23.35,23.2,23.2,23.35,21.74,21.74,22.62,23.93,23.35,22.18,21.89,21.16,21.31,21.89,21.02,21.31,21.02,21.02,20.87,21.31,21.6,21.31,99999.0,21.16,22.33,22.04,21.6,21.89,22.76
-36.5,21.45,22.47,22.18,21.6,21.74,21.45,23.93,24.51,23.49,22.33,21.89,21.6,21.02,21.74,22.18,21.16,21.89,21.74,20.87,21.16,20.43,20.14,20.14,20.29,20.14,19.85,20.14,20.0,21.16,22.04,20.58,18.83,20.72,18.98,20.14,20.43,21.16,19.85,19.7,21.31,21.45,21.6,20.43,20.29,21.16,20.72,20.0,20.72,19.27,18.83,19.85,20.43,20.0,20.58,19.85,19.56,19.85,19.56,20.29,20.14,20.14,20.43,20.29,20.72,20.87,20.58,20.72,20.72,20.58,21.31,20.87,21.6,21.6,21.31,22.33,22.33,22.47,21.45,21.89,21.89,22.47,21.74,22.18,22.47,22.62,21.31,21.16,21.74,21.16,20.58,21.02,20.72,20.43,20.43,20.0,20.14,20.29,20.14,20.43,20.0,20.14,19.56,19.27,19.27,18.39,18.25,14.75,99999.0,99999.0,99999.0,99999.0,99999.0,99999.0,99999.0,99999.0,99999.0,99999.0,99999.0,99999.0,99999.0,99999.0,99999.0,99999.0,22.76,21.89,19.7,21.16,22.47,21.6,21.89,21.89,21.45,21.74,21.16,21.31,20.87,20.29,20.58,20.29,19.85,20.29,20.14,19.56,19.41,19.56,19.56,20.87,19.12,19.27,19.12,19.27,18.83,19.85,19.56,20.0,19.27,19.41,19.7,19.7,19.85,19.7,20.0,20.43,20.43,20.72,20.43,21.31,20.87,20.58,21.31,21.45,20.72,19.85,20.0,20.58,20.58,20.43,19.7,19.56,19.7,18.83,18.83,19.41,19.27,19.27,19.7,18.98,18.69,21.02,21.02,21.45,22.04,22.18,21.89,21.16,19.56,20.58,21.16,21.02,21.45,21.89,22.04,25.39,22.76,22.18,23.64,23.49,22.62,22.33,22.62,23.06,22.33,21.89,22.04,22.33,22.04,21.16,20.72,20.72,20.72,21.02,21.02,20.72,20.87,21.02,20.87,21.31,20.58,21.16,21.31,20.29,19.85,20.14,19.7,19.85,19.56,19.85,19.7,20.0,20.14,18.83,19.12,18.83,18.83,18.83,18.69,18.54,18.83,19.12,18.98,18.98,19.7,18.98,19.56,19.41,18.54,18.69,18.83,18.83,19.56,19.85,18.98,19.27,18.54,17.96,18.39,18.54,18.1,17.81,18.54,18.69,17.52,17.52,18.39,18.25,18.25,17.96,19.12,18.54,18.54,17.96,18.69,18.25,18.25,18.1,18.39,18.25,18.25,18.83,19.27,18.98,20.0,20.58,20.14,20.0,19.7,18.69,19.12,19.7,20.29,19.85,20.29,19.27,19.27,18.98,18.83,18.83,19.12,18.83,18.54,18.54,18.83,18.25,18.25,18.1,18.25,17.96,18.25,17.23,17.67,99999.0,99999.0,99999.0,99999.0,99999.0,99999.0,99999.0,99999.0,99999.0,99999.0,22.18,22.47,22.04,21.89,20.72,21.31,21.45,22.62,22.47,22.18,21.02,20.43,20.43,21.02,21.16,21.16,20.87,20.0,21.6,21.16,20.87,21.16,20.58,21.16,99999.0,21.31,22.47,21.45,21.6,21.6
-37.5,20.87,20.43,20.87,22.33,22.04,21.6,21.89,25.09,23.35,23.49,22.18,22.33,22.04,20.58,21.16,21.02,21.45,21.45,20.29,20.43,20.29,19.27,19.56,19.27,19.85,19.27,19.7,20.29,20.43,21.6,20.87,20.43,19.7,20.0,19.7,19.7,19.56,19.56,17.67,20.87,20.29,19.41,20.14,19.41,19.85,20.58,19.41,18.69,20.14,19.27,19.12,20.29,19.85,19.56,19.12,19.12,18.54,18.98,18.98,19.41,18.83,19.56,20.0,19.85,20.0,19.7,19.41,20.0,19.85,20.29,20.87,20.29,20.43,21.02,22.33,21.89,21.6,21.02,21.16,21.02,21.45,22.04,21.31,21.74,21.45,20.87,20.58,20.72,21.16,20.43,21.02,21.31,19.56,19.56,20.0,19.56,19.56,19.12,19.27,19.41,19.56,18.98,18.98,19.12,18.54,18.1,99999.0,99999.0,99999.0,99999.0,99999.0,99999.0,99999.0,99999.0,99999.0,99999.0,99999.0,99999.0,99999.0,99999.0,99999.0,99999.0,99999.0,20.72,18.83,20.0,22.47,21.89,21.89,22.33,22.47,22.18,20.58,20.14,20.72,20.87,20.87,19.56,19.56,20.14,20.43,19.27,19.7,19.12,18.83,18.69,18.83,18.69,17.81,17.52,18.69,18.69,18.1,18.39,18.39,18.69,18.39,18.39,18.39,19.27,19.12,19.27,19.41,20.14,19.85,20.29,19.85,19.41,18.98,19.12,19.27,19.12,19.41,20.0,19.12,18.98,18.69,18.39,18.69,19.27,18.54,18.1,19.27,18.54,18.83,18.39,18.98,17.96,17.52,20.14,20.72,21.16,22.18,19.27,19.27,20.58,20.87,21.45,20.43,21.02,21.74,23.2,24.22,22.91,22.47,22.18,20.58,22.91,22.04,22.18,21.89,22.04,21.31,21.31,21.16,21.6,21.16,20.29,21.89,20.0,19.85,20.43,19.7,19.85,19.7,19.85,20.43,20.14,20.14,20.0,20.29,19.56,19.85,19.12,18.83,18.39,18.98,19.12,19.27,18.25,17.67,17.96,17.81,18.39,18.83,18.25,17.37,18.25,17.52,17.23,17.37,17.52,18.39,17.52,17.67,18.39,18.69,17.67,17.37,16.79,16.94,17.96,18.54,17.81,17.23,16.79,17.08,17.08,17.23,17.08,17.67,16.94,16.06,15.33,15.77,15.48,16.65,16.65,17.23,17.67,16.94,17.52,17.96,17.08,17.23,17.81,18.25,17.67,17.81,19.41,18.39,18.39,18.98,19.12,19.41,19.56,18.98,18.1,19.27,19.12,19.7,19.41,18.83,18.83,18.98,18.98,18.54,18.98,19.12,18.69,18.39,18.1,17.96,17.81,17.67,17.96,18.1,17.37,17.52,16.65,99999.0,99999.0,99999.0,99999.0,99999.0,99999.0,99999.0,99999.0,99999.0,99999.0,21.6,21.89,21.31,20.14,19.56,20.43,20.29,20.0,20.29,20.43,21.02,20.29,20.58,20.29,20.58,20.72,20.58,19.27,20.0,20.58,20.58,20.72,20.43,20.87,21.16,99999.0,21.6,21.74,19.85,21.31
-38.5,21.02,20.72,20.58,20.87,21.31,21.6,21.74,21.31,21.45,22.04,22.04,22.18,20.72,20.58,20.58,20.58,20.14,20.43,19.85,19.85,19.7,19.7,18.98,18.39,18.39,18.54,19.27,19.41,20.29,19.85,19.27,18.54,18.25,19.27,18.98,18.83,18.54,18.1,18.39,18.1,19.56,20.43,18.83,18.69,19.12,19.27,19.12,18.83,17.23,17.81,19.12,19.56,18.25,18.39,18.25,17.81,18.25,18.39,18.98,18.1,18.54,19.85,19.27,18.83,18.83,19.7,19.12,19.56,19.85,20.29,20.0,19.27,19.27,20.0,20.29,20.14,20.58,20.14,21.31,20.58,20.29,20.72,19.7,19.85,20.29,20.0,20.0,19.7,20.43,20.29,20.43,19.12,19.41,18.54,18.98,19.12,19.85,18.69,19.27,19.27,19.12,18.83,18.25,18.25,18.39,18.1,99999.0,99999.0,99999.0,99999.0,99999.0,99999.0,99999.0,99999.0,99999.0,99999.0,99999.0,99999.0,99999.0,99999.0,99999.0,20.58,20.14,19.27,17.67,18.69,20.58,21.74,22.47,22.47,21.02,20.87,20.14,20.0,21.16,21.16,19.41,19.41,19.56,20.87,20.0,18.83,18.83,19.7,17.23,17.96,17.96,17.67,17.96,18.1,17.81,18.1,17.96,17.96,18.54,18.39,18.39,18.54,18.54,17.08,16.94,18.54,19.12,18.25,18.98,18.39,19.41,18.54,17.81,17.23,18.25,18.25,17.37,18.1,17.67,17.37,16.65,17.52,17.67,17.52,17.23,17.23,16.35,16.79,16.65,17.37,18.1,17.08,16.35,16.65,18.1,17.67,17.96,19.85,19.12,19.27,20.14,20.87,20.43,21.16,22.76,23.64,22.62,22.76,22.47,19.56,20.0,21.45,21.89,22.33,22.33,21.02,19.56,19.56,20.0,20.87,21.31,20.72,20.0,18.54,19.85,20.58,20.14,19.85,19.7,19.85,19.85,17.67,19.56,20.58,21.16,20.29,19.7,18.98,19.27,18.54,18.54,18.69,18.54,17.67,16.94,16.65,17.37,18.54,18.1,16.94,16.06,17.08,16.79,16.65,15.33,17.08,16.79,17.52,17.52,17.81,17.08,16.65,17.08,17.52,16.79,16.21,15.33,16.5,16.35,16.94,16.21,16.21,16.06,16.06,15.92,16.06,15.04,15.77,16.5,15.33,16.65,15.92,16.65,16.5,16.5,17.08,17.52,17.37,16.94,17.52,16.79,17.67,17.23,17.67,17.81,17.37,17.67,18.83,18.83,17.96,17.08,17.52,17.81,18.69,18.83,17.52,17.96,18.1,18.1,18.25,18.25,18.39,18.25,17.67,18.25,18.25,17.81,16.94,17.08,17.23,17.23,17.23,16.94,16.79,16.5,17.37,17.23,99999.0,17.96,99999.0,99999.0,17.67,19.56,20.29,20.72,21.45,21.16,20.14,19.85,19.56,19.41,19.12,19.56,19.85,19.85,19.85,18.83,19.41,19.7,19.12,19.56,19.7,18.54,19.12,19.56,20.0,20.0,20.0,21.45,99999.0,99999.0,99999.0,20.58,21.31
-39.5,20.87,20.87,20.14,20.43,20.58,20.87,21.16,23.93,22.33,21.31,20.87,21.31,21.74,20.14,20.14,19.41,19.56,19.27,20.14,19.41,18.25,18.69,18.1,18.54,17.81,18.25,18.69,18.1,17.96,18.54,17.81,17.52,17.81,17.96,17.81,17.67,17.52,17.52,17.96,17.23,18.1,17.23,17.37,17.96,18.25,17.96,17.52,17.23,16.79,17.67,17.67,18.39,17.81,18.54,17.81,17.67,17.52,17.96,18.39,18.1,18.1,18.69,18.69,18.1,17.96,18.25,18.54,18.69,18.1,17.52,18.39,18.39,18.54,18.69,18.98,19.12,18.83,18.98,19.56,20.72,19.85,20.14,19.56,21.02,19.7,19.56,18.98,19.41,18.98,19.7,18.98,18.54,18.54,18.1,18.25,18.54,18.69,17.81,19.27,18.39,18.83,18.98,17.67,18.1,17.67,16.5,14.02,99999.0,99999.0,99999.0,99999.0,99999.0,99999.0,99999.0,99999.0,99999.0,99999.0,99999.0,22.62,20.87,20.0,19.12,18.25,17.52,14.46,15.77,17.96,19.12,20.87,21.02,20.14,20.43,19.85,20.43,19.85,18.1,18.83,19.12,18.69,18.54,19.27,18.39,18.54,17.67,18.1,17.23,17.52,17.52,17.52,16.65,18.39,17.08,16.35,16.21,15.92,16.65,16.21,16.06,17.52,17.81,16.94,17.37,17.23,17.23,17.23,17.37,17.67,17.23,16.65,16.06,15.63,16.35,16.06,16.06,16.5,16.35,15.92,15.33,16.79,16.35,17.08,16.35,15.63,16.5,16.79,17.37,17.81,16.5,16.79,16.5,17.96,18.69,18.69,19.27,19.85,19.12,22.04,20.72,20.14,21.74,20.14,23.93,22.76,22.62,21.16,20.29,19.7,19.85,22.91,21.45,21.89,18.69,18.39,18.54,17.81,18.25,18.69,19.27,18.25,18.39,18.54,18.69,20.0,20.0,20.0,19.85,18.69,16.79,17.08,18.54,19.56,19.27,17.37,17.08,18.25,17.67,18.25,18.25,17.96,17.67,17.23,17.08,18.1,17.52,17.08,16.06,16.06,16.5,17.08,16.21,15.19,15.92,16.21,16.35,16.79,15.77,15.63,16.06,16.35,15.63,15.92,15.92,15.63,15.33,15.63,15.92,16.21,15.77,15.19,14.9,15.63,15.19,14.9,14.75,14.75,15.33,16.06,15.48,15.19,15.77,16.5,15.92,16.5,15.92,15.63,15.63,15.77,15.33,16.21,16.65,16.35,15.77,17.08,16.65,16.65,16.94,17.23,17.52,18.25,17.08,17.23,16.79,16.65,17.67,17.23,16.94,17.37,17.81,18.54,17.37,16.65,16.35,16.65,16.79,16.94,16.94,17.96,16.65,16.35,16.5,16.21,15.92,16.65,17.08,16.94,17.23,17.67,17.23,18.25,19.12,20.0,20.87,20.43,19.27,19.12,18.25,18.83,19.27,18.83,18.83,18.69,18.39,18.25,18.54,19.41,18.98,19.41,19.41,18.98,18.69,18.69,18.83,18.25,18.69,99999.0,99999.0,99999.0,19.85,20.29,20.72
-40.5,20.72,21.16,20.87,20.43,20.43,20.58,19.85,20.14,20.0,20.0,20.14,20.0,20.0,20.58,20.43,19.7,18.69,19.41,18.1,18.69,19.56,17.81,17.96,17.96,18.69,17.96,18.25,17.96,16.79,17.08,17.23,16.5,15.92,16.35,18.1,17.08,16.79,16.94,15.77,17.23,18.39,17.52,17.67,17.08,16.79,16.79,16.94,17.08,16.65,16.06,16.35,16.5,16.65,16.79,16.5,16.35,16.65,16.5,16.79,17.37,16.79,17.52,17.08,17.23,17.08,17.52,17.52,17.52,16.79,17.81,17.08,16.94,17.52,17.96,17.23,17.67,18.54,18.25,18.1,17.67,18.54,19.12,18.25,18.1,19.27,18.83,17.81,17.81,18.1,18.1,18.39,17.96,17.67,18.1,17.96,17.08,17.23,18.1,17.67,16.94,17.23,17.37,17.08,17.67,17.52,16.21,99999.0,99999.0,99999.0,99999.0,99999.0,99999.0,99999.0,99999.0,99999.0,99999.0,99999.0,99999.0,20.0,19.56,18.1,16.79,16.06,14.02,15.33,17.37,17.08,19.27,20.0,19.41,19.12,20.14,21.16,17.52,17.23,17.52,16.94,16.65,17.67,17.96,18.83,18.69,18.83,18.39,17.52,16.65,15.48,16.5,17.23,16.06,16.06,17.08,16.35,17.08,16.79,16.79,16.5,16.21,15.63,15.33,15.92,17.08,17.37,17.37,16.65,16.65,16.06,15.48,15.92,16.21,14.46,15.19,15.77,15.04,16.06,15.63,15.04,14.31,15.63,15.48,14.61,15.04,14.75,14.75,15.04,15.04,15.48,15.19,14.02,15.48,15.48,16.94,18.1,20.29,17.67,20.29,17.96,15.77,18.69,21.02,16.65,24.51,21.89,18.83,20.0,20.72,20.14,15.92,19.41,20.14,18.69,16.79,17.37,17.08,16.35,15.04,15.92,16.79,16.79,17.23,17.81,17.67,17.23,16.79,19.27,18.69,14.46,14.31,14.17,14.31,14.46,14.9,16.94,17.96,17.37,16.94,17.37,17.96,17.37,17.23,17.23,16.79,16.5,16.94,16.35,16.21,16.06,14.9,16.06,15.92,15.48,15.04,15.33,14.61,15.04,15.77,15.19,13.88,14.61,15.19,15.04,15.04,14.61,14.9,14.61,16.06,15.19,14.17,14.75,14.9,14.61,14.61,14.46,14.02,14.46,14.46,14.02,13.88,15.63,14.9,14.9,14.17,14.46,15.92,15.48,14.46,14.75,15.33,14.75,14.46,15.33,15.63,15.19,15.48,16.21,15.33,15.63,15.48,15.63,15.63,16.21,16.35,16.35,16.06,15.92,15.92,16.35,16.06,16.5,16.65,16.5,17.08,17.52,17.23,16.94,16.65,16.35,16.06,16.21,15.92,15.92,16.35,16.06,16.35,16.21,16.79,17.37,17.37,17.08,18.69,17.52,19.27,20.0,18.98,17.81,17.96,17.96,18.98,17.52,18.25,18.1,18.1,18.25,18.69,18.83,18.39,18.54,18.54,18.54,18.83,18.69,18.98,17.96,17.37,16.94,99999.0,17.96,20.14,20.0,20.29
-41.5,19.85,19.41,20.14,20.29,19.41,19.7,20.0,19.56,19.56,19.85,19.7,19.56,19.56,19.12,18.98,19.41,18.98,17.52,17.81,18.1,17.67,17.52,17.52,17.08,17.08,17.23,17.23,16.79,17.23,17.23,16.5,16.21,16.79,14.61,15.63,16.65,15.77,16.21,15.92,15.19,16.06,15.19,15.63,16.06,15.04,16.35,15.63,16.5,15.48,14.9,15.19,15.33,15.19,16.06,15.77,15.48,15.48,16.06,15.33,16.21,16.06,15.92,16.35,16.94,16.35,16.06,16.35,16.35,16.5,16.79,17.23,16.35,16.94,16.5,16.06,17.08,17.52,17.96,16.65,17.08,18.39,18.25,17.81,17.81,17.23,17.08,17.23,17.23,17.81,17.23,17.67,16.5,17.08,15.92,16.5,16.5,16.35,16.94,16.79,16.79,16.94,16.5,16.35,16.79,16.65,15.19,99999.0,99999.0,99999.0,99999.0,99999.0,99999.0,99999.0,99999.0,99999.0,19.7,18.25,18.83,18.69,18.25,16.94,16.06,13.15,14.46,16.06,17.08,17.52,16.94,19.41,19.41,17.52,16.94,16.94,15.92,15.48,15.48,16.35,16.35,16.65,16.94,16.94,16.94,17.37,17.08,15.04,13.3,13.73,14.61,15.48,14.75,14.9,15.77,15.92,15.33,16.06,15.92,16.06,14.75,14.46,15.48,14.61,14.17,16.65,17.08,17.08,16.06,16.5,14.75,14.46,14.02,13.44,14.31,14.61,14.61,14.02,14.02,14.46,13.59,14.02,13.3,13.15,13.44,14.17,14.75,13.0,15.04,15.33,13.59,13.73,14.61,17.52,15.92,13.73,17.08,20.43,18.25,12.28,13.44,14.61,19.56,22.18,18.25,18.69,20.0,20.14,20.58,17.67,18.39,18.54,19.12,17.08,16.21,15.92,16.21,13.44,14.17,14.9,14.75,15.48,16.5,16.94,15.48,14.61,13.44,11.69,11.69,10.96,12.13,13.73,15.48,15.63,16.35,16.94,17.23,17.67,17.52,16.5,16.06,16.79,18.1,17.23,16.5,15.92,15.77,15.48,14.61,13.15,13.73,15.33,14.75,14.31,13.73,14.17,14.17,15.19,15.92,14.46,13.88,14.46,14.46,15.33,15.48,13.3,14.61,15.33,15.04,14.17,13.59,13.88,14.61,14.02,15.04,14.61,13.88,14.17,14.46,13.88,14.46,13.59,13.59,14.17,13.88,13.15,13.15,13.88,14.61,14.31,14.02,14.46,14.02,14.17,14.17,14.02,14.46,13.73,14.61,15.19,14.9,14.61,14.61,14.31,14.75,14.17,14.61,15.04,15.04,15.48,15.04,15.19,15.63,15.48,15.19,15.04,15.48,15.63,15.63,16.06,17.08,16.35,16.06,16.35,16.21,15.63,15.92,16.21,99999.0,99999.0,99999.0,18.1,17.52,17.23,18.69,17.37,17.67,16.94,16.65,18.69,16.94,16.21,17.08,17.23,17.37,17.81,17.96,17.67,17.81,18.39,18.54,18.83,18.83,18.83,18.98,99999.0,99999.0,15.48,16.35,17.96,19.12,19.56,19.27
-42.5,18.39,18.54,18.98,18.39,18.83,18.98,18.98,18.54,18.83,18.83,18.69,18.54,18.54,18.83,17.37,17.81,16.65,17.08,17.08,17.37,15.77,16.65,16.06,15.77,15.63,16.06,16.06,15.77,16.21,16.21,16.35,16.65,17.96,17.23,15.77,15.92,15.92,15.48,15.33,15.04,14.61,14.9,15.63,16.21,16.06,14.46,14.9,14.61,15.04,15.04,14.17,14.31,15.33,14.9,14.9,14.61,14.46,14.75,14.61,15.04,15.48,15.04,15.63,16.06,15.19,15.19,15.33,16.06,15.92,15.92,15.33,15.04,15.48,16.35,15.77,15.19,15.48,15.92,16.21,15.92,15.77,16.21,16.21,16.21,16.06,16.06,16.21,15.92,15.48,16.35,16.21,16.21,15.77,15.33,15.63,16.21,15.48,15.92,15.48,15.92,15.48,15.77,15.77,16.5,16.06,14.9,14.9,99999.0,99999.0,99999.0,99999.0,99999.0,99999.0,99999.0,99999.0,17.96,16.35,17.23,17.81,16.65,15.04,12.71,13.88,15.63,16.5,16.79,17.08,16.5,19.41,21.31,17.23,16.94,15.92,15.92,15.77,15.19,14.61,15.33,15.33,15.33,13.88,13.59,13.59,14.46,13.73,11.98,12.71,13.73,15.04,14.9,13.0,13.73,14.9,14.17,14.31,14.61,14.17,13.3,13.3,14.31,13.0,12.71,13.44,13.59,13.3,13.3,14.02,13.88,13.88,13.44,13.73,13.3,13.0,11.55,12.28,13.15,13.0,12.86,13.15,12.86,12.13,12.86,12.86,13.59,13.44,11.55,11.55,11.98,12.13,12.13,11.55,11.98,13.44,15.63,13.3,12.86,15.63,13.3,16.65,16.06,17.96,18.83,16.5,19.7,16.5,15.92,16.5,16.06,12.86,13.3,15.04,16.06,14.75,13.73,11.55,12.71,13.15,12.57,11.84,11.26,11.98,11.84,11.55,11.26,9.8,10.24,10.53,11.26,10.09,10.67,11.84,12.42,11.98,12.13,12.28,11.55,12.28,14.46,12.28,16.94,15.33,14.02,14.46,15.77,16.65,14.02,12.57,13.73,14.31,14.75,13.73,12.71,13.3,13.73,14.31,13.73,13.3,12.71,14.46,14.17,15.33,14.61,14.61,13.3,14.31,14.17,14.02,13.0,13.59,13.44,13.15,12.86,11.84,12.28,12.71,12.57,13.3,13.0,12.86,12.42,12.71,12.71,13.15,13.3,13.15,12.71,12.57,13.44,13.15,13.73,14.31,14.02,13.44,13.59,13.44,13.44,13.88,14.02,13.88,13.88,13.59,14.31,13.88,14.75,14.31,14.46,14.75,13.88,14.02,14.02,14.31,14.75,14.9,15.48,14.61,14.9,15.19,15.77,16.21,16.21,15.77,15.63,15.63,15.77,16.94,99999.0,99999.0,99999.0,16.94,18.1,18.25,16.79,16.21,16.79,16.94,15.92,16.94,16.06,15.92,16.35,16.5,16.79,16.94,16.94,16.65,16.94,17.08,17.96,18.25,18.83,18.69,99999.0,99999.0,17.96,16.79,16.35,17.37,17.96,18.1,18.25
-43.5,17.81,16.94,16.5,16.21,16.06,17.96,17.96,17.81,17.81,17.52,16.94,17.37,17.67,17.52,17.08,16.65,15.92,16.06,15.92,16.35,15.33,16.06,15.77,15.48,15.19,15.77,15.33,14.75,14.31,14.75,15.19,14.9,14.61,14.61,15.04,15.04,13.88,13.88,13.88,14.17,13.88,13.88,13.88,13.88,14.31,13.15,14.17,13.88,13.73,13.0,13.73,13.59,14.17,14.02,14.02,13.88,13.59,13.73,13.88,13.88,14.31,13.73,14.31,15.04,14.61,14.9,15.04,15.04,14.9,15.04,15.04,14.17,15.48,14.75,14.9,14.75,14.61,15.04,15.48,15.33,14.61,14.9,15.19,15.04,14.31,15.33,15.19,16.5,15.63,16.06,14.75,15.33,14.31,15.19,14.61,14.75,15.04,15.48,15.19,15.33,15.33,15.63,15.19,15.19,15.19,14.17,13.44,99999.0,99999.0,99999.0,99999.0,99999.0,99999.0,99999.0,99999.0,17.37,18.25,17.37,16.35,16.06,12.28,13.73,15.19,15.19,15.77,15.33,15.77,18.83,17.52,19.85,16.35,16.06,15.63,15.48,14.75,14.61,14.46,14.46,14.31,13.73,13.15,12.28,11.11,12.28,11.84,11.69,12.13,12.57,14.02,13.73,11.55,11.84,12.42,13.15,12.28,11.69,12.42,12.42,12.86,12.42,12.42,11.69,12.42,11.26,11.26,10.96,12.28,13.59,13.3,13.0,13.0,12.86,12.86,12.71,10.82,11.11,11.26,10.96,10.82,11.69,12.42,12.28,12.13,11.55,11.98,10.82,9.65,9.94,11.4,10.38,11.98,11.84,14.31,12.71,12.28,10.96,12.42,14.02,14.75,11.69,11.4,10.96,13.15,13.44,10.67,13.3,14.75,15.77,13.59,12.86,11.84,12.28,12.57,10.53,9.36,9.94,9.36,10.53,9.51,9.22,10.67,8.93,9.36,8.78,8.05,7.61,8.63,8.49,9.22,9.8,9.94,10.24,10.38,11.11,11.55,11.69,14.17,12.86,14.02,16.94,15.19,14.9,14.02,13.88,15.19,12.71,11.11,14.46,14.02,14.02,13.73,13.88,12.86,12.28,13.44,12.13,11.69,11.98,12.57,11.55,11.84,10.96,11.11,11.4,12.57,11.98,11.4,10.96,11.4,12.71,12.71,11.55,10.82,12.57,12.42,12.42,11.84,12.86,12.86,12.57,12.71,12.57,12.86,12.28,11.98,11.4,14.75,14.02,11.84,12.28,12.71,12.42,12.57,12.57,12.13,13.3,13.0,12.86,12.57,12.42,12.86,13.0,13.15,13.59,13.44,14.02,14.31,14.02,13.73,13.3,13.59,13.88,14.02,14.9,14.02,14.02,13.88,14.31,14.46,15.04,14.9,15.19,15.77,16.35,16.06,15.48,15.63,14.75,16.79,17.81,17.23,16.21,16.5,15.63,15.48,15.04,14.61,15.33,16.21,15.92,16.06,15.48,15.63,15.77,15.63,17.08,17.08,18.1,17.67,17.52,99999.0,99999.0,99999.0,15.63,16.65,16.5,17.23,16.5,16.35,16.79
-44.5,15.19,15.33,15.33,15.77,16.79,17.23,17.23,16.5,16.06,16.94,16.79,16.5,16.94,16.79,16.5,16.06,16.35,15.77,15.77,15.04,14.9,15.04,14.61,14.17,14.9,14.46,14.02,14.02,13.59,13.73,14.46,14.31,14.31,14.02,13.88,13.88,13.0,13.15,13.15,13.44,12.86,12.57,13.0,13.15,13.0,13.15,13.15,13.15,13.0,13.0,12.13,11.98,12.71,12.42,12.42,13.0,13.15,13.0,12.71,13.3,13.73,14.17,13.0,13.44,13.73,13.73,13.44,14.31,14.31,14.02,14.17,13.59,14.46,14.75,14.75,13.88,14.02,13.88,13.88,13.59,13.88,13.88,14.31,14.31,13.59,13.59,13.44,14.17,15.19,14.75,15.04,15.63,15.33,13.73,13.73,13.73,14.46,13.73,14.02,14.17,13.73,13.88,15.04,14.9,14.75,13.3,15.04,99999.0,99999.0,99999.0,99999.0,99999.0,99999.0,99999.0,99999.0,17.08,17.08,16.65,15.63,13.88,11.69,13.73,15.04,14.61,14.75,14.61,18.39,18.98,17.08,16.06,15.04,13.73,15.19,15.04,13.73,13.3,13.3,14.17,13.73,13.59,13.3,12.71,13.0,13.3,12.28,11.55,12.28,13.0,11.98,10.67,10.82,9.94,10.53,11.55,11.69,10.82,10.96,12.42,12.42,11.84,10.38,11.4,12.13,11.4,9.51,9.36,10.38,11.55,11.69,10.96,9.94,10.09,9.94,10.24,10.24,11.11,11.4,10.53,9.07,9.94,12.28,11.98,10.96,10.96,10.24,9.22,8.34,8.49,9.8,9.8,11.26,9.94,9.36,8.93,10.53,9.8,9.8,9.51,8.93,9.22,9.8,10.53,12.42,10.09,10.82,11.55,12.13,11.69,12.13,12.28,8.49,10.96,10.82,9.8,10.09,9.51,8.63,8.34,7.91,8.63,8.93,8.63,9.51,8.78,8.93,8.78,8.05,7.18,8.93,8.78,8.93,8.78,8.2,8.05,10.67,12.13,12.13,12.71,11.69,12.71,14.02,13.88,13.15,9.94,10.53,11.98,10.24,10.24,11.84,12.71,11.84,10.53,10.24,11.4,11.4,11.55,11.84,12.28,11.98,11.11,9.51,11.11,10.53,11.26,11.84,11.84,10.67,10.38,11.26,11.55,10.24,10.24,11.26,12.28,11.4,10.09,9.8,10.67,11.69,12.57,12.42,12.57,13.0,13.3,12.13,10.82,12.71,11.69,11.84,12.13,11.55,12.28,11.84,12.13,12.13,11.69,12.28,12.13,12.28,11.98,12.28,12.42,12.28,12.86,12.42,12.71,12.86,13.0,12.86,12.86,12.86,13.15,12.28,13.0,13.44,13.3,13.15,13.3,13.59,13.73,13.88,14.61,14.61,15.04,14.9,15.92,16.21,15.63,16.06,16.65,16.35,15.04,14.31,14.9,15.48,15.19,14.61,15.19,15.19,14.61,14.9,14.9,15.19,14.46,14.75,15.19,16.94,17.08,99999.0,99999.0,99999.0,16.79,15.04,15.04,15.04,15.77,15.77,15.33,14.9,15.33
-45.5,14.17,14.61,15.92,16.94,16.06,15.48,15.63,99999.0,15.04,15.63,16.21,14.46,15.19,15.19,15.77,14.9,15.77,15.19,14.75,14.46,14.75,14.61,14.31,13.59,13.73,14.61,14.02,13.88,12.86,12.71,13.3,13.59,14.31,13.44,13.15,12.13,12.13,12.13,11.84,12.42,11.55,11.69,12.28,12.71,12.42,12.28,12.13,12.42,12.28,11.98,11.4,12.71,11.98,12.42,12.42,12.13,12.13,11.98,11.98,12.42,12.86,12.86,12.71,12.42,12.42,12.42,12.86,13.59,13.44,13.3,12.71,13.0,13.44,13.44,13.0,13.15,13.15,12.86,12.57,12.86,13.3,13.15,12.71,12.86,12.86,12.86,12.42,13.0,13.0,13.88,13.3,12.86,13.59,13.0,12.13,12.28,13.44,12.71,12.86,13.88,14.17,13.88,15.48,14.31,14.46,99999.0,99999.0,99999.0,99999.0,99999.0,99999.0,99999.0,99999.0,16.79,16.65,16.21,16.79,16.5,15.63,13.0,10.96,12.28,14.46,14.31,13.73,14.46,14.46,17.37,17.52,16.21,15.77,15.04,14.17,14.31,13.44,13.88,13.15,13.3,13.3,14.02,12.86,12.86,12.57,12.13,11.69,10.53,12.13,11.55,11.55,11.26,10.53,9.22,8.78,9.65,10.24,9.65,9.36,9.51,9.8,10.38,9.94,11.55,11.84,10.67,8.63,8.63,8.93,9.8,8.05,7.47,7.76,7.91,8.05,8.05,8.78,8.93,9.51,10.09,8.63,9.07,8.63,9.36,9.07,8.49,9.07,8.2,7.18,7.61,8.34,9.51,8.63,9.07,7.91,7.32,7.61,8.63,8.05,8.49,7.61,8.2,7.61,9.22,9.36,9.07,9.36,9.51,9.94,7.91,7.91,8.05,8.93,9.94,9.94,9.8,11.69,8.63,8.2,8.05,8.78,8.93,7.76,8.63,7.91,8.05,11.98,7.76,7.91,6.74,6.74,7.18,7.47,7.32,6.89,6.45,7.61,8.93,9.51,9.94,9.8,10.67,11.69,13.88,10.82,9.07,9.94,10.82,8.78,7.76,7.18,8.05,8.63,7.76,9.22,9.94,10.96,11.55,12.28,11.55,10.82,8.63,8.78,9.8,9.94,9.51,10.24,11.26,10.24,10.24,10.67,10.09,10.09,10.53,9.8,9.94,10.09,10.09,9.65,9.8,10.09,10.24,10.53,10.53,10.96,10.96,9.22,9.51,10.96,11.84,11.69,11.4,10.24,11.4,11.26,10.96,11.4,11.55,12.28,12.57,11.69,11.55,11.69,11.84,11.11,11.4,11.69,11.98,11.84,11.84,12.13,12.28,12.13,11.84,11.26,11.55,12.42,13.0,13.59,12.28,13.3,13.3,13.44,13.3,12.86,13.73,13.88,13.3,14.17,14.46,14.61,15.77,15.33,15.04,13.44,14.02,15.04,14.31,13.88,14.31,13.88,14.02,14.02,15.04,15.04,14.46,14.75,15.92,17.23,99999.0,99999.0,99999.0,99999.0,13.73,14.61,15.92,14.61,14.61,15.04,15.92,15.33,14.31
-46.5,99999.0,14.61,14.31,15.92,15.33,99999.0,14.61,14.75,14.31,14.75,15.19,14.75,14.46,14.46,14.9,14.17,14.02,13.73,13.0,13.73,13.73,13.44,13.88,13.15,12.71,13.3,13.3,13.15,13.0,12.42,12.42,12.57,12.71,12.86,12.13,12.13,11.4,11.55,11.84,11.69,11.26,10.96,11.4,11.98,11.84,11.26,11.55,11.69,11.98,10.82,11.26,11.26,11.69,11.4,11.4,11.84,11.26,10.96,11.69,11.84,11.4,11.55,11.84,11.98,11.84,11.84,11.55,12.71,13.73,12.71,12.57,13.0,12.28,12.28,12.57,12.71,12.86,12.71,11.69,12.42,12.86,12.57,11.84,12.13,11.98,11.69,11.84,11.98,11.4,12.13,12.13,12.13,12.13,13.44,11.55,11.69,11.55,12.57,12.57,12.71,13.59,13.59,12.86,13.44,14.31,15.77,99999.0,99999.0,13.88,99999.0,99999.0,99999.0,15.48,16.35,13.3,14.61,15.04,14.61,13.59,11.84,11.26,11.69,12.86,13.73,13.15,15.63,15.92,15.77,14.31,14.61,14.31,14.02,14.31,13.0,12.71,12.86,12.57,13.0,13.15,13.59,13.15,11.98,11.55,11.26,11.4,10.96,10.67,10.67,9.51,9.36,9.8,9.07,7.91,9.36,9.22,8.93,8.63,9.07,8.34,8.2,8.63,9.22,8.63,8.05,7.76,7.91,6.89,6.74,7.61,6.74,7.32,7.03,6.89,7.32,7.76,7.47,7.32,7.76,8.63,9.65,7.61,7.47,7.76,7.91,7.76,7.03,6.45,6.74,7.32,7.47,7.61,8.05,8.2,7.47,7.32,8.34,8.05,7.76,7.32,7.03,6.74,6.59,7.91,8.34,7.47,6.16,6.74,8.05,8.05,8.05,9.51,8.2,8.34,8.49,8.93,8.05,7.47,7.18,7.47,7.47,7.91,7.61,7.91,7.76,8.2,8.05,7.32,7.32,6.3,6.74,6.45,6.59,6.16,6.01,7.03,7.32,7.76,8.05,8.78,8.49,9.22,10.09,9.22,7.61,7.61,7.18,7.76,8.05,7.47,7.61,7.47,7.47,7.47,8.05,9.65,8.49,8.49,8.78,8.93,8.34,8.49,8.34,8.49,10.38,9.36,9.22,9.51,9.65,10.24,10.09,10.38,9.51,8.63,8.63,8.49,8.63,8.63,8.49,9.65,9.94,10.24,9.8,8.93,9.07,9.07,9.8,11.11,11.4,10.67,9.22,9.8,11.11,10.96,10.82,10.67,10.82,10.53,10.53,10.24,10.67,11.26,11.84,11.4,10.67,11.55,11.4,11.55,11.55,11.69,11.11,11.26,11.26,11.4,11.55,11.55,11.55,12.42,11.98,11.84,12.71,12.42,12.28,13.44,13.0,12.86,12.57,12.86,13.0,13.0,14.17,14.17,13.44,12.86,12.71,13.15,13.73,13.15,13.73,13.88,13.0,13.3,14.17,13.88,14.17,14.46,14.9,14.75,14.61,17.52,15.04,13.3,14.46,14.61,14.61,14.75,14.17,14.17,14.31,14.61,13.88
-47.5,12.71,11.84,12.42,99999.0,14.61,13.88,14.17,13.88,13.73,14.31,14.31,14.61,14.17,13.88,14.02,14.17,14.46,13.3,13.0,13.0,12.86,12.71,12.71,12.57,12.42,12.13,12.28,12.28,12.71,12.28,11.98,11.55,11.4,11.4,11.26,11.4,11.26,11.69,10.82,10.38,10.67,10.53,10.53,11.4,10.96,11.4,10.96,10.96,11.11,10.82,10.38,10.53,11.4,10.53,10.67,11.11,10.82,10.82,10.67,11.26,10.82,10.96,11.11,11.26,11.11,11.26,11.26,12.28,12.42,11.4,11.55,12.13,12.13,11.84,12.28,12.28,12.57,11.69,11.69,11.69,12.13,12.28,11.55,11.11,11.4,11.4,10.96,10.82,10.96,11.26,11.4,11.84,11.69,11.11,11.11,11.84,12.13,10.96,11.4,11.84,11.84,12.28,11.84,13.15,14.17,99999.0,99999.0,99999.0,99999.0,99999.0,99999.0,99999.0,99999.0,99999.0,13.3,13.44,14.31,13.44,12.28,11.4,10.67,10.67,11.11,11.55,12.42,14.31,12.86,12.57,13.3,14.31,13.88,13.88,13.44,12.71,12.71,12.57,12.42,12.71,12.28,12.42,12.13,12.13,12.13,11.26,10.82,9.22,8.34,9.22,9.36,9.8,9.65,8.49,7.61,7.47,9.07,8.78,8.78,9.36,8.2,7.18,8.2,7.76,7.91,7.47,7.61,7.18,6.16,5.87,6.3,6.45,5.43,4.41,4.7,6.16,6.16,7.03,6.3,7.03,6.89,6.74,6.89,6.89,7.76,7.03,7.32,6.01,6.01,6.45,7.03,6.89,6.74,6.01,6.16,7.18,6.89,7.03,6.3,6.01,6.16,6.3,6.59,6.45,6.01,6.3,5.28,5.87,6.89,7.76,7.76,8.05,8.63,8.2,7.03,5.43,7.47,7.91,4.99,4.56,6.45,6.16,5.57,5.14,5.72,6.74,7.18,6.16,4.85,5.43,5.87,6.3,6.01,6.16,6.16,6.45,6.16,5.87,6.45,6.45,7.03,7.18,8.05,7.76,7.03,6.59,6.45,6.74,6.59,7.18,6.59,6.59,6.89,6.45,5.72,6.89,7.03,6.89,6.45,7.47,7.91,8.78,7.76,7.61,7.03,7.47,8.2,9.94,9.22,9.51,9.36,9.36,8.49,8.78,8.63,9.07,8.05,7.18,7.47,8.34,8.49,7.76,8.2,8.05,8.78,9.07,8.2,8.63,9.51,9.8,9.07,8.93,9.8,8.93,9.36,9.8,9.94,9.8,10.09,9.8,9.65,9.65,9.65,9.8,10.09,10.67,11.84,11.11,11.55,10.96,10.82,11.11,10.67,10.96,10.67,10.67,11.26,10.82,11.69,11.69,11.55,11.11,11.55,11.26,11.4,12.42,12.42,13.0,12.42,12.71,12.13,12.57,13.3,12.28,12.42,12.57,13.15,13.44,12.86,12.86,13.0,12.71,12.28,13.0,13.15,12.86,13.73,14.02,14.17,13.73,13.88,12.28,12.86,13.3,13.3,13.59,13.0,12.57,12.57,12.57,13.0,11.98
-48.5,11.69,11.4,11.84,12.57,99999.0,14.02,99999.0,14.02,12.71,12.86,13.15,13.88,13.44,13.73,13.44,13.15,12.86,12.57,12.28,12.86,12.57,12.28,12.28,12.28,11.98,11.98,11.69,11.98,11.55,11.69,11.55,11.55,11.4,11.4,10.82,11.11,11.11,10.82,10.38,10.67,10.53,10.38,10.24,10.09,9.94,10.24,10.53,10.53,10.09,9.8,9.65,9.8,9.94,10.09,10.24,9.8,9.94,10.09,10.38,10.38,10.38,10.82,10.53,10.96,11.11,11.11,10.82,11.11,11.26,11.69,11.69,11.26,11.84,11.55,11.69,11.69,11.55,11.26,11.11,11.4,10.96,10.82,10.82,10.67,10.67,11.26,10.67,10.09,10.38,10.38,10.53,10.24,10.09,10.53,10.53,10.82,11.11,10.96,10.67,10.38,11.11,11.11,11.55,12.28,99999.0,15.19,99999.0,99999.0,99999.0,99999.0,99999.0,99999.0,99999.0,12.57,13.3,12.71,12.42,12.28,11.26,10.82,10.24,10.09,9.65,9.07,9.22,10.67,10.38,11.98,11.69,11.84,11.11,12.57,12.28,11.4,11.4,10.96,10.82,11.11,8.78,8.63,10.82,10.96,10.82,8.34,7.76,9.36,8.63,7.76,8.34,7.76,8.2,8.05,8.63,6.74,6.74,6.89,7.18,6.89,6.01,7.47,7.61,6.01,5.57,5.72,6.45,6.74,7.03,6.59,5.57,5.14,4.7,4.12,4.85,4.41,5.72,5.43,5.57,6.89,6.45,6.45,6.74,6.16,6.74,6.3,5.28,5.43,5.72,5.43,5.14,5.28,5.43,4.41,4.99,6.16,5.87,5.57,4.85,4.56,4.26,4.7,5.14,4.7,4.26,4.99,5.28,6.3,4.99,5.43,5.87,6.74,6.59,8.34,5.14,4.26,4.7,6.3,7.47,4.56,4.7,6.45,6.89,4.99,5.57,5.72,5.72,5.57,5.14,5.14,5.14,5.14,5.14,5.57,6.01,6.16,5.87,5.87,6.16,6.01,6.3,6.59,6.16,5.72,5.72,5.87,6.01,6.3,6.3,6.45,5.57,5.87,6.16,5.28,5.28,6.16,6.01,5.87,6.89,6.59,6.45,8.2,7.32,7.03,8.63,8.34,8.93,8.63,8.2,7.76,8.2,8.93,9.22,8.05,8.05,7.47,7.47,6.89,7.03,7.76,7.61,7.61,8.05,8.2,7.18,7.32,7.32,7.32,7.47,7.47,7.18,7.32,7.91,8.2,8.34,8.78,8.93,8.05,8.2,8.63,9.51,9.36,8.93,8.78,9.8,9.94,10.67,10.53,10.67,11.11,10.09,10.82,9.8,10.53,10.09,9.65,10.09,10.67,10.53,10.38,10.09,10.82,11.4,11.26,10.96,10.67,11.11,11.84,12.13,11.55,11.69,11.84,11.4,11.55,11.84,11.98,11.69,11.84,12.13,12.28,12.28,12.28,11.98,11.98,12.13,12.42,13.0,12.71,12.86,12.57,11.84,12.28,12.28,11.98,11.98,11.84,11.55,11.4,11.84,12.28,10.82,11.55
-49.5,11.84,99999.0,11.11,11.4,10.96,99999.0,12.42,12.57,12.28,12.71,13.59,13.73,11.98,13.59,13.15,13.15,11.98,11.55,11.69,11.84,12.28,12.13,12.57,12.28,11.98,11.4,11.55,11.11,11.26,10.96,10.82,10.53,10.82,10.82,10.96,10.96,10.24,10.38,10.67,10.24,9.36,9.65,10.24,9.94,9.36,9.8,9.94,9.51,9.65,9.65,10.09,9.94,10.09,9.36,9.51,9.51,9.51,9.36,9.36,9.51,9.51,9.8,9.8,9.51,9.36,10.24,10.67,9.94,10.82,10.24,10.96,10.96,11.11,10.82,10.96,10.67,10.82,10.67,11.26,11.55,10.24,10.67,10.82,10.53,9.94,10.09,10.09,10.24,10.24,9.94,9.65,9.65,9.65,10.09,10.09,10.38,10.53,10.38,10.53,10.38,10.53,10.38,10.67,12.28,13.0,99999.0,99999.0,11.11,99999.0,99999.0,99999.0,99999.0,12.42,13.3,12.13,11.84,11.55,11.69,10.96,11.11,9.51,10.09,8.93,9.36,9.36,8.34,8.78,9.07,9.07,9.51,10.82,10.09,9.22,9.22,10.67,7.91,7.61,7.47,7.03,5.72,6.59,7.32,7.47,7.61,8.93,9.22,8.05,7.18,6.74,6.01,5.72,7.18,6.3,6.74,6.89,6.89,7.18,6.45,5.28,6.16,5.57,5.43,6.59,5.43,4.99,4.99,4.7,5.43,4.99,4.26,4.12,3.83,3.83,4.26,4.26,4.56,4.41,4.99,4.85,5.87,5.87,6.01,5.72,5.14,4.85,4.56,4.41,4.41,4.12,4.56,4.41,4.12,3.97,4.41,4.99,5.14,4.56,4.12,3.24,3.54,3.39,2.95,3.54,3.83,5.14,4.12,3.39,4.26,4.41,3.83,3.54,4.26,4.12,4.12,4.12,3.83,3.97,4.12,4.12,5.43,4.99,4.12,4.41,4.56,4.99,4.41,3.83,5.28,4.99,4.7,5.14,5.14,5.43,5.43,5.43,5.87,6.01,5.28,5.87,5.57,5.28,5.72,5.43,5.28,4.56,5.28,5.57,5.43,5.72,99999.0,6.01,5.14,4.7,4.56,4.99,4.85,6.89,6.59,6.45,7.03,5.28,5.43,6.89,7.76,7.61,7.61,6.45,6.74,6.74,7.61,7.91,7.32,7.47,6.74,6.3,5.87,7.32,7.32,7.32,6.59,7.03,6.89,7.03,6.74,6.59,6.45,6.89,6.3,6.45,6.89,6.89,7.03,7.03,7.03,7.32,7.61,8.05,8.78,9.07,9.36,8.49,8.34,8.49,7.91,8.34,8.78,8.63,8.63,8.2,8.34,8.93,8.78,9.07,9.07,9.07,9.22,8.93,9.07,9.07,9.51,10.53,10.24,9.8,10.53,10.09,9.65,10.67,9.8,10.96,10.53,10.82,10.96,11.26,11.26,11.69,11.55,11.98,11.69,11.69,11.55,11.84,11.4,11.26,12.13,11.55,12.42,11.55,11.11,11.4,11.55,11.69,11.4,11.4,11.4,11.4,10.96,10.82,10.67,10.38,10.82
-50.5,99999.0,11.4,10.96,99999.0,12.42,12.13,11.11,10.96,10.82,11.11,11.11,11.4,11.84,11.69,11.26,11.55,11.55,9.94,10.53,10.96,10.82,11.11,11.69,11.11,10.82,10.67,11.11,11.4,11.4,10.96,10.24,10.09,10.53,10.53,10.82,11.11,10.38,10.24,10.09,9.51,9.07,9.22,9.65,9.07,9.22,9.36,9.51,8.93,9.07,9.36,9.36,9.65,9.36,9.36,8.93,9.36,8.93,8.93,9.22,9.07,8.93,8.93,8.78,9.22,9.07,9.07,10.96,10.24,9.65,9.94,10.24,10.38,9.94,10.24,10.24,10.24,10.09,9.94,10.09,9.65,10.24,10.24,9.94,10.38,10.38,9.65,9.51,9.8,9.65,9.51,9.65,9.8,9.51,9.8,9.36,9.51,9.51,9.65,9.65,9.51,9.51,9.8,9.8,10.82,11.4,99999.0,99999.0,99999.0,99999.0,99999.0,99999.0,12.42,11.98,11.4,11.4,10.82,10.96,10.24,10.24,10.82,10.09,10.09,8.78,8.93,8.78,8.49,8.2,8.2,8.49,8.05,8.34,8.2,8.05,8.05,7.61,7.76,7.32,7.32,7.32,5.72,6.89,6.45,7.03,6.89,6.3,5.14,5.28,6.01,5.43,5.43,5.57,6.16,5.87,5.87,5.28,6.3,5.72,4.85,5.14,4.99,4.99,4.99,4.99,4.56,3.68,4.56,4.85,3.24,3.39,3.1,2.95,2.66,2.95,3.39,2.66,2.66,2.81,2.95,3.24,3.1,3.24,4.41,4.26,3.54,3.39,3.97,3.83,3.39,3.39,3.24,3.24,3.1,3.1,2.81,2.95,2.81,3.24,3.1,2.95,3.1,3.24,2.66,2.37,2.22,2.81,2.22,1.64,1.64,2.95,2.66,3.83,3.83,3.39,3.68,3.68,3.24,3.83,3.54,3.54,4.26,4.12,3.54,3.97,3.83,3.83,3.68,4.41,3.68,4.12,4.56,4.7,4.99,4.99,5.28,5.14,5.14,4.85,4.99,4.99,5.14,5.28,5.43,4.99,4.85,5.14,5.28,4.99,4.99,4.99,4.41,4.56,4.7,4.7,4.56,4.26,3.97,4.26,4.7,4.85,6.74,5.72,5.28,5.28,5.43,5.28,5.57,6.45,5.57,6.16,6.89,6.74,6.59,6.59,6.89,5.57,6.01,6.16,6.01,6.16,6.16,6.3,6.59,6.59,6.74,6.3,5.87,5.72,5.87,6.59,6.74,5.43,5.72,6.3,6.45,6.59,7.47,7.32,7.76,8.05,8.63,7.91,7.91,7.76,7.47,7.76,7.76,7.91,8.78,8.34,7.91,8.63,8.93,8.63,8.2,8.49,8.63,8.49,9.22,9.22,9.36,9.8,9.07,9.36,10.38,9.94,9.22,9.51,9.8,9.65,9.07,9.07,9.94,10.96,11.11,10.82,10.82,10.38,11.26,11.11,11.11,10.96,10.82,10.82,10.67,11.11,11.4,11.26,11.26,11.11,11.26,11.55,11.4,11.11,10.38,10.38,9.65,10.24,10.82,10.38,10.82
-51.5,10.82,99999.0,10.82,10.38,11.55,99999.0,11.26,10.82,10.67,10.67,10.38,10.67,10.96,10.82,10.24,10.53,10.38,10.38,10.38,10.53,9.94,10.09,10.24,10.82,10.96,10.67,10.24,10.96,10.82,10.09,10.38,9.94,9.22,9.22,9.8,10.38,10.24,9.8,9.8,9.65,9.36,9.51,9.36,9.36,8.93,9.07,8.93,8.63,9.07,9.07,9.36,9.36,9.07,8.49,8.63,8.78,8.49,8.49,8.49,8.63,8.49,8.78,7.91,9.22,8.93,10.24,9.65,9.51,9.22,9.51,9.65,9.94,9.8,9.8,9.94,10.09,9.65,9.65,9.65,9.36,9.94,9.65,9.36,9.8,9.51,9.51,9.36,9.07,9.22,9.07,9.07,8.93,9.22,8.63,8.93,8.78,9.07,9.36,9.22,9.36,8.93,9.94,9.51,9.8,11.84,11.26,99999.0,99999.0,99999.0,99999.0,99999.0,11.11,10.82,10.38,9.94,10.24,9.65,9.8,10.38,11.4,99999.0,99999.0,9.94,8.34,8.05,7.91,8.05,7.91,7.61,8.34,8.63,7.61,7.61,7.32,6.89,6.74,6.59,6.01,4.99,5.43,5.87,4.99,5.57,5.14,4.85,4.7,4.56,4.56,5.28,4.99,4.12,4.12,4.85,4.12,3.97,4.7,4.7,4.85,4.99,4.41,4.41,4.99,4.41,4.56,3.24,2.95,3.54,3.1,2.95,2.66,2.22,1.79,2.81,2.66,2.08,1.64,2.66,2.66,2.66,2.81,2.81,2.22,2.52,2.66,2.52,3.24,3.1,2.37,2.95,2.66,2.81,2.22,1.5,1.64,1.64,1.79,1.93,2.08,2.08,1.93,1.5,1.64,1.5,1.5,1.35,1.5,1.2,2.66,3.39,3.24,2.95,3.1,2.95,3.68,3.39,3.83,3.54,3.68,3.68,3.24,3.39,3.39,3.1,3.24,3.54,3.97,3.83,3.83,4.41,4.26,4.41,3.97,4.41,4.12,3.97,4.26,4.41,4.56,4.56,4.99,4.99,4.99,4.56,4.85,4.85,4.56,4.85,4.85,4.56,4.56,4.41,4.41,4.41,4.12,3.83,4.12,3.83,3.39,4.56,4.85,3.54,4.26,4.56,5.28,4.12,5.72,4.99,6.16,6.16,6.45,5.43,6.3,6.01,6.59,6.01,5.57,6.01,6.3,5.43,5.57,5.72,5.72,5.57,5.72,6.16,5.87,5.14,5.57,5.57,6.01,5.43,4.99,4.85,5.28,5.28,5.14,5.72,5.87,6.3,6.45,6.01,5.87,6.01,7.03,8.05,7.03,6.89,8.78,8.78,8.2,7.61,7.61,7.61,7.18,7.18,7.61,7.47,7.76,8.2,8.05,7.76,7.32,7.61,9.22,9.65,8.2,9.8,10.09,9.94,9.36,8.63,9.22,10.67,11.4,10.96,10.82,9.94,10.09,10.38,9.8,9.22,9.51,9.51,10.67,10.67,10.82,10.53,10.67,10.67,10.53,10.53,10.67,10.24,10.53,10.09,9.22,9.94,9.51,10.38,10.24
-52.5,9.36,10.24,10.96,99999.0,99999.0,99999.0,11.98,9.22,10.38,10.67,10.38,10.24,9.94,9.36,9.8,9.94,8.63,9.22,9.36,9.65,9.22,9.36,10.09,10.82,10.24,9.94,9.8,9.8,9.94,9.8,10.24,9.94,8.2,7.76,8.78,9.36,8.93,8.63,7.76,6.74,7.61,7.91,8.34,8.2,8.05,7.47,7.91,8.34,8.34,8.2,8.34,8.05,8.05,7.91,9.22,9.07,8.2,7.91,7.91,8.05,7.61,7.91,7.61,7.47,9.22,9.51,9.51,9.07,9.51,9.22,9.51,9.51,9.22,9.36,9.51,9.51,9.36,9.22,9.07,9.22,9.07,8.93,9.07,9.22,9.36,9.07,8.93,8.93,8.93,8.63,8.49,8.49,8.63,8.49,8.93,8.49,8.49,8.49,8.63,8.93,8.34,9.07,8.93,9.36,9.36,10.82,99999.0,99999.0,99999.0,99999.0,99999.0,10.38,9.8,9.65,9.65,9.22,8.78,8.63,9.51,9.65,10.24,10.24,9.36,7.91,7.47,7.91,7.61,7.91,7.47,7.47,6.74,6.59,7.03,6.59,6.3,6.3,6.3,5.43,3.83,4.99,4.12,4.7,4.26,4.12,4.99,4.99,4.26,4.12,3.39,3.68,3.83,3.1,4.26,3.39,3.83,4.26,3.97,3.83,3.68,3.54,3.1,4.26,4.85,3.68,3.24,3.39,2.81,2.37,2.81,1.93,1.64,1.5,1.79,1.79,1.35,1.79,2.08,0.91,1.79,1.64,2.22,1.35,1.5,1.5,1.2,2.37,2.52,0.62,1.93,1.5,1.06,0.77,0.77,1.93,0.91,0.77,0.77,1.35,0.62,0.91,1.06,0.77,1.06,1.06,1.06,0.77,1.2,0.91,2.08,2.22,2.22,2.81,2.81,3.1,2.81,2.95,3.54,3.83,3.24,3.1,3.1,3.24,3.1,3.24,3.1,3.24,2.52,3.54,3.54,3.83,3.83,3.97,3.97,3.83,3.54,3.54,3.97,3.97,4.12,4.26,4.26,4.12,3.97,4.41,4.56,4.26,4.26,4.41,4.41,4.12,4.12,3.97,3.83,3.97,3.83,3.97,3.68,3.39,3.24,2.66,2.66,2.66,4.99,5.87,5.57,3.83,3.68,4.41,5.43,4.85,4.99,4.99,5.14,5.43,5.87,5.57,6.01,5.87,4.99,4.85,5.28,5.43,5.14,4.85,4.99,4.85,4.85,5.43,5.57,5.43,4.41,4.41,4.56,4.85,5.14,5.14,5.28,5.43,5.87,5.87,6.16,6.01,6.45,6.3,6.74,6.45,6.74,6.74,7.03,7.91,7.18,7.18,7.61,7.76,7.61,7.32,6.59,7.18,7.18,6.59,6.16,6.59,7.03,7.76,7.76,7.18,6.74,8.63,9.94,9.07,7.76,8.34,8.63,8.2,7.76,8.63,9.22,9.51,8.49,8.78,8.49,9.65,10.09,9.94,10.38,9.8,10.09,10.09,9.8,9.51,9.94,10.24,10.09,9.8,9.22,8.78,8.93,9.36,8.93,9.07
-53.5,10.24,99999.0,10.38,9.36,10.53,9.8,9.65,10.38,10.67,10.67,10.38,9.65,9.36,8.93,9.07,7.76,8.78,8.34,8.49,9.36,9.36,9.07,8.34,8.49,8.34,8.63,8.34,7.18,7.32,8.2,8.63,8.78,7.91,8.34,8.2,8.2,7.18,7.47,7.47,7.47,7.61,7.18,6.59,6.45,6.16,6.01,7.32,8.34,8.05,8.34,7.91,7.76,7.61,7.61,7.32,8.05,7.91,7.91,7.61,7.61,6.74,6.89,7.61,7.76,8.34,9.8,8.49,8.78,9.07,9.07,8.78,8.78,8.49,8.63,8.93,8.78,8.63,8.49,8.34,8.49,8.63,8.63,8.63,8.78,8.78,9.07,8.63,8.49,8.05,8.34,8.34,8.34,8.2,8.2,8.34,8.2,8.2,8.2,8.34,8.34,8.34,7.91,8.34,8.78,8.49,9.36,99999.0,99999.0,99999.0,9.65,11.11,99999.0,9.8,9.36,9.07,8.93,8.05,7.91,8.2,7.91,8.2,8.05,8.34,7.91,7.61,7.32,7.32,7.47,7.32,6.89,6.59,5.57,6.59,6.59,8.49,5.14,3.68,4.56,4.41,4.12,4.12,4.12,4.26,3.83,4.26,4.26,3.83,3.24,3.1,3.39,2.52,2.81,3.54,3.1,2.81,2.81,2.95,3.24,3.1,3.24,3.68,3.68,3.1,2.37,3.1,2.81,2.66,2.37,2.22,2.81,1.35,1.5,1.64,1.06,0.77,1.06,1.06,0.91,0.48,0.62,0.33,0.62,1.06,0.91,0.91,0.77,0.62,0.19,0.33,99999.0,0.33,0.62,0.91,0.33,0.48,0.04,0.04,-0.25,0.33,0.91,0.62,0.62,0.48,0.19,0.48,0.62,0.77,1.93,2.66,2.37,2.08,2.66,3.1,2.52,2.52,3.1,3.24,3.1,2.95,2.95,3.1,2.95,2.95,2.95,2.81,2.22,2.37,2.52,3.24,3.24,2.22,3.24,3.24,3.24,3.54,3.68,3.54,3.83,3.83,3.68,4.12,3.97,3.83,3.97,3.83,3.68,3.83,4.12,3.68,3.54,3.97,3.68,3.68,3.83,3.68,3.54,3.97,2.95,2.81,1.79,1.79,1.64,2.37,2.52,2.37,3.24,3.83,3.1,4.99,4.99,4.41,4.26,4.56,3.68,5.14,4.56,5.28,6.01,4.85,4.12,4.12,3.68,4.56,4.7,5.28,4.26,4.56,4.41,4.56,4.7,4.56,4.7,4.7,4.56,4.99,4.99,5.43,5.87,5.28,5.57,5.57,5.87,5.57,5.57,5.57,6.16,6.59,6.74,6.59,6.89,6.3,6.59,6.74,6.01,6.16,6.16,6.01,6.59,6.74,5.43,5.87,5.57,5.87,5.57,4.7,5.43,6.89,7.32,7.61,6.89,6.59,6.74,7.18,7.61,7.47,7.32,7.47,7.32,7.76,7.61,7.91,8.05,8.93,8.93,9.8,10.38,9.51,9.36,9.36,9.51,8.78,9.51,9.22,8.34,8.93,9.51,9.22,8.93,9.22,9.51
-54.5,9.22,99999.0,9.07,10.38,9.36,9.07,9.07,9.8,8.63,8.34,8.2,8.63,8.78,8.78,9.07,8.78,8.2,7.76,8.34,8.93,7.32,7.32,7.61,7.91,7.91,7.32,6.89,6.74,6.89,6.89,6.74,6.59,6.89,7.47,8.93,8.49,7.76,6.74,6.59,6.59,6.01,5.87,6.01,5.87,5.43,5.72,6.16,6.45,5.72,5.87,5.72,7.76,7.61,7.76,7.47,7.32,7.61,7.47,7.47,7.18,6.74,6.45,6.45,7.61,7.91,8.2,8.63,8.78,8.93,8.34,7.76,8.2,8.05,7.61,7.91,8.34,8.34,8.05,7.76,8.05,8.05,8.34,8.34,8.34,8.34,8.49,8.49,8.2,8.49,8.2,8.05,7.91,7.91,8.34,8.2,8.2,8.05,7.91,7.91,7.91,7.91,8.05,7.76,7.91,8.2,8.63,8.93,9.36,99999.0,99999.0,99999.0,99999.0,10.82,99999.0,9.22,8.05,8.05,6.89,7.18,7.03,7.32,7.61,7.61,7.47,7.47,6.89,6.74,6.45,5.87,6.3,6.01,5.72,5.87,5.28,4.41,5.43,5.43,5.14,4.99,4.12,3.83,4.26,4.56,99999.0,4.26,3.39,3.1,3.24,1.93,2.37,1.93,1.93,1.2,2.37,3.1,2.22,2.66,2.81,2.81,2.95,2.81,2.95,2.81,3.39,2.81,2.81,2.08,2.37,1.93,1.79,1.5,1.5,0.77,0.77,1.06,0.62,0.62,0.33,0.33,0.33,0.62,0.48,0.33,0.62,0.48,0.33,1.06,0.48,0.19,0.62,0.48,0.62,0.62,0.48,0.62,0.48,0.33,0.33,99999.0,0.33,0.33,0.91,0.91,-0.11,0.48,0.48,0.62,1.06,1.2,2.52,2.81,2.37,2.22,2.37,2.66,2.81,2.66,2.95,2.95,2.95,2.81,2.95,2.81,2.37,2.22,2.22,1.93,2.37,2.52,2.52,2.52,2.81,3.24,3.39,3.1,3.1,3.24,3.54,3.83,3.54,3.54,3.68,3.83,3.68,3.54,3.68,3.97,4.12,3.83,3.83,3.83,3.83,3.68,3.39,3.1,3.68,3.24,3.39,1.79,2.22,2.52,2.52,2.66,2.08,3.97,5.28,2.95,3.68,3.83,3.1,3.97,3.83,3.39,3.54,3.83,4.12,3.39,3.68,4.12,4.12,3.97,3.24,3.24,3.97,4.26,4.12,4.26,3.83,4.12,3.97,4.12,4.26,4.41,4.7,4.85,5.43,5.43,4.99,5.14,4.99,5.43,5.28,5.57,5.87,5.43,5.14,5.43,5.72,5.72,5.43,6.16,6.01,6.01,5.43,5.28,5.28,5.43,5.87,6.01,4.99,5.14,4.85,4.41,4.41,4.85,4.56,4.12,4.85,7.18,6.3,6.59,6.59,6.59,6.89,7.32,7.18,7.18,6.3,6.45,6.59,5.87,5.57,6.89,7.91,9.51,9.22,10.96,11.26,9.22,8.93,9.22,8.78,9.07,8.34,8.49,8.78,8.78,8.05,8.78,9.65
-55.5,9.51,8.78,8.63,8.63,8.78,9.07,8.2,8.2,7.61,7.76,8.05,8.05,8.05,7.18,7.03,7.03,7.32,6.89,7.03,7.32,6.74,7.18,7.18,7.32,7.18,7.18,6.16,6.3,6.59,5.28,4.85,4.85,4.7,3.68,1.93,3.97,6.01,7.03,6.59,5.72,5.57,5.72,5.57,4.99,4.7,4.99,5.14,4.99,4.99,5.14,4.85,4.99,5.72,6.59,6.89,6.89,6.89,6.89,6.45,5.57,5.14,5.57,6.16,7.03,7.18,7.18,7.18,7.76,8.34,7.61,7.32,8.05,7.61,7.32,7.61,8.05,7.91,7.61,7.03,7.32,7.76,7.91,8.05,7.91,7.91,7.76,7.47,7.32,7.47,7.76,7.61,7.47,7.76,7.61,7.91,8.05,7.76,7.47,7.61,7.47,7.61,7.61,7.32,7.76,8.05,7.91,7.47,7.18,7.47,8.93,8.63,8.93,8.78,8.49,6.89,6.59,5.87,5.87,6.3,6.3,7.03,7.03,7.32,6.3,6.01,6.45,5.87,5.87,5.43,5.72,5.28,4.26,4.26,4.41,4.56,3.68,4.41,3.24,3.24,3.54,2.95,3.24,3.24,3.54,3.24,3.39,2.95,2.81,1.79,2.08,0.91,1.64,1.2,2.81,2.52,99999.0,2.08,1.93,1.79,1.2,2.08,1.79,2.22,2.81,3.1,2.52,1.93,1.64,1.64,1.2,0.91,1.06,1.06,0.91,0.91,0.62,0.77,0.62,0.62,-0.4,0.19,0.33,0.48,0.33,0.19,0.48,0.33,0.62,1.2,0.62,0.62,0.77,0.77,0.62,0.77,0.33,0.77,0.77,-0.25,0.33,0.33,-0.11,0.19,0.77,0.77,1.35,1.93,1.35,1.5,2.52,2.22,2.37,2.22,2.22,2.52,2.52,2.52,2.81,2.95,2.81,2.37,2.22,2.08,2.22,2.22,2.37,2.37,2.22,2.37,2.37,2.66,3.24,2.52,2.81,2.81,3.24,2.81,3.1,3.1,3.39,3.54,3.39,3.54,3.68,3.54,3.1,3.39,3.24,3.24,3.68,3.83,3.68,3.39,3.1,3.1,3.24,2.81,2.66,1.93,2.37,2.37,2.81,3.1,2.52,3.39,2.81,3.39,3.68,3.68,3.54,3.24,3.24,3.39,3.1,3.83,3.83,4.7,3.24,3.83,3.1,3.1,2.95,2.95,3.68,3.97,2.95,3.54,3.83,4.26,4.12,3.97,4.12,4.26,4.41,4.41,4.7,4.85,4.7,4.56,4.85,4.85,4.56,4.7,4.85,4.41,4.85,4.85,4.99,5.14,5.43,5.28,5.28,5.28,5.57,5.14,5.14,4.7,4.99,5.43,4.99,4.56,4.56,3.97,3.83,3.83,2.95,2.95,3.68,4.41,6.89,7.32,5.43,3.97,4.85,6.3,6.89,5.57,5.28,5.87,5.43,4.85,5.14,5.72,6.59,7.32,8.78,8.93,8.93,9.36,8.78,8.05,7.61,7.61,8.2,8.49,7.91,7.76,7.91,9.22,9.22
-56.5,7.18,7.61,99999.0,8.78,8.78,8.2,7.76,7.47,7.47,7.61,7.76,8.34,7.91,7.47,7.18,7.18,6.89,6.74,5.87,6.3,6.59,5.57,5.14,5.72,6.01,6.16,5.57,4.56,4.26,3.83,3.39,4.12,4.41,2.22,1.93,2.52,2.52,3.24,4.7,6.16,6.01,6.3,5.43,3.97,3.83,4.41,3.97,4.56,4.26,4.56,4.7,4.7,4.99,4.99,4.85,5.14,5.43,5.28,5.43,4.85,4.56,5.87,6.3,6.3,6.59,6.01,6.01,6.01,7.03,7.18,7.03,7.03,7.18,7.18,7.76,7.76,7.91,7.18,6.74,6.89,6.74,7.47,7.47,7.32,7.18,7.03,7.03,7.03,7.32,7.32,7.32,7.32,7.32,7.32,7.32,7.32,7.03,7.32,7.18,7.47,7.32,7.18,7.32,7.03,7.18,7.18,7.03,7.03,7.18,7.18,6.89,7.47,6.89,6.89,6.89,6.74,6.45,6.3,6.16,6.45,7.03,6.59,4.99,4.99,4.99,5.14,4.85,4.7,5.57,5.14,4.26,4.26,4.12,4.26,4.56,3.54,3.54,2.95,2.95,3.1,2.95,2.22,2.66,2.81,2.95,2.95,2.66,1.64,1.93,1.64,0.77,1.2,0.33,-0.11,1.5,2.81,1.5,1.64,1.5,1.93,2.08,1.35,1.79,0.62,1.64,1.35,1.35,1.79,1.5,1.5,1.2,0.77,0.91,0.77,0.77,0.77,1.06,1.35,-0.11,0.62,0.33,0.48,0.19,0.62,0.77,0.19,0.19,99999.0,99999.0,0.48,0.77,0.77,0.62,0.62,0.77,0.91,0.62,0.33,0.33,0.48,0.19,0.33,0.48,0.33,1.2,1.5,1.64,1.5,1.79,1.93,2.52,2.52,2.66,2.52,2.08,2.08,1.93,1.79,2.08,1.93,1.79,2.08,2.08,2.08,2.22,2.22,2.37,2.52,2.37,2.52,2.52,2.66,2.81,2.37,2.52,2.52,3.24,3.24,2.95,2.81,3.1,3.24,3.39,3.68,3.68,3.54,2.95,2.08,2.95,3.24,3.39,3.24,3.24,2.66,2.66,2.52,2.08,2.22,2.52,1.93,2.08,3.24,2.95,2.37,3.68,3.54,3.1,3.1,3.83,3.24,3.1,3.1,2.81,2.95,3.54,3.83,3.1,2.81,2.66,2.52,3.1,3.1,2.95,3.1,3.39,3.1,3.54,3.39,3.97,3.68,3.68,4.12,4.26,3.54,3.97,3.68,3.39,3.54,3.68,4.56,4.26,4.12,4.56,4.12,4.12,4.26,4.41,4.56,3.83,4.12,4.12,5.14,5.57,5.57,4.7,4.41,4.26,4.26,4.41,4.26,4.12,4.26,4.26,3.54,4.12,3.39,2.52,2.52,3.1,3.1,3.39,2.95,3.39,99999.0,4.41,5.43,4.99,4.85,4.7,4.85,4.26,4.99,4.99,6.16,6.59,6.74,6.16,5.87,6.59,7.18,8.34,8.05,7.91,7.76,8.34,7.76,7.32,6.74,7.18,7.47
-57.5,99999.0,8.05,7.91,6.59,7.03,7.03,6.74,7.03,7.18,7.03,6.89,7.03,7.03,6.89,7.32,7.18,6.3,5.57,5.72,5.43,4.7,4.7,4.7,4.12,3.97,3.97,3.97,3.54,2.95,2.08,1.64,1.79,1.64,2.22,1.93,2.37,2.66,2.37,2.22,2.22,3.39,2.52,2.22,2.52,3.54,3.68,4.41,3.83,4.41,4.41,4.26,4.56,5.72,4.41,4.56,5.87,4.56,4.56,5.14,4.56,5.14,5.28,5.72,4.85,5.72,5.28,5.28,4.99,6.01,6.74,6.89,6.45,6.16,6.45,6.45,6.89,6.59,6.45,6.74,6.59,6.74,6.89,6.74,6.01,6.01,6.45,6.45,6.45,6.45,6.89,6.89,7.03,6.89,6.89,6.89,6.74,7.03,6.89,6.89,7.03,6.89,6.89,7.32,7.18,6.89,7.03,7.18,7.18,6.89,6.01,6.3,6.45,6.3,6.3,6.01,5.87,6.3,6.16,6.16,6.16,6.16,4.99,4.12,4.12,3.39,3.68,3.68,3.54,3.68,3.97,3.83,3.54,3.1,3.24,3.24,3.24,3.24,3.1,3.39,2.37,2.37,1.93,1.5,2.52,2.66,2.81,1.93,1.79,1.64,99999.0,1.35,99999.0,1.06,0.91,1.2,1.06,2.66,1.5,1.5,0.77,2.52,1.93,1.79,2.37,2.52,1.64,1.5,1.5,1.5,1.06,0.48,1.35,0.04,0.62,0.19,0.62,0.33,0.33,0.33,0.33,-0.83,-0.4,0.33,99999.0,0.19,-0.11,0.19,0.19,-1.71,0.33,0.33,0.33,0.48,0.48,0.19,0.48,0.62,0.91,0.33,0.48,0.77,0.48,0.19,1.06,1.64,1.5,1.35,1.5,1.79,2.08,2.22,1.93,2.22,2.52,2.37,1.93,1.93,2.08,2.22,1.93,2.08,2.37,1.64,1.79,2.37,2.22,2.08,2.08,2.22,2.66,2.81,2.52,2.95,2.52,2.81,2.66,2.66,2.66,2.66,2.95,3.1,3.39,3.39,3.54,3.39,3.54,2.52,3.1,3.1,2.66,2.95,2.81,2.81,2.66,2.52,2.37,0.91,1.93,1.64,1.93,1.93,1.93,2.08,2.08,2.81,3.1,2.95,3.1,3.39,3.24,3.24,3.24,2.95,3.1,2.95,3.1,2.95,2.52,2.37,2.52,2.52,2.66,3.24,3.1,2.95,2.66,2.66,2.52,2.81,3.24,3.54,3.1,3.24,3.68,2.66,3.24,3.24,3.39,3.54,4.12,3.54,3.39,3.68,3.83,3.83,3.97,3.97,3.83,3.83,3.54,3.97,4.41,4.56,3.97,3.83,3.83,3.83,3.97,3.83,3.54,3.97,3.39,3.54,3.24,3.39,3.68,3.1,2.66,2.37,3.68,4.12,3.97,4.12,3.97,4.26,4.41,3.83,4.41,4.7,4.85,4.41,4.7,4.12,4.26,5.14,6.89,7.91,7.61,7.47,7.47,7.32,6.59,8.05,7.76,8.05,7.03,6.89,7.03,8.05,8.2
-58.5,5.87,99999.0,6.74,6.3,6.16,6.59,6.01,6.45,6.16,5.87,6.59,6.59,6.59,6.59,5.43,5.28,5.57,5.28,5.14,5.14,4.26,4.12,3.39,2.81,3.68,3.54,2.95,2.52,2.22,1.35,1.5,1.93,1.35,1.64,2.08,1.93,2.52,2.08,2.22,2.37,2.22,2.37,2.22,2.52,2.37,2.22,3.39,4.12,3.54,3.39,3.97,3.54,3.97,4.56,4.7,4.7,3.83,4.41,4.41,3.97,4.7,4.85,4.99,4.7,5.14,5.57,6.3,4.85,4.99,5.57,6.01,6.89,6.45,5.87,5.57,5.14,6.01,6.45,5.87,5.43,5.43,5.87,5.87,6.01,6.45,6.45,5.72,6.01,6.16,6.16,6.45,6.45,5.87,6.16,6.45,7.03,6.89,6.45,6.74,6.59,6.59,7.03,6.74,6.74,6.74,6.89,7.03,6.89,6.59,6.74,6.45,6.3,5.87,5.43,5.28,4.7,4.85,4.26,4.12,3.83,3.83,3.68,3.54,3.68,3.68,3.54,3.39,3.1,2.95,2.22,2.52,2.95,2.95,3.1,2.95,2.37,1.79,1.93,2.22,2.37,2.37,1.93,1.2,1.06,1.06,0.77,0.91,99999.0,99999.0,99999.0,1.2,0.91,-0.69,0.19,1.06,0.33,1.64,2.81,1.35,1.35,1.5,1.5,1.93,2.08,1.35,1.2,1.2,1.79,0.33,1.06,0.77,1.2,0.91,0.77,0.48,0.48,0.19,0.33,0.19,99999.0,-0.98,0.19,-0.25,-0.54,0.04,0.19,0.04,0.33,0.48,0.19,0.48,0.33,0.48,0.33,0.19,0.19,0.62,0.48,0.62,1.06,0.77,1.2,0.91,1.06,1.64,1.35,1.2,1.5,1.79,1.5,2.52,1.64,1.5,1.64,2.08,2.22,1.79,1.93,2.08,1.93,1.79,2.08,2.08,2.22,2.08,2.22,2.37,2.37,2.52,2.22,2.22,2.37,2.08,2.52,2.66,2.37,2.81,2.66,2.37,2.22,3.39,2.37,2.81,2.52,2.81,2.95,2.66,2.37,2.52,2.66,2.52,2.37,1.93,2.37,1.64,1.93,1.5,1.79,1.64,1.35,1.79,1.5,1.79,1.93,2.66,2.52,3.39,3.68,3.39,3.1,2.95,2.95,3.1,2.81,2.81,2.37,2.66,2.52,2.37,2.52,2.37,2.52,2.22,2.66,2.66,3.1,2.37,2.22,2.52,2.95,2.95,3.68,3.97,3.1,3.24,3.24,2.81,2.95,2.95,3.39,3.39,3.24,3.39,3.54,4.12,3.68,3.97,3.39,3.1,3.39,3.1,3.24,3.24,3.54,3.39,3.1,3.1,2.95,3.39,3.54,3.54,3.97,3.68,3.24,3.39,3.39,3.39,2.81,2.66,2.52,2.81,3.1,3.1,3.83,3.54,3.1,3.1,4.26,4.85,4.85,3.97,4.56,4.56,5.87,5.14,5.14,5.57,5.57,6.01,6.89,7.61,7.03,7.03,6.74,6.45,6.3,6.59,6.59,6.45,6.74
-59.5,5.87,5.28,6.01,99999.0,99999.0,5.72,5.57,6.01,6.01,5.14,5.14,5.14,5.72,5.72,4.26,4.85,5.14,5.14,4.99,4.7,3.54,3.39,2.66,2.52,2.95,2.08,1.93,1.64,1.35,1.2,1.2,0.91,1.35,1.5,1.79,1.93,2.08,2.08,1.93,1.93,2.22,2.08,1.5,1.79,1.93,1.93,1.93,2.08,2.66,2.81,2.22,2.08,3.24,2.81,3.54,3.39,3.54,3.97,4.12,3.68,3.83,3.97,3.83,3.97,4.41,4.56,4.7,4.41,4.41,4.56,4.41,4.26,4.41,4.7,5.14,5.14,4.99,5.14,4.99,5.28,5.14,5.43,5.57,5.28,5.57,4.99,5.14,5.43,4.85,5.28,5.14,6.01,6.16,5.72,6.16,7.03,6.89,6.45,6.45,6.59,6.3,6.45,6.3,5.14,5.14,5.43,5.57,5.87,6.01,5.87,5.87,5.57,4.99,4.85,5.14,3.83,3.24,3.54,3.97,3.83,3.54,3.39,3.1,2.52,2.81,2.95,2.37,2.52,2.22,1.5,1.93,1.64,1.2,2.22,2.66,2.52,1.5,1.79,2.08,1.35,1.35,1.35,0.77,1.06,0.48,0.77,0.33,0.62,0.62,0.48,0.91,0.62,0.33,0.33,0.33,1.06,1.64,1.64,1.2,1.06,1.2,0.62,1.2,0.77,0.77,1.2,0.19,0.91,0.19,0.04,0.62,0.48,0.19,-0.25,-0.25,0.19,-0.25,99999.0,99999.0,0.04,0.19,-0.25,0.33,99999.0,-0.69,-0.11,-0.11,0.77,0.62,0.33,0.48,0.48,0.62,0.48,0.48,0.33,0.62,0.62,0.91,0.91,1.35,0.91,1.5,0.77,1.35,1.2,1.5,1.79,1.64,1.5,1.64,1.5,1.79,1.79,1.64,1.93,2.08,1.93,1.93,2.22,2.22,2.22,2.08,2.08,2.08,2.08,2.08,2.22,2.22,2.08,1.79,2.22,2.22,2.22,1.93,2.08,2.52,2.81,2.37,2.52,2.52,2.37,2.37,2.08,2.66,2.81,3.24,2.95,2.66,2.37,2.22,1.79,1.5,1.79,1.64,1.93,1.64,1.79,1.79,1.5,1.93,1.79,1.79,1.93,1.79,2.22,2.81,2.95,2.66,2.52,2.95,3.39,2.66,2.66,2.81,2.95,2.81,2.95,3.24,2.08,2.37,2.52,2.81,2.66,2.81,2.37,2.52,2.08,2.66,2.66,2.66,3.39,2.81,2.81,2.66,2.37,2.81,2.81,2.95,3.24,3.1,3.1,3.24,3.1,3.24,3.24,2.95,2.81,3.1,3.24,2.81,2.95,3.1,3.39,2.81,2.66,2.37,2.66,2.37,2.95,3.24,3.83,3.1,2.81,3.1,3.39,3.1,2.95,2.22,1.64,2.08,1.93,1.93,2.22,2.37,2.66,2.81,2.95,2.81,3.97,3.83,3.1,3.54,5.72,4.56,5.28,5.87,5.72,6.16,7.47,7.32,7.03,6.59,6.89,6.45,6.45,6.01,6.3,6.16,5.72
-60.5,5.72,99999.0,4.7,4.99,4.12,4.56,99999.0,4.56,99999.0,99999.0,4.56,3.83,4.41,5.14,4.41,4.41,3.39,2.95,2.95,2.66,2.52,1.93,2.22,1.93,1.79,1.64,1.35,1.2,1.06,1.64,1.35,1.35,0.62,0.91,1.35,1.2,1.35,1.79,1.5,1.64,1.79,2.08,2.08,1.79,1.64,1.5,1.64,1.93,1.93,2.22,2.22,2.37,2.08,1.5,2.08,3.24,3.68,99999.0,2.81,2.95,3.54,3.24,3.24,3.54,3.83,3.39,3.54,4.56,4.12,4.12,4.12,3.97,3.83,4.26,4.41,4.41,4.41,4.12,4.56,5.14,5.57,4.99,4.7,4.26,4.26,4.41,4.7,4.85,4.7,4.85,4.7,4.99,4.99,5.14,5.43,5.57,5.43,5.72,6.01,6.3,6.3,6.3,5.57,5.14,5.72,5.72,5.87,5.87,5.43,4.7,4.56,4.56,4.56,4.85,3.68,3.54,3.39,3.39,2.95,2.81,2.95,2.81,2.81,2.66,2.52,1.64,1.2,0.62,-0.25,-0.54,0.19,0.33,0.91,0.04,0.33,0.62,0.91,0.62,1.2,0.77,1.06,1.06,0.33,0.33,0.77,0.19,0.19,0.33,0.48,0.19,0.33,0.04,0.62,1.06,1.06,1.35,1.5,1.64,0.91,0.19,99999.0,0.33,-0.25,-0.25,0.48,1.79,0.62,-0.83,0.04,0.04,0.33,0.77,0.62,2.95,-0.11,0.62,99999.0,99999.0,-0.83,-0.4,99999.0,0.19,-1.27,0.33,0.04,-0.98,-0.25,-0.25,0.19,-0.11,0.19,0.48,0.33,0.77,-0.11,0.48,0.62,0.62,0.62,0.91,1.06,0.62,1.64,1.06,1.5,1.35,1.79,1.2,1.64,1.64,1.35,1.35,1.5,1.79,1.5,1.93,1.79,1.79,2.08,1.93,2.08,2.08,2.08,2.22,2.37,2.37,2.22,2.22,2.08,2.22,1.79,2.08,2.08,1.79,1.79,1.79,2.08,2.08,2.08,2.81,2.22,1.79,1.79,2.08,2.37,2.22,2.37,2.37,2.22,2.08,2.22,2.08,1.93,1.64,1.35,1.79,1.5,1.5,1.35,1.5,1.79,1.64,1.5,2.08,2.22,2.08,2.37,2.66,3.1,2.66,2.66,2.81,2.81,3.1,2.52,3.1,2.66,2.66,2.66,2.52,2.37,2.37,2.37,1.93,2.22,2.08,2.08,2.08,1.79,2.08,1.93,2.37,2.22,2.37,2.37,2.66,2.95,2.37,2.22,2.37,2.81,2.37,2.52,2.52,2.37,1.93,2.95,2.66,2.81,2.66,2.52,2.37,2.52,2.66,2.37,1.93,1.93,1.93,2.22,2.37,2.37,2.37,2.95,2.52,2.66,2.52,3.1,2.66,2.22,1.79,0.91,2.08,1.93,2.08,2.52,2.52,2.37,1.93,2.52,2.52,3.1,2.37,2.66,2.66,2.66,2.81,3.24,3.54,4.12,5.14,6.01,5.57,6.3,6.59,5.57,6.01,5.28,5.43,5.28,5.72
-61.5,4.56,99999.0,4.12,4.26,99999.0,4.12,2.81,99999.0,99999.0,2.81,1.5,3.1,3.1,3.39,2.52,1.93,2.08,2.08,2.22,2.22,2.08,1.79,1.79,1.64,1.35,1.5,1.06,1.06,0.77,1.06,1.06,0.77,0.48,-1.71,0.62,0.91,1.2,0.91,0.33,1.35,1.2,1.35,1.2,1.2,1.5,1.35,1.64,1.5,1.79,1.64,1.79,1.64,2.08,2.22,2.66,2.37,2.37,2.81,2.52,2.37,2.52,2.22,2.37,2.81,3.24,2.81,2.81,2.95,3.24,3.83,3.68,3.68,3.24,3.1,3.24,3.24,3.24,3.97,3.1,3.24,3.68,3.68,3.68,4.41,4.41,4.41,4.56,4.26,3.24,3.54,3.39,3.83,4.26,4.7,4.12,4.12,4.56,4.41,4.99,4.99,4.85,4.99,5.14,5.43,5.14,5.43,4.99,4.56,4.26,4.26,4.26,4.12,3.39,2.95,3.39,3.54,3.1,2.95,2.66,2.37,2.22,1.64,1.79,1.79,1.5,0.91,0.04,-0.11,-0.69,-0.11,-0.11,0.04,-0.25,0.33,0.33,0.62,0.48,-0.25,-0.69,-0.4,-0.69,0.48,0.91,-0.4,-0.11,0.04,-1.13,-0.54,-0.54,-0.25,-0.11,-0.83,-0.69,0.62,-0.4,-0.4,-1.71,-0.4,-0.69,-0.11,-0.69,99999.0,-0.98,-0.69,99999.0,0.33,-0.54,-0.11,99999.0,99999.0,99999.0,-0.54,-0.4,-0.54,-0.25,0.04,99999.0,-0.83,-0.11,-1.27,-0.25,-0.54,-0.4,0.33,-0.11,-0.11,0.19,-0.25,0.04,-0.11,0.19,0.19,0.04,0.48,0.48,0.62,0.48,1.35,1.64,1.93,1.64,0.19,0.91,1.5,1.5,1.2,1.2,1.5,1.2,1.35,1.79,1.79,1.79,1.2,1.5,2.08,1.64,1.79,1.93,2.08,1.93,2.22,1.79,2.08,1.79,1.93,1.79,1.93,1.79,1.64,1.64,1.5,1.5,1.5,1.5,1.5,1.79,1.64,1.64,1.93,1.93,1.5,1.79,2.08,1.79,1.93,2.37,1.93,2.22,1.93,1.79,1.79,2.22,2.08,2.08,2.22,1.93,1.2,0.19,1.35,1.93,2.08,1.93,1.79,1.93,1.93,2.37,2.22,2.37,2.37,2.37,2.37,2.22,2.66,2.52,2.52,2.81,2.37,2.37,2.95,2.37,2.37,2.37,2.37,1.93,2.22,2.08,2.08,1.93,1.79,1.64,1.93,2.08,2.37,2.37,2.66,2.81,1.79,1.64,2.22,1.93,2.66,2.66,2.08,2.22,2.37,2.37,2.37,2.08,1.64,1.93,1.35,2.08,1.5,2.08,1.64,2.08,1.93,2.08,1.93,0.91,1.2,1.2,1.64,1.93,1.93,1.5,1.5,1.64,1.5,1.64,1.06,1.79,1.93,1.64,1.79,1.64,2.66,1.93,1.5,1.79,2.22,2.08,1.93,2.22,3.24,2.37,2.95,3.24,2.66,2.95,4.7,5.14,4.56,4.56,4.7,4.41,4.7,4.26,4.7
-62.5,99999.0,99999.0,3.97,3.39,2.81,3.24,3.24,99999.0,99999.0,1.5,1.64,0.91,99999.0,99999.0,1.79,1.64,1.35,1.5,1.64,1.2,1.2,1.5,1.35,1.2,1.79,0.91,0.77,0.77,0.48,1.06,0.62,0.62,0.04,0.77,0.62,0.19,0.48,0.33,0.62,0.77,0.77,1.06,0.48,1.2,3.24,1.5,1.35,1.2,0.91,1.2,1.5,2.08,1.5,2.22,2.37,1.79,2.66,2.37,2.37,2.95,1.93,2.81,1.79,2.52,2.52,2.66,2.95,3.1,3.24,2.66,3.1,2.37,2.95,3.39,2.95,3.24,2.95,2.95,3.1,2.66,3.1,3.54,3.97,3.39,3.97,3.83,3.68,3.1,3.24,3.39,3.24,3.83,4.12,3.83,4.12,3.83,4.41,4.7,4.56,4.85,5.14,5.28,5.28,5.43,3.97,2.95,3.54,3.54,3.54,3.39,3.54,2.81,3.1,2.81,2.95,2.81,2.66,2.52,1.35,1.64,2.08,1.2,0.33,-0.69,-0.98,-0.83,-0.83,0.04,-0.4,0.19,-0.25,-0.11,-0.4,-0.11,-0.69,-0.98,-0.69,-0.69,-0.54,0.33,-1.13,-1.13,-0.98,-1.13,-0.4,-0.54,-0.25,-1.27,-1.71,-1.27,-1.42,-0.11,-0.4,-0.69,99999.0,-1.71,-1.42,-1.56,-0.4,99999.0,-0.83,-0.4,-0.4,-0.98,-0.83,-0.4,-0.69,-0.4,-1.13,-0.4,-0.4,-0.4,-0.11,99999.0,0.19,0.04,0.04,0.19,-0.54,-0.11,-0.4,0.19,0.33,0.04,0.04,-0.11,-0.11,-0.54,-0.4,-0.11,-0.11,0.19,0.33,0.33,0.48,0.62,1.06,1.5,1.06,1.06,1.2,0.91,0.62,1.35,1.06,0.91,1.5,1.35,1.35,1.35,1.5,1.35,1.35,1.35,1.2,1.79,1.5,1.5,1.5,1.5,1.5,1.35,1.5,1.35,1.64,1.64,1.5,1.35,1.2,0.62,0.77,1.5,1.5,1.79,1.64,2.08,1.06,1.35,1.64,1.5,1.35,1.2,1.35,1.2,1.64,1.79,1.64,1.35,1.64,1.64,1.35,1.64,1.93,1.64,2.08,1.79,1.93,0.91,1.2,1.79,2.22,1.93,1.93,1.93,1.79,1.64,1.93,1.93,2.08,2.52,2.08,2.37,2.37,2.52,2.22,2.52,2.22,2.66,2.66,2.37,2.37,2.22,2.08,2.22,2.37,2.22,1.79,2.08,1.35,1.93,1.93,1.64,1.35,2.22,2.08,2.52,3.83,2.52,2.52,2.37,2.08,1.93,2.08,2.66,1.93,1.93,1.79,1.5,1.5,1.5,1.64,2.08,1.64,1.2,1.06,1.2,1.35,1.64,0.91,1.35,1.35,1.79,1.64,1.64,0.62,0.62,-0.11,1.35,0.77,1.06,0.91,1.06,0.48,0.62,0.77,1.5,1.5,1.2,1.5,1.2,1.2,1.2,1.5,1.79,1.79,1.79,2.52,3.39,2.37,2.22,1.79,0.77,2.08,2.95,2.95,3.68,3.54,3.39,3.97,4.26
-63.5,4.7,3.97,99999.0,99999.0,99999.0,2.81,99999.0,99999.0,99999.0,2.22,2.08,99999.0,1.35,99999.0,1.06,1.93,1.64,2.22,1.2,99999.0,1.35,1.2,1.35,0.91,0.48,0.04,0.33,-0.11,-0.11,-0.83,0.04,0.19,-0.54,0.19,0.48,0.77,0.33,0.62,0.62,0.48,0.33,0.19,0.77,0.91,0.62,0.91,1.06,1.64,0.62,1.64,1.64,0.62,0.91,0.33,1.79,2.52,1.64,2.08,2.52,1.5,1.79,1.64,1.5,2.08,1.2,1.2,2.22,2.52,2.37,2.95,2.52,2.95,2.22,3.24,2.81,1.64,1.79,2.52,2.22,2.66,2.66,2.37,2.37,2.66,2.37,2.95,3.54,2.81,2.66,3.39,3.24,3.39,3.1,3.24,3.24,3.24,2.66,2.66,2.66,2.81,2.66,2.81,2.95,2.95,2.95,2.81,3.1,2.81,2.81,2.52,2.52,2.37,2.95,2.95,2.81,2.37,2.37,1.64,2.22,1.35,2.22,99999.0,-0.4,-0.83,-0.4,-0.4,-0.54,-0.4,-0.4,-0.25,-0.11,-0.69,-0.69,-0.69,-0.83,0.48,99999.0,-0.25,-1.13,99999.0,-0.69,99999.0,-1.27,-1.27,-1.27,-0.4,-0.69,-0.54,-0.98,-1.27,99999.0,-1.42,99999.0,-1.13,-0.83,-0.69,-0.25,0.04,99999.0,0.04,-0.54,-1.42,-0.98,-0.69,-0.4,-0.69,-0.69,-0.83,-1.42,-0.11,99999.0,99999.0,99999.0,99999.0,-0.69,-0.69,0.33,0.04,0.19,-0.25,-0.25,0.04,0.33,0.19,99999.0,0.33,-0.25,0.04,0.19,0.19,-0.25,0.19,0.48,0.48,0.62,0.62,0.91,1.06,0.33,0.33,0.19,0.77,1.06,1.35,-1.13,-0.25,1.06,1.35,2.52,1.5,0.77,1.2,1.06,0.91,1.2,1.2,1.06,1.5,0.91,0.62,1.06,1.35,1.2,0.91,0.91,0.91,0.33,1.06,1.79,0.91,1.06,0.91,1.2,1.35,1.35,1.35,1.2,1.2,1.06,1.2,1.5,1.79,1.79,1.2,1.64,1.5,1.35,1.2,1.2,1.5,1.5,1.5,1.64,2.08,-0.11,1.06,1.2,1.93,1.5,1.93,2.08,1.93,1.79,1.64,1.79,1.64,1.79,2.22,2.37,1.64,1.93,1.64,1.93,1.35,1.5,1.06,0.62,1.64,1.2,1.79,1.2,1.35,0.62,1.79,1.35,1.35,0.62,0.62,1.64,1.5,1.35,1.35,1.5,1.5,2.08,1.79,1.79,3.39,1.5,2.22,2.22,1.64,1.35,2.08,2.37,1.5,1.79,2.37,1.2,2.37,2.52,1.79,2.08,2.66,1.93,1.79,2.37,0.77,2.08,99999.0,0.62,0.91,1.2,1.2,1.2,1.2,1.06,1.2,0.77,-0.25,0.62,0.19,-0.83,0.04,0.62,0.19,0.33,-0.4,1.2,0.77,0.77,0.77,0.77,1.06,1.35,1.35,1.93,1.64,1.2,1.5,1.79,1.06,1.06,0.91,1.64,1.35,2.66,2.66,2.81,2.95
-64.5,2.52,99999.0,99999.0,99999.0,99999.0,99999.0,1.64,99999.0,1.5,2.08,1.2,1.06,1.06,0.91,0.91,0.91,1.06,0.91,0.77,0.77,0.62,0.62,0.62,-0.25,0.19,0.19,0.33,0.04,0.33,0.04,0.33,0.48,0.48,0.19,0.33,0.48,0.62,0.04,0.33,-0.11,0.19,0.04,-0.11,0.48,0.33,0.04,-0.25,0.33,-0.54,0.04,0.04,0.77,0.77,1.06,2.08,1.35,3.24,99999.0,1.93,2.08,2.37,1.64,1.06,0.62,1.2,1.06,1.79,2.08,2.37,1.93,1.79,1.64,1.64,1.93,1.79,1.5,1.5,1.5,1.64,1.64,1.5,1.2,2.22,2.37,2.66,2.52,2.52,2.22,1.64,1.79,3.39,3.54,4.12,3.39,2.52,1.93,2.08,2.22,2.08,2.37,2.22,2.22,2.37,2.37,2.52,1.93,1.93,2.37,2.66,2.22,2.52,2.37,2.81,3.24,2.81,2.22,99999.0,1.93,99999.0,99999.0,99999.0,-0.11,-0.4,-0.4,-0.11,-0.11,-0.25,-0.11,-0.25,-0.69,-0.69,-0.98,-0.83,-1.13,0.04,-0.11,99999.0,99999.0,99999.0,-1.13,99999.0,-1.27,-0.11,-1.13,-0.98,-1.27,-1.13,-1.13,-1.42,-1.27,-1.27,-1.27,-0.69,-0.4,-0.83,0.19,-0.25,-0.69,-0.25,-0.54,-0.25,-0.98,-0.4,0.04,-0.25,-0.4,-0.4,-0.11,-0.25,99999.0,0.04,-0.25,-0.11,0.19,99999.0,0.33,0.04,-0.4,0.33,-0.11,0.33,0.33,0.33,0.33,0.48,0.91,0.62,0.62,0.48,0.48,0.62,0.62,0.48,0.48,1.2,0.91,0.62,1.35,0.04,0.04,0.77,1.06,1.35,0.48,0.91,0.19,0.91,0.77,1.35,1.2,1.06,0.91,1.2,0.62,0.91,0.91,1.06,0.91,0.77,0.91,0.77,0.48,0.77,0.77,0.91,1.06,0.77,0.77,0.19,1.06,0.62,0.62,0.62,0.62,0.62,1.2,0.91,1.06,1.06,1.2,1.35,1.06,1.2,1.5,1.35,1.35,1.2,1.2,1.35,1.35,1.5,1.64,1.64,1.79,1.5,0.48,1.64,2.08,1.93,2.22,2.08,1.79,1.79,2.08,1.79,1.35,1.93,2.08,1.5,1.64,1.2,0.91,0.33,-0.4,-0.54,-0.69,-0.69,-0.4,-0.54,-0.54,-0.54,-1.42,-0.54,-0.69,-0.4,0.19,0.62,0.77,1.06,0.77,0.48,0.62,0.62,0.62,0.91,1.93,1.5,1.2,1.2,0.48,1.2,1.35,0.91,1.06,1.06,99999.0,-0.69,0.19,0.62,1.06,-0.11,0.04,99999.0,99999.0,99999.0,99999.0,-0.69,-0.83,-0.11,0.19,0.77,0.48,0.62,0.77,0.62,0.91,0.62,-0.4,0.77,-0.98,-0.98,-1.13,-1.13,-1.42,-0.98,-1.42,-0.69,-0.98,-0.54,-0.11,-0.25,0.19,0.77,0.62,0.77,0.91,0.91,0.77,1.35,0.77,1.2,0.77,1.35,2.08,-0.25,0.77,1.5,1.06,1.64,2.22
-65.5,99999.0,99999.0,99999.0,99999.0,99999.0,0.62,99999.0,0.77,1.06,0.91,0.33,0.48,0.77,99999.0,0.48,0.62,2.08,0.33,99999.0,-0.11,-0.11,-0.4,0.04,0.04,99999.0,0.19,0.04,0.04,0.19,0.19,0.04,0.04,-0.11,0.19,0.33,0.04,0.48,-1.27,-0.83,-0.98,-0.4,0.19,-0.54,-0.4,-0.54,99999.0,0.77,0.04,0.19,0.19,0.91,1.2,1.93,0.33,-0.25,-0.11,0.19,0.33,0.91,0.33,0.77,0.48,0.33,0.48,0.48,0.91,0.77,0.77,0.62,1.64,1.79,1.2,1.2,1.06,1.06,0.77,0.91,1.35,1.06,0.62,0.91,1.64,0.91,1.5,1.2,1.5,1.35,1.93,1.79,1.5,1.35,1.64,1.64,1.64,1.79,1.79,1.93,2.08,1.79,1.64,1.2,1.93,1.64,1.5,1.35,1.64,2.08,2.08,1.79,2.08,2.22,2.81,2.81,3.68,3.97,3.1,99999.0,99999.0,99999.0,99999.0,-0.25,-0.4,-0.54,-0.4,-0.25,-0.25,0.19,0.04,99999.0,-1.13,-0.25,-0.69,-0.54,-0.11,-0.98,99999.0,99999.0,99999.0,-0.98,99999.0,99999.0,99999.0,99999.0,-1.27,-0.69,-0.98,-0.54,-0.25,-1.13,-0.69,99999.0,99999.0,-1.42,-1.13,-1.42,-0.83,99999.0,-0.83,99999.0,-0.83,-1.13,-0.4,-0.11,-0.11,99999.0,-0.69,-0.54,-0.4,-0.4,-0.54,-0.69,-0.11,-0.11,0.19,0.19,99999.0,0.04,-0.11,0.48,0.04,0.19,0.19,0.19,0.04,0.48,0.48,1.64,1.2,0.77,0.91,0.91,0.77,0.48,1.2,1.06,0.77,0.48,0.62,0.04,-0.11,0.33,0.91,0.91,0.48,0.62,0.77,0.91,0.91,1.2,1.06,0.91,0.77,0.77,0.77,0.62,1.06,0.91,0.62,1.06,0.77,0.77,0.62,0.62,0.91,0.62,0.77,0.19,0.19,-0.25,-0.25,-0.69,-0.98,-0.83,-0.54,-0.83,-0.25,-0.83,-0.54,-0.11,0.77,0.77,1.35,0.62,0.77,0.77,0.77,0.91,0.48,0.91,1.2,1.5,1.93,1.5,1.2,1.35,1.79,1.64,1.35,1.93,1.2,-0.69,-0.69,-0.25,0.77,0.19,0.04,-0.4,-0.25,0.33,0.48,-0.83,-0.4,-0.4,-0.25,-0.4,99999.0,99999.0,99999.0,-0.69,-0.4,99999.0,-0.4,99999.0,99999.0,99999.0,0.04,0.62,0.91,0.62,0.48,-0.25,-0.54,-0.69,-1.27,99999.0,-1.71,-0.83,0.62,0.91,0.91,-0.69,0.48,0.04,-0.54,-1.13,-0.4,-0.83,-0.83,-0.98,99999.0,-0.69,-0.69,-0.54,-0.54,99999.0,-0.25,99999.0,-0.83,-0.11,-0.4,-0.54,-0.83,-0.69,-0.69,-0.98,-0.25,-0.54,-0.4,-0.4,-0.4,99999.0,99999.0,-0.83,-0.83,-0.83,-1.56,-0.83,-0.83,-1.42,-1.42,-0.4,-0.54,0.33,0.91,0.48,0.19,0.48,0.62,0.77,1.06,0.91,0.91,1.06,0.77,0.77,1.06,1.2,1.5,1.79,1.2
-66.5,1.06,0.77,99999.0,99999.0,1.06,0.48,99999.0,99999.0,0.48,99999.0,-0.11,-0.25,-0.11,-0.25,-0.25,-0.25,-0.11,-0.83,99999.0,-0.11,-0.69,0.04,-0.25,-0.11,-0.11,0.04,-0.11,-0.25,-0.25,-0.54,-0.4,-0.69,-0.11,0.04,-0.4,0.19,-0.11,-0.54,-0.83,-1.13,-0.98,-0.69,-0.98,-0.54,-1.27,-0.54,-1.42,-1.27,-0.69,-1.56,-1.56,-0.4,0.48,-0.25,-0.4,-0.25,0.33,-0.25,-0.4,-0.54,-0.25,-0.25,0.62,0.04,0.62,-0.11,0.04,0.33,0.48,0.33,0.19,0.04,0.33,0.33,0.33,0.77,0.91,0.77,0.62,0.91,0.77,0.91,1.2,1.06,1.2,1.06,1.06,1.06,0.91,1.35,1.2,1.06,1.06,1.2,1.2,1.35,1.5,1.35,1.35,1.35,1.2,1.06,1.5,1.5,1.64,1.64,1.79,1.93,2.08,2.37,2.95,3.24,2.81,2.81,99999.0,99999.0,99999.0,99999.0,99999.0,-0.25,-0.11,-0.4,-0.4,-0.54,-0.54,0.04,99999.0,0.04,-0.25,-0.4,-0.25,0.04,0.04,-0.25,99999.0,99999.0,-0.25,99999.0,99999.0,99999.0,99999.0,99999.0,99999.0,99999.0,-1.27,-0.98,-1.13,-1.27,-1.56,99999.0,99999.0,99999.0,99999.0,99999.0,-0.98,-1.27,-0.98,-0.25,99999.0,-1.27,99999.0,-1.27,99999.0,-0.83,-1.27,99999.0,-0.83,-0.4,-0.25,-0.11,-0.4,-1.27,-0.4,-0.54,0.19,-0.98,-0.25,0.04,0.19,0.19,0.33,0.33,0.91,1.06,0.77,0.48,1.35,0.62,0.77,0.62,0.48,0.48,0.77,0.77,-1.13,0.91,-0.25,0.04,-0.25,99999.0,0.33,0.62,0.77,0.48,0.77,0.77,0.62,0.62,0.48,0.62,1.06,0.91,0.77,0.62,0.62,0.77,0.33,0.48,0.91,0.62,0.91,0.91,0.62,0.19,0.62,-0.4,-0.83,-0.69,-0.54,-0.25,99999.0,99999.0,99999.0,99999.0,99999.0,99999.0,99999.0,-0.4,-0.69,-0.11,-0.4,-0.25,-0.4,0.04,-0.11,-0.11,0.33,0.62,0.62,0.62,0.62,0.91,0.91,1.06,1.35,0.48,-0.25,-0.54,-0.54,0.04,-0.11,-0.83,99999.0,99999.0,99999.0,99999.0,99999.0,99999.0,99999.0,-0.69,-0.54,-0.4,-0.25,-0.25,99999.0,99999.0,99999.0,99999.0,99999.0,99999.0,99999.0,99999.0,99999.0,99999.0,99999.0,99999.0,99999.0,99999.0,0.19,0.04,99999.0,99999.0,99999.0,99999.0,99999.0,99999.0,99999.0,1.5,1.5,1.06,0.62,0.62,99999.0,-0.83,99999.0,99999.0,99999.0,-0.69,-0.4,-0.4,99999.0,99999.0,99999.0,99999.0,99999.0,99999.0,99999.0,99999.0,99999.0,-0.69,0.04,-0.69,-0.4,-0.4,-0.11,-0.4,-0.11,0.33,-1.13,99999.0,-0.54,0.48,-0.69,-1.13,-1.27,-1.13,-0.25,-0.4,-1.13,-0.54,0.19,-0.69,-0.83,-0.54,-0.25,0.19,0.48,0.62,0.48,0.62,0.77,0.62,0.77,1.2,0.62,0.19,-0.11,0.48,0.48,1.06
-67.5,99999.0,99999.0,99999.0,0.91,99999.0,99999.0,99999.0,99999.0,99999.0,-0.4,-0.11,-0.83,99999.0,-0.4,-0.69,-1.27,-0.69,-0.83,-0.4,-0.69,-0.54,-0.4,-0.25,-0.11,99999.0,-0.25,-0.4,-1.13,-0.83,-0.4,-0.4,-0.4,-0.25,-0.54,-0.98,-0.11,-0.54,-0.83,-1.42,99999.0,-0.98,-0.83,-0.98,99999.0,-1.27,-1.42,-1.13,-1.42,99999.0,99999.0,99999.0,-0.98,-0.98,99999.0,99999.0,-1.71,-1.27,-1.42,-1.27,-1.42,-0.69,-0.83,-0.98,-0.11,0.04,-0.11,0.04,-0.11,-0.11,0.04,0.19,-0.54,-0.11,-0.11,0.19,0.33,0.19,0.19,0.62,0.62,0.48,0.04,0.33,0.62,0.91,0.77,0.77,1.2,1.06,1.06,1.2,1.06,1.06,1.06,1.06,1.06,1.06,0.91,1.06,1.2,1.35,1.35,1.5,1.35,1.35,1.35,1.35,2.52,2.52,2.52,2.08,99999.0,99999.0,99999.0,99999.0,99999.0,99999.0,99999.0,99999.0,99999.0,-0.11,-0.25,-0.25,-0.4,-0.4,-0.25,-0.11,0.04,-0.25,-0.25,-0.11,-0.11,-0.25,-0.4,-0.4,-0.83,-0.83,99999.0,99999.0,99999.0,99999.0,99999.0,99999.0,99999.0,99999.0,99999.0,99999.0,99999.0,99999.0,99999.0,-1.56,99999.0,-1.27,-1.42,99999.0,99999.0,99999.0,-1.56,-1.56,-1.56,-1.42,99999.0,-0.83,-0.83,-0.4,-0.4,-0.25,-0.11,-0.11,-0.25,-0.25,-0.25,-0.4,-0.11,-0.25,-0.11,-0.4,0.19,0.04,0.19,0.04,0.04,-0.69,0.62,0.04,0.19,0.33,-0.11,0.48,-0.11,0.04,0.91,0.04,0.04,-0.4,0.48,1.06,0.62,0.62,1.06,1.79,1.5,0.91,0.33,0.48,0.33,-0.11,0.77,0.48,0.33,-0.11,-0.69,-0.25,-0.54,-0.25,0.62,-0.11,-0.25,0.19,0.04,0.19,-0.25,-0.69,-0.54,-0.69,-0.69,99999.0,-0.54,99999.0,99999.0,99999.0,99999.0,99999.0,99999.0,99999.0,99999.0,99999.0,99999.0,99999.0,99999.0,99999.0,99999.0,-0.25,99999.0,-0.54,0.19,1.06,0.62,0.77,-0.4,-0.69,-0.25,-0.11,-0.25,0.04,0.33,0.33,0.62,1.79,1.64,1.79,99999.0,99999.0,99999.0,99999.0,99999.0,99999.0,99999.0,99999.0,99999.0,99999.0,99999.0,99999.0,99999.0,99999.0,99999.0,99999.0,99999.0,99999.0,99999.0,99999.0,99999.0,99999.0,99999.0,99999.0,99999.0,99999.0,99999.0,99999.0,99999.0,99999.0,99999.0,99999.0,99999.0,99999.0,99999.0,99999.0,99999.0,99999.0,99999.0,99999.0,99999.0,99999.0,99999.0,99999.0,99999.0,99999.0,99999.0,99999.0,99999.0,99999.0,99999.0,99999.0,99999.0,99999.0,99999.0,99999.0,99999.0,99999.0,99999.0,99999.0,99999.0,99999.0,99999.0,99999.0,99999.0,0.04,-0.11,-0.25,-1.27,-1.56,-1.56,99999.0,-1.56,-1.42,-1.27,-1.42,99999.0,-1.56,-1.42,-1.27,-1.13,99999.0,99999.0,-1.56,-1.56,-0.69,-0.54,0.19,0.33,0.48,0.19,0.48,0.62,0.77,0.62,0.33,0.19,0.33,0.48
-68.5,99999.0,99999.0,99999.0,99999.0,99999.0,99999.0,-1.13,-0.83,0.62,99999.0,99999.0,99999.0,99999.0,99999.0,99999.0,99999.0,-1.27,-0.54,-0.54,99999.0,-0.83,-1.42,-0.98,-0.98,-0.25,-0.69,-0.54,-1.13,-1.27,-0.83,-0.54,-1.42,-0.98,-1.27,-1.27,-0.83,-0.54,-0.98,-1.42,-1.56,-1.42,-1.13,-1.13,99999.0,-1.13,-1.71,-1.42,-1.71,99999.0,99999.0,-1.27,99999.0,-1.71,1.2,99999.0,99999.0,-1.71,-1.71,-1.56,-1.71,99999.0,-1.27,99999.0,-0.4,-0.4,-0.25,-0.11,-0.4,0.04,-0.11,-0.69,0.19,0.33,0.19,0.33,0.33,0.19,-0.11,-0.54,-0.98,-0.25,0.48,0.77,0.62,0.77,0.48,0.33,0.33,0.33,0.91,1.35,0.91,0.91,1.2,0.91,1.2,1.06,0.91,0.91,0.62,0.48,0.91,0.77,1.2,1.06,1.2,1.79,1.93,1.79,2.08,2.37,4.12,4.26,99999.0,99999.0,99999.0,99999.0,99999.0,99999.0,99999.0,99999.0,-0.11,-0.11,-0.25,-0.11,-0.25,-0.25,-0.25,-0.11,-0.25,0.04,-0.4,-0.25,-0.54,-0.69,-0.69,99999.0,99999.0,-0.98,-0.69,-0.54,-0.54,-0.69,99999.0,99999.0,99999.0,99999.0,99999.0,99999.0,-1.42,99999.0,-0.98,-1.56,-1.13,-0.98,99999.0,99999.0,-1.27,-1.27,-0.83,-1.71,-1.13,-0.69,-0.11,0.04,-0.25,-0.54,-0.4,-0.25,-0.98,-1.42,99999.0,0.04,-0.69,-0.4,-0.4,-0.69,0.04,0.04,-0.11,0.04,0.04,0.04,0.48,0.48,0.19,0.04,0.04,0.19,0.04,-0.54,0.04,0.77,0.62,1.35,0.48,0.62,0.77,0.77,1.06,0.62,0.33,-0.25,0.33,-0.25,0.04,-1.42,-0.69,-1.42,-1.13,-0.54,99999.0,-0.4,-0.98,-0.11,-1.27,-0.98,-0.54,0.04,-0.54,-0.54,99999.0,99999.0,99999.0,99999.0,99999.0,99999.0,99999.0,99999.0,99999.0,99999.0,99999.0,99999.0,99999.0,99999.0,99999.0,99999.0,99999.0,99999.0,99999.0,99999.0,99999.0,99999.0,99999.0,99999.0,99999.0,99999.0,99999.0,99999.0,99999.0,-1.13,-0.54,-0.25,-0.25,0.33,0.62,0.77,2.37,99999.0,99999.0,99999.0,99999.0,99999.0,99999.0,99999.0,99999.0,99999.0,99999.0,99999.0,99999.0,99999.0,99999.0,99999.0,99999.0,99999.0,99999.0,99999.0,99999.0,99999.0,99999.0,99999.0,99999.0,99999.0,99999.0,99999.0,99999.0,99999.0,99999.0,99999.0,99999.0,99999.0,99999.0,99999.0,99999.0,99999.0,99999.0,99999.0,99999.0,99999.0,99999.0,99999.0,99999.0,99999.0,99999.0,99999.0,99999.0,99999.0,99999.0,99999.0,99999.0,99999.0,99999.0,99999.0,99999.0,99999.0,99999.0,99999.0,99999.0,99999.0,99999.0,99999.0,99999.0,99999.0,99999.0,99999.0,99999.0,99999.0,99999.0,99999.0,99999.0,99999.0,99999.0,99999.0,99999.0,99999.0,-0.98,-1.42,99999.0,99999.0,99999.0,99999.0,99999.0,-1.56,99999.0,99999.0,-1.71,-1.42,-1.27,-1.27,-0.98,-0.69,0.04,0.19,0.62,0.33,0.33,0.48,-0.25,0.04,0.04
-69.5,99999.0,99999.0,99999.0,99999.0,99999.0,99999.0,99999.0,99999.0,99999.0,99999.0,99999.0,99999.0,99999.0,99999.0,99999.0,99999.0,99999.0,99999.0,-1.42,99999.0,99999.0,99999.0,-0.54,-0.4,99999.0,99999.0,99999.0,-0.98,-1.27,-0.98,-1.27,99999.0,-1.13,-1.56,-1.42,99999.0,-1.42,99999.0,-1.71,-1.71,-1.27,-1.27,99999.0,-1.42,-0.98,-1.71,99999.0,-1.71,-1.27,99999.0,99999.0,-1.42,99999.0,99999.0,99999.0,99999.0,99999.0,99999.0,-1.27,-1.56,-0.83,99999.0,99999.0,-1.71,-0.98,-1.27,-1.13,-1.42,-0.83,-0.25,0.33,0.33,-0.25,0.04,-0.25,0.04,-0.11,0.04,0.33,0.19,0.48,0.91,-0.69,-0.11,0.04,-0.25,-0.4,0.77,0.48,0.04,-0.25,0.33,-0.25,-0.4,0.04,0.33,0.33,0.77,0.77,0.62,0.77,0.62,0.48,0.77,0.62,0.48,-0.54,99999.0,99999.0,99999.0,0.77,99999.0,99999.0,99999.0,99999.0,99999.0,99999.0,99999.0,99999.0,99999.0,-0.4,-0.11,-0.11,-0.25,-0.25,-0.25,-0.25,-0.11,-0.11,0.04,-0.11,-0.4,-0.54,-0.25,-0.4,99999.0,99999.0,-0.69,-0.83,-0.69,-0.83,99999.0,99999.0,99999.0,99999.0,99999.0,99999.0,99999.0,99999.0,99999.0,99999.0,99999.0,99999.0,99999.0,99999.0,99999.0,-1.42,-1.13,-1.13,-0.98,-1.56,-1.42,-1.13,-1.27,99999.0,-0.54,-1.42,-0.98,-0.4,-0.25,-0.54,0.33,-0.4,-0.25,0.33,0.04,-0.4,-0.69,-1.42,99999.0,-0.54,0.19,0.62,0.48,0.48,0.19,-0.4,-0.25,-0.4,-0.54,-0.4,-0.4,-0.25,-0.98,99999.0,-0.83,-0.83,-0.11,-0.11,-0.54,0.33,0.33,0.33,-0.54,99999.0,-0.4,-0.54,-0.11,-0.54,99999.0,99999.0,99999.0,99999.0,99999.0,99999.0,99999.0,99999.0,99999.0,0.77,0.91,99999.0,99999.0,99999.0,99999.0,99999.0,99999.0,99999.0,99999.0,99999.0,99999.0,99999.0,99999.0,99999.0,99999.0,99999.0,99999.0,99999.0,99999.0,99999.0,99999.0,99999.0,99999.0,99999.0,99999.0,99999.0,99999.0,99999.0,99999.0,99999.0,99999.0,99999.0,99999.0,99999.0,99999.0,-0.4,99999.0,99999.0,99999.0,99999.0,99999.0,99999.0,99999.0,99999.0,99999.0,99999.0,99999.0,99999.0,99999.0,99999.0,99999.0,99999.0,99999.0,99999.0,99999.0,99999.0,99999.0,99999.0,99999.0,99999.0,99999.0,99999.0,99999.0,99999.0,99999.0,99999.0,99999.0,99999.0,99999.0,99999.0,99999.0,99999.0,99999.0,99999.0,99999.0,99999.0,99999.0,99999.0,99999.0,99999.0,99999.0,99999.0,99999.0,99999.0,99999.0,99999.0,99999.0,99999.0,99999.0,99999.0,99999.0,99999.0,99999.0,99999.0,99999.0,99999.0,99999.0,99999.0,99999.0,99999.0,99999.0,99999.0,99999.0,99999.0,99999.0,99999.0,99999.0,99999.0,99999.0,99999.0,99999.0,99999.0,99999.0,99999.0,99999.0,99999.0,99999.0,99999.0,99999.0,99999.0,99999.0,-1.71,99999.0,-1.56,-1.71,-1.42,99999.0,99999.0,99999.0,99999.0,-0.69,-0.83,-0.4,-1.71,-0.4,0.19,0.33,0.19,0.33,0.33,0.33
-70.5,99999.0,99999.0,99999.0,99999.0,99999.0,99999.0,99999.0,99999.0,99999.0,99999.0,99999.0,99999.0,-1.13,99999.0,99999.0,-0.83,-1.27,-1.13,-1.42,-1.27,99999.0,-1.42,99999.0,-0.69,-1.56,-1.42,-0.98,-1.71,-0.11,-0.69,99999.0,99999.0,99999.0,99999.0,99999.0,-1.71,-1.42,-1.85,-1.71,-1.56,-0.83,-1.56,99999.0,-1.27,-1.56,-1.13,-0.83,99999.0,99999.0,99999.0,99999.0,99999.0,99999.0,99999.0,99999.0,99999.0,99999.0,-1.56,-1.71,99999.0,99999.0,99999.0,99999.0,-1.71,-1.71,99999.0,99999.0,99999.0,-0.98,-1.42,-0.83,-1.42,-1.56,-0.54,-1.42,-0.69,-0.4,-1.13,-0.69,-0.98,99999.0,99999.0,-0.83,99999.0,99999.0,99999.0,-0.83,-1.13,99999.0,99999.0,-1.42,-1.71,-0.98,-0.25,-0.54,-0.11,-0.4,0.62,0.77,0.77,0.77,0.19,0.33,0.04,-0.83,-0.54,99999.0,99999.0,99999.0,99999.0,99999.0,99999.0,99999.0,99999.0,99999.0,99999.0,99999.0,99999.0,99999.0,-0.4,-0.54,-0.11,-0.25,-0.4,-0.98,-0.54,-0.54,-0.25,-0.25,-0.11,-0.11,-0.11,-0.4,-0.54,-0.54,-0.54,-1.13,-0.98,99999.0,99999.0,99999.0,99999.0,99999.0,99999.0,99999.0,99999.0,99999.0,99999.0,99999.0,99999.0,99999.0,-1.56,-1.56,-1.42,-1.27,-0.98,-0.54,-0.4,-0.54,-0.83,-0.83,-1.13,-0.98,-0.83,-0.98,-0.83,-1.13,-1.42,-0.69,-0.98,99999.0,99999.0,-0.4,99999.0,99999.0,99999.0,99999.0,99999.0,99999.0,99999.0,99999.0,99999.0,99999.0,99999.0,99999.0,99999.0,99999.0,99999.0,99999.0,99999.0,99999.0,99999.0,99999.0,99999.0,99999.0,99999.0,99999.0,99999.0,99999.0,99999.0,99999.0,99999.0,99999.0,99999.0,99999.0,99999.0,99999.0,99999.0,99999.0,99999.0,99999.0,99999.0,99999.0,99999.0,99999.0,99999.0,99999.0,99999.0,99999.0,99999.0,99999.0,99999.0,99999.0,99999.0,99999.0,99999.0,99999.0,99999.0,99999.0,99999.0,99999.0,99999.0,99999.0,99999.0,99999.0,99999.0,99999.0,99999.0,99999.0,99999.0,99999.0,99999.0,99999.0,99999.0,99999.0,99999.0,99999.0,99999.0,99999.0,99999.0,99999.0,99999.0,99999.0,99999.0,99999.0,99999.0,99999.0,99999.0,99999.0,99999.0,99999.0,99999.0,99999.0,99999.0,99999.0,99999.0,99999.0,99999.0,99999.0,99999.0,99999.0,99999.0,99999.0,99999.0,99999.0,99999.0,99999.0,99999.0,99999.0,99999.0,99999.0,99999.0,99999.0,99999.0,99999.0,99999.0,99999.0,99999.0,99999.0,99999.0,99999.0,99999.0,99999.0,99999.0,99999.0,99999.0,99999.0,99999.0,99999.0,99999.0,99999.0,99999.0,99999.0,99999.0,99999.0,99999.0,99999.0,99999.0,99999.0,99999.0,99999.0,99999.0,99999.0,99999.0,99999.0,99999.0,99999.0,99999.0,99999.0,99999.0,99999.0,99999.0,99999.0,99999.0,99999.0,99999.0,99999.0,99999.0,99999.0,99999.0,99999.0,99999.0,99999.0,99999.0,99999.0,99999.0,99999.0,99999.0,99999.0,99999.0,99999.0,99999.0,99999.0,99999.0,99999.0,99999.0,99999.0,-0.25,-0.11,-0.98,-0.4,-0.54,-1.71,99999.0,99999.0,99999.0,99999.0,0.19,0.33,0.04
-71.5,99999.0,99999.0,99999.0,99999.0,99999.0,99999.0,99999.0,99999.0,99999.0,99999.0,99999.0,99999.0,99999.0,-0.69,-0.69,-1.13,99999.0,99999.0,99999.0,99999.0,-1.56,-1.42,-1.42,99999.0,-1.42,-1.42,99999.0,-1.71,-1.56,-1.42,99999.0,99999.0,99999.0,99999.0,-1.56,-0.69,-1.56,-1.42,-1.13,-1.71,-1.42,-1.56,-1.71,-1.42,-1.71,99999.0,99999.0,99999.0,99999.0,99999.0,99999.0,99999.0,99999.0,99999.0,-1.56,99999.0,-1.71,-1.71,99999.0,99999.0,99999.0,99999.0,99999.0,99999.0,-1.13,99999.0,99999.0,99999.0,99999.0,99999.0,99999.0,-0.54,-1.13,-0.69,-0.69,99999.0,-0.25,-0.25,-1.27,-0.98,-1.13,-0.54,-0.54,-0.54,-0.69,99999.0,99999.0,99999.0,0.04,-0.25,-0.54,-1.27,0.04,0.33,0.04,0.48,0.62,0.48,0.62,0.77,0.62,1.06,1.2,0.77,99999.0,99999.0,99999.0,99999.0,99999.0,99999.0,99999.0,99999.0,99999.0,99999.0,99999.0,99999.0,99999.0,99999.0,99999.0,99999.0,-0.69,-0.54,99999.0,99999.0,99999.0,-0.25,99999.0,-0.83,-0.54,99999.0,99999.0,99999.0,99999.0,99999.0,99999.0,99999.0,99999.0,99999.0,99999.0,99999.0,99999.0,-0.83,99999.0,99999.0,99999.0,99999.0,99999.0,99999.0,99999.0,-1.27,-1.56,-1.56,-1.71,99999.0,-1.42,-1.13,-0.98,99999.0,-0.25,-0.11,-0.11,-0.25,-0.4,-0.4,-0.69,99999.0,-1.56,-0.4,99999.0,99999.0,99999.0,99999.0,99999.0,99999.0,99999.0,99999.0,99999.0,99999.0,99999.0,99999.0,99999.0,99999.0,99999.0,99999.0,99999.0,99999.0,99999.0,99999.0,99999.0,99999.0,99999.0,99999.0,99999.0,99999.0,99999.0,99999.0,99999.0,99999.0,99999.0,99999.0,99999.0,99999.0,99999.0,99999.0,99999.0,99999.0,99999.0,99999.0,99999.0,99999.0,99999.0,99999.0,99999.0,99999.0,99999.0,99999.0,99999.0,99999.0,99999.0,99999.0,99999.0,99999.0,99999.0,99999.0,99999.0,99999.0,99999.0,99999.0,99999.0,99999.0,99999.0,99999.0,99999.0,99999.0,99999.0,99999.0,99999.0,99999.0,99999.0,99999.0,99999.0,99999.0,99999.0,99999.0,99999.0,99999.0,99999.0,99999.0,99999.0,99999.0,99999.0,99999.0,99999.0,99999.0,99999.0,99999.0,99999.0,99999.0,99999.0,99999.0,99999.0,99999.0,99999.0,99999.0,99999.0,99999.0,99999.0,99999.0,99999.0,99999.0,99999.0,99999.0,99999.0,99999.0,99999.0,99999.0,99999.0,99999.0,99999.0,99999.0,99999.0,99999.0,99999.0,99999.0,99999.0,99999.0,99999.0,99999.0,99999.0,99999.0,99999.0,99999.0,99999.0,99999.0,99999.0,99999.0,99999.0,99999.0,99999.0,99999.0,99999.0,99999.0,99999.0,99999.0,99999.0,99999.0,99999.0,99999.0,99999.0,99999.0,99999.0,99999.0,99999.0,99999.0,99999.0,99999.0,99999.0,99999.0,99999.0,99999.0,99999.0,99999.0,99999.0,99999.0,99999.0,99999.0,99999.0,99999.0,99999.0,99999.0,99999.0,99999.0,99999.0,99999.0,99999.0,99999.0,99999.0,99999.0,99999.0,99999.0,99999.0,99999.0,99999.0,99999.0,99999.0,99999.0,99999.0,99999.0,99999.0,99999.0,99999.0,0.19,-0.4,0.04,0.04,-0.25,99999.0,99999.0,99999.0,99999.0
-72.5,99999.0,99999.0,99999.0,99999.0,99999.0,99999.0,99999.0,99999.0,99999.0,99999.0,99999.0,99999.0,99999.0,99999.0,99999.0,99999.0,99999.0,-1.42,-1.56,99999.0,-1.56,99999.0,-1.56,99999.0,99999.0,99999.0,99999.0,99999.0,99999.0,99999.0,99999.0,99999.0,99999.0,-1.56,-1.42,99999.0,-1.71,-1.42,-1.42,-1.71,-1.56,99999.0,99999.0,99999.0,99999.0,99999.0,99999.0,99999.0,99999.0,99999.0,99999.0,99999.0,99999.0,99999.0,99999.0,99999.0,99999.0,99999.0,99999.0,99999.0,99999.0,-1.42,-1.56,99999.0,99999.0,99999.0,-1.71,99999.0,99999.0,-1.27,-0.98,99999.0,-0.98,-0.83,-0.83,-1.42,-1.42,99999.0,99999.0,99999.0,99999.0,99999.0,99999.0,99999.0,-0.98,-0.69,-0.98,-1.13,99999.0,99999.0,99999.0,99999.0,0.33,0.77,0.62,0.62,0.33,0.33,0.91,1.2,1.06,-0.83,99999.0,1.64,2.52,2.52,1.93,0.04,99999.0,99999.0,99999.0,99999.0,99999.0,99999.0,99999.0,99999.0,99999.0,99999.0,99999.0,99999.0,-0.69,-0.54,-0.98,99999.0,99999.0,99999.0,-0.83,-0.83,99999.0,-0.69,99999.0,99999.0,99999.0,99999.0,99999.0,99999.0,99999.0,99999.0,99999.0,99999.0,99999.0,99999.0,99999.0,99999.0,99999.0,99999.0,99999.0,99999.0,99999.0,-0.69,99999.0,99999.0,99999.0,0.04,0.19,0.04,0.19,0.33,0.19,0.04,0.04,99999.0,-0.69,99999.0,99999.0,99999.0,99999.0,99999.0,99999.0,99999.0,99999.0,99999.0,99999.0,99999.0,99999.0,99999.0,99999.0,99999.0,99999.0,99999.0,99999.0,99999.0,99999.0,99999.0,99999.0,99999.0,99999.0,99999.0,99999.0,99999.0,99999.0,99999.0,99999.0,99999.0,99999.0,99999.0,99999.0,99999.0,99999.0,99999.0,99999.0,99999.0,99999.0,99999.0,99999.0,99999.0,99999.0,99999.0,99999.0,99999.0,99999.0,99999.0,99999.0,99999.0,99999.0,99999.0,99999.0,99999.0,99999.0,99999.0,99999.0,99999.0,99999.0,99999.0,99999.0,99999.0,99999.0,99999.0,99999.0,99999.0,99999.0,99999.0,99999.0,99999.0,99999.0,99999.0,99999.0,99999.0,99999.0,99999.0,99999.0,99999.0,99999.0,99999.0,99999.0,99999.0,99999.0,99999.0,99999.0,99999.0,99999.0,99999.0,99999.0,99999.0,99999.0,99999.0,99999.0,99999.0,99999.0,99999.0,99999.0,99999.0,99999.0,99999.0,99999.0,99999.0,99999.0,99999.0,99999.0,99999.0,99999.0,99999.0,99999.0,99999.0,99999.0,99999.0,99999.0,99999.0,99999.0,99999.0,99999.0,99999.0,99999.0,99999.0,99999.0,99999.0,99999.0,99999.0,99999.0,99999.0,99999.0,99999.0,99999.0,99999.0,99999.0,99999.0,99999.0,99999.0,99999.0,99999.0,99999.0,99999.0,99999.0,99999.0,99999.0,99999.0,99999.0,99999.0,99999.0,99999.0,99999.0,99999.0,99999.0,99999.0,99999.0,99999.0,99999.0,99999.0,99999.0,99999.0,99999.0,99999.0,99999.0,99999.0,99999.0,99999.0,99999.0,99999.0,99999.0,99999.0,99999.0,99999.0,99999.0,99999.0,99999.0,99999.0,99999.0,99999.0,99999.0,99999.0,99999.0,99999.0,99999.0,99999.0,99999.0,99999.0,99999.0,99999.0,99999.0,99999.0,0.04,0.04,0.04,0.04,0.19,0.19,-0.54,0.19,-0.25,-0.83
-73.5,0.33,-0.11,99999.0,99999.0,99999.0,99999.0,99999.0,99999.0,99999.0,99999.0,99999.0,99999.0,99999.0,-1.42,99999.0,99999.0,99999.0,-1.27,-1.27,-1.27,99999.0,99999.0,99999.0,-0.83,-0.98,-0.83,-1.56,-0.98,-1.42,99999.0,-1.56,99999.0,99999.0,99999.0,99999.0,-1.85,99999.0,99999.0,99999.0,99999.0,99999.0,-1.71,-1.42,-1.27,-0.98,-0.98,99999.0,-0.83,-0.25,-0.25,-0.4,-1.42,-1.42,99999.0,99999.0,99999.0,99999.0,99999.0,99999.0,-0.11,-0.11,-0.11,-0.25,-0.25,0.04,-0.25,-0.11,-0.11,-0.54,-0.83,99999.0,99999.0,-0.83,99999.0,-0.98,-0.98,-0.54,0.04,99999.0,99999.0,99999.0,99999.0,99999.0,99999.0,99999.0,99999.0,99999.0,99999.0,99999.0,99999.0,99999.0,99999.0,99999.0,99999.0,99999.0,99999.0,99999.0,99999.0,99999.0,99999.0,99999.0,99999.0,99999.0,99999.0,99999.0,99999.0,99999.0,99999.0,99999.0,99999.0,99999.0,99999.0,99999.0,99999.0,99999.0,99999.0,99999.0,99999.0,99999.0,-0.11,-0.25,99999.0,-1.13,99999.0,-0.98,-0.98,-1.27,99999.0,-0.69,-0.69,-0.4,-0.98,-1.13,-0.98,-0.83,99999.0,99999.0,99999.0,99999.0,99999.0,99999.0,99999.0,99999.0,-1.42,-0.25,-0.98,0.04,-0.11,0.48,0.33,0.48,0.33,0.33,0.48,0.62,0.62,0.19,0.33,0.48,99999.0,99999.0,99999.0,99999.0,99999.0,99999.0,99999.0,99999.0,99999.0,99999.0,99999.0,99999.0,99999.0,99999.0,99999.0,99999.0,99999.0,99999.0,99999.0,99999.0,99999.0,99999.0,99999.0,99999.0,99999.0,99999.0,99999.0,99999.0,99999.0,99999.0,99999.0,99999.0,99999.0,99999.0,99999.0,99999.0,99999.0,99999.0,99999.0,99999.0,99999.0,99999.0,99999.0,99999.0,99999.0,99999.0,99999.0,99999.0,99999.0,99999.0,99999.0,99999.0,99999.0,99999.0,99999.0,99999.0,99999.0,99999.0,99999.0,99999.0,99999.0,99999.0,99999.0,99999.0,99999.0,99999.0,99999.0,99999.0,99999.0,99999.0,99999.0,99999.0,99999.0,99999.0,99999.0,99999.0,99999.0,99999.0,99999.0,99999.0,99999.0,99999.0,99999.0,99999.0,99999.0,99999.0,99999.0,99999.0,99999.0,99999.0,99999.0,99999.0,99999.0,99999.0,99999.0,99999.0,99999.0,99999.0,99999.0,99999.0,99999.0,99999.0,99999.0,99999.0,99999.0,99999.0,99999.0,99999.0,99999.0,99999.0,99999.0,99999.0,99999.0,99999.0,99999.0,99999.0,99999.0,99999.0,99999.0,99999.0,99999.0,99999.0,99999.0,99999.0,99999.0,99999.0,99999.0,99999.0,99999.0,99999.0,99999.0,99999.0,99999.0,99999.0,99999.0,99999.0,99999.0,99999.0,99999.0,99999.0,99999.0,99999.0,99999.0,99999.0,99999.0,99999.0,99999.0,99999.0,99999.0,99999.0,99999.0,99999.0,99999.0,99999.0,99999.0,99999.0,99999.0,99999.0,99999.0,99999.0,99999.0,99999.0,99999.0,99999.0,99999.0,99999.0,99999.0,99999.0,99999.0,99999.0,99999.0,99999.0,99999.0,99999.0,99999.0,99999.0,99999.0,99999.0,99999.0,99999.0,99999.0,99999.0,99999.0,99999.0,99999.0,99999.0,99999.0,99999.0,99999.0,99999.0,-0.69,0.48,0.91,1.06,1.93,1.35,1.64,1.5,0.19,-0.11,0.04
-74.5,0.62,0.33,99999.0,99999.0,99999.0,99999.0,99999.0,99999.0,99999.0,99999.0,99999.0,99999.0,99999.0,99999.0,-1.27,99999.0,-0.98,99999.0,99999.0,99999.0,99999.0,-1.27,99999.0,-0.4,-0.98,-1.27,-0.98,-0.98,-1.27,-1.71,99999.0,99999.0,-0.69,0.04,-0.11,-0.25,0.19,0.62,99999.0,0.04,-0.11,-0.11,0.04,-0.54,-0.25,-0.11,99999.0,99999.0,99999.0,99999.0,99999.0,99999.0,99999.0,99999.0,99999.0,99999.0,99999.0,99999.0,99999.0,99999.0,99999.0,99999.0,99999.0,99999.0,99999.0,99999.0,99999.0,99999.0,99999.0,99999.0,-0.69,-0.69,99999.0,99999.0,99999.0,-0.11,0.04,-0.11,99999.0,99999.0,99999.0,99999.0,99999.0,99999.0,99999.0,99999.0,99999.0,99999.0,99999.0,99999.0,99999.0,99999.0,99999.0,99999.0,99999.0,99999.0,99999.0,99999.0,99999.0,99999.0,99999.0,99999.0,99999.0,99999.0,99999.0,99999.0,99999.0,99999.0,99999.0,99999.0,99999.0,99999.0,99999.0,99999.0,99999.0,99999.0,99999.0,99999.0,-0.69,-1.13,-0.83,-0.69,-0.54,-0.69,-0.69,-0.69,-0.69,-0.83,-0.69,99999.0,99999.0,99999.0,-0.98,-0.69,99999.0,99999.0,99999.0,99999.0,99999.0,99999.0,99999.0,99999.0,99999.0,99999.0,99999.0,99999.0,99999.0,99999.0,-1.71,-0.69,-0.25,-0.11,0.04,-0.25,99999.0,99999.0,99999.0,99999.0,99999.0,99999.0,99999.0,99999.0,99999.0,99999.0,99999.0,99999.0,99999.0,99999.0,99999.0,99999.0,99999.0,99999.0,99999.0,99999.0,99999.0,99999.0,99999.0,99999.0,99999.0,99999.0,99999.0,99999.0,99999.0,99999.0,99999.0,99999.0,99999.0,99999.0,99999.0,99999.0,99999.0,99999.0,99999.0,99999.0,99999.0,99999.0,99999.0,99999.0,99999.0,99999.0,99999.0,99999.0,99999.0,99999.0,99999.0,99999.0,99999.0,99999.0,99999.0,99999.0,99999.0,99999.0,99999.0,99999.0,99999.0,99999.0,99999.0,99999.0,99999.0,99999.0,99999.0,99999.0,99999.0,99999.0,99999.0,99999.0,99999.0,99999.0,99999.0,99999.0,99999.0,99999.0,99999.0,99999.0,99999.0,99999.0,99999.0,99999.0,99999.0,99999.0,99999.0,99999.0,99999.0,99999.0,99999.0,99999.0,99999.0,99999.0,99999.0,99999.0,99999.0,99999.0,99999.0,99999.0,99999.0,99999.0,99999.0,99999.0,99999.0,99999.0,99999.0,99999.0,99999.0,99999.0,99999.0,99999.0,99999.0,99999.0,99999.0,99999.0,99999.0,99999.0,99999.0,99999.0,99999.0,99999.0,99999.0,99999.0,99999.0,99999.0,99999.0,99999.0,99999.0,99999.0,99999.0,99999.0,99999.0,99999.0,99999.0,99999.0,99999.0,99999.0,99999.0,99999.0,99999.0,99999.0,99999.0,99999.0,99999.0,99999.0,99999.0,99999.0,99999.0,99999.0,99999.0,99999.0,99999.0,99999.0,99999.0,99999.0,99999.0,99999.0,99999.0,99999.0,99999.0,99999.0,99999.0,99999.0,99999.0,99999.0,99999.0,99999.0,99999.0,99999.0,99999.0,99999.0,99999.0,99999.0,99999.0,99999.0,99999.0,99999.0,99999.0,99999.0,99999.0,99999.0,99999.0,99999.0,99999.0,99999.0,99999.0,99999.0,99999.0,99999.0,99999.0,0.62,0.04,0.04,0.62,1.2,1.2,1.35,1.93,1.93,1.5,1.35,0.91,1.06,0.91,0.91
-75.5,0.48,0.48,0.33,0.19,99999.0,99999.0,99999.0,99999.0,99999.0,99999.0,99999.0,99999.0,99999.0,-1.27,99999.0,-1.13,99999.0,99999.0,99999.0,-0.54,-0.98,99999.0,-0.98,0.19,-0.11,0.62,0.33,-0.11,0.62,0.48,-0.4,-1.13,99999.0,99999.0,99999.0,99999.0,99999.0,99999.0,99999.0,99999.0,99999.0,99999.0,99999.0,99999.0,99999.0,99999.0,99999.0,99999.0,99999.0,99999.0,99999.0,99999.0,99999.0,99999.0,99999.0,99999.0,99999.0,99999.0,99999.0,99999.0,99999.0,99999.0,99999.0,99999.0,99999.0,99999.0,99999.0,99999.0,99999.0,99999.0,99999.0,99999.0,99999.0,99999.0,99999.0,99999.0,99999.0,99999.0,99999.0,99999.0,99999.0,99999.0,99999.0,99999.0,99999.0,99999.0,99999.0,99999.0,99999.0,99999.0,99999.0,99999.0,99999.0,99999.0,99999.0,99999.0,99999.0,99999.0,99999.0,99999.0,99999.0,99999.0,99999.0,99999.0,99999.0,99999.0,99999.0,99999.0,99999.0,99999.0,99999.0,99999.0,99999.0,99999.0,99999.0,99999.0,99999.0,99999.0,99999.0,99999.0,99999.0,-0.54,-1.56,99999.0,-0.69,99999.0,-0.83,99999.0,99999.0,-1.27,99999.0,99999.0,99999.0,99999.0,99999.0,99999.0,99999.0,99999.0,99999.0,99999.0,99999.0,99999.0,99999.0,-1.56,99999.0,99999.0,99999.0,-1.56,-0.54,-0.83,-0.83,0.19,0.48,99999.0,99999.0,99999.0,99999.0,99999.0,99999.0,99999.0,99999.0,99999.0,99999.0,99999.0,99999.0,99999.0,99999.0,99999.0,99999.0,99999.0,99999.0,99999.0,99999.0,99999.0,99999.0,99999.0,99999.0,99999.0,99999.0,99999.0,99999.0,99999.0,99999.0,99999.0,99999.0,99999.0,99999.0,99999.0,99999.0,99999.0,99999.0,99999.0,99999.0,99999.0,99999.0,99999.0,99999.0,99999.0,99999.0,99999.0,99999.0,99999.0,99999.0,99999.0,99999.0,99999.0,99999.0,99999.0,99999.0,99999.0,99999.0,99999.0,99999.0,99999.0,99999.0,99999.0,99999.0,99999.0,99999.0,99999.0,99999.0,99999.0,99999.0,99999.0,99999.0,99999.0,99999.0,99999.0,99999.0,99999.0,99999.0,99999.0,99999.0,99999.0,99999.0,99999.0,99999.0,99999.0,99999.0,99999.0,99999.0,99999.0,99999.0,99999.0,99999.0,99999.0,99999.0,99999.0,99999.0,99999.0,99999.0,99999.0,99999.0,99999.0,99999.0,99999.0,99999.0,99999.0,99999.0,99999.0,99999.0,99999.0,99999.0,99999.0,99999.0,99999.0,99999.0,99999.0,99999.0,99999.0,99999.0,99999.0,99999.0,99999.0,99999.0,99999.0,99999.0,99999.0,99999.0,99999.0,99999.0,99999.0,99999.0,99999.0,99999.0,99999.0,99999.0,99999.0,99999.0,99999.0,99999.0,99999.0,99999.0,99999.0,99999.0,99999.0,99999.0,99999.0,99999.0,99999.0,99999.0,99999.0,99999.0,99999.0,99999.0,99999.0,99999.0,99999.0,99999.0,99999.0,99999.0,99999.0,99999.0,99999.0,99999.0,99999.0,99999.0,99999.0,99999.0,99999.0,99999.0,99999.0,99999.0,99999.0,99999.0,99999.0,99999.0,99999.0,99999.0,99999.0,99999.0,99999.0,99999.0,99999.0,99999.0,99999.0,99999.0,99999.0,99999.0,99999.0,99999.0,99999.0,99999.0,99999.0,99999.0,99999.0,2.08,0.04,0.77,2.08,2.37,2.37,2.37,1.79,1.64,1.5,0.77,0.77,0.62,0.62
-76.5,0.33,0.04,0.04,99999.0,99999.0,99999.0,99999.0,99999.0,99999.0,-0.69,-0.54,99999.0,99999.0,99999.0,0.19,-0.54,0.19,99999.0,0.04,-0.25,-0.11,-0.11,0.33,1.06,1.35,1.64,1.5,1.5,99999.0,99999.0,99999.0,99999.0,99999.0,99999.0,99999.0,99999.0,99999.0,99999.0,99999.0,99999.0,99999.0,99999.0,99999.0,99999.0,99999.0,99999.0,99999.0,99999.0,99999.0,99999.0,99999.0,99999.0,99999.0,99999.0,99999.0,99999.0,99999.0,99999.0,99999.0,99999.0,99999.0,99999.0,99999.0,99999.0,99999.0,99999.0,99999.0,99999.0,99999.0,99999.0,99999.0,99999.0,99999.0,99999.0,99999.0,99999.0,99999.0,99999.0,99999.0,99999.0,99999.0,99999.0,99999.0,99999.0,99999.0,99999.0,99999.0,99999.0,99999.0,99999.0,99999.0,99999.0,99999.0,99999.0,99999.0,99999.0,99999.0,99999.0,99999.0,99999.0,99999.0,99999.0,99999.0,99999.0,99999.0,99999.0,99999.0,99999.0,99999.0,99999.0,99999.0,99999.0,99999.0,99999.0,99999.0,99999.0,99999.0,99999.0,99999.0,99999.0,99999.0,99999.0,99999.0,99999.0,99999.0,99999.0,-0.98,-1.13,99999.0,99999.0,99999.0,99999.0,99999.0,99999.0,99999.0,99999.0,99999.0,99999.0,99999.0,99999.0,99999.0,99999.0,99999.0,99999.0,-1.42,99999.0,0.04,0.33,0.48,-0.11,99999.0,99999.0,99999.0,99999.0,99999.0,99999.0,99999.0,99999.0,99999.0,99999.0,99999.0,99999.0,99999.0,99999.0,99999.0,99999.0,99999.0,99999.0,99999.0,99999.0,99999.0,99999.0,99999.0,99999.0,99999.0,99999.0,99999.0,99999.0,99999.0,99999.0,99999.0,99999.0,99999.0,99999.0,99999.0,99999.0,99999.0,99999.0,99999.0,99999.0,99999.0,99999.0,99999.0,99999.0,99999.0,99999.0,99999.0,99999.0,99999.0,99999.0,99999.0,99999.0,99999.0,99999.0,99999.0,99999.0,99999.0,99999.0,99999.0,99999.0,99999.0,99999.0,99999.0,99999.0,99999.0,99999.0,99999.0,99999.0,99999.0,99999.0,99999.0,99999.0,99999.0,99999.0,99999.0,99999.0,99999.0,99999.0,99999.0,99999.0,99999.0,99999.0,99999.0,99999.0,99999.0,99999.0,99999.0,99999.0,99999.0,99999.0,99999.0,99999.0,99999.0,99999.0,99999.0,99999.0,99999.0,99999.0,99999.0,99999.0,99999.0,99999.0,99999.0,99999.0,99999.0,99999.0,99999.0,99999.0,99999.0,99999.0,99999.0,99999.0,99999.0,99999.0,99999.0,99999.0,99999.0,99999.0,99999.0,99999.0,99999.0,99999.0,99999.0,99999.0,99999.0,99999.0,99999.0,99999.0,99999.0,99999.0,99999.0,99999.0,99999.0,99999.0,99999.0,99999.0,99999.0,99999.0,99999.0,99999.0,99999.0,99999.0,99999.0,99999.0,99999.0,99999.0,99999.0,99999.0,99999.0,99999.0,99999.0,99999.0,99999.0,99999.0,99999.0,99999.0,99999.0,99999.0,99999.0,99999.0,99999.0,99999.0,99999.0,99999.0,99999.0,99999.0,99999.0,99999.0,99999.0,99999.0,99999.0,99999.0,99999.0,99999.0,99999.0,99999.0,99999.0,99999.0,99999.0,99999.0,99999.0,99999.0,99999.0,99999.0,99999.0,99999.0,99999.0,99999.0,99999.0,99999.0,99999.0,99999.0,99999.0,-0.54,-0.83,-0.54,99999.0,99999.0,1.2,1.5,1.5,1.2,1.35,1.5,1.2,1.2,1.2,0.77,0.77,0.04
-77.5,-0.11,99999.0,99999.0,99999.0,99999.0,99999.0,99999.0,99999.0,99999.0,99999.0,99999.0,99999.0,99999.0,99999.0,0.04,0.33,-0.11,-0.11,0.04,-0.11,0.33,99999.0,99999.0,99999.0,99999.0,99999.0,99999.0,99999.0,99999.0,99999.0,99999.0,99999.0,99999.0,99999.0,99999.0,99999.0,99999.0,99999.0,99999.0,99999.0,99999.0,99999.0,99999.0,99999.0,99999.0,99999.0,99999.0,99999.0,99999.0,99999.0,99999.0,99999.0,99999.0,99999.0,99999.0,99999.0,99999.0,99999.0,99999.0,99999.0,99999.0,99999.0,99999.0,99999.0,99999.0,99999.0,99999.0,99999.0,99999.0,99999.0,99999.0,99999.0,99999.0,99999.0,99999.0,99999.0,99999.0,99999.0,99999.0,99999.0,99999.0,99999.0,99999.0,99999.0,99999.0,99999.0,99999.0,99999.0,99999.0,99999.0,99999.0,99999.0,99999.0,99999.0,99999.0,99999.0,99999.0,99999.0,99999.0,99999.0,99999.0,99999.0,99999.0,99999.0,99999.0,99999.0,99999.0,99999.0,99999.0,99999.0,99999.0,99999.0,99999.0,99999.0,99999.0,99999.0,99999.0,99999.0,99999.0,99999.0,99999.0,99999.0,99999.0,99999.0,99999.0,99999.0,99999.0,99999.0,99999.0,99999.0,99999.0,99999.0,99999.0,99999.0,99999.0,99999.0,99999.0,99999.0,99999.0,99999.0,99999.0,99999.0,99999.0,-0.11,0.19,99999.0,99999.0,99999.0,99999.0,99999.0,99999.0,99999.0,99999.0,99999.0,99999.0,99999.0,99999.0,99999.0,99999.0,99999.0,99999.0,99999.0,99999.0,99999.0,99999.0,99999.0,99999.0,99999.0,99999.0,99999.0,99999.0,99999.0,99999.0,99999.0,99999.0,99999.0,99999.0,99999.0,99999.0,99999.0,99999.0,99999.0,99999.0,99999.0,99999.0,99999.0,99999.0,99999.0,99999.0,99999.0,99999.0,99999.0,99999.0,99999.0,99999.0,99999.0,99999.0,99999.0,99999.0,99999.0,99999.0,99999.0,99999.0,99999.0,99999.0,99999.0,99999.0,99999.0,99999.0,99999.0,99999.0,99999.0,99999.0,99999.0,99999.0,99999.0,99999.0,99999.0,99999.0,99999.0,99999.0,99999.0,99999.0,99999.0,99999.0,99999.0,99999.0,99999.0,99999.0,99999.0,99999.0,99999.0,99999.0,99999.0,99999.0,99999.0,99999.0,99999.0,99999.0,99999.0,99999.0,99999.0,99999.0,99999.0,99999.0,99999.0,99999.0,99999.0,99999.0,99999.0,99999.0,99999.0,99999.0,99999.0,99999.0,99999.0,99999.0,99999.0,99999.0,99999.0,99999.0,99999.0,99999.0,99999.0,99999.0,99999.0,99999.0,99999.0,99999.0,99999.0,99999.0,99999.0,99999.0,99999.0,99999.0,99999.0,99999.0,99999.0,99999.0,99999.0,99999.0,99999.0,99999.0,99999.0,99999.0,99999.0,99999.0,99999.0,99999.0,99999.0,99999.0,99999.0,99999.0,99999.0,99999.0,99999.0,99999.0,99999.0,99999.0,99999.0,99999.0,99999.0,99999.0,99999.0,99999.0,99999.0,99999.0,99999.0,99999.0,99999.0,99999.0,99999.0,99999.0,99999.0,99999.0,99999.0,99999.0,99999.0,99999.0,99999.0,99999.0,99999.0,99999.0,99999.0,99999.0,99999.0,99999.0,99999.0,99999.0,99999.0,99999.0,99999.0,99999.0,99999.0,99999.0,99999.0,99999.0,99999.0,99999.0,99999.0,99999.0,99999.0,99999.0,99999.0,0.33,0.19,99999.0,99999.0,99999.0,99999.0,99999.0,99999.0,99999.0,99999.0,99999.0,99999.0,-0.25,-0.54,-0.11,0.04
-78.5,99999.0,99999.0,99999.0,99999.0,99999.0,99999.0,99999.0,99999.0,99999.0,99999.0,99999.0,99999.0,99999.0,99999.0,99999.0,-0.11,99999.0,99999.0,99999.0,99999.0,99999.0,99999.0,99999.0,99999.0,99999.0,99999.0,99999.0,99999.0,99999.0,99999.0,99999.0,99999.0,99999.0,99999.0,99999.0,99999.0,99999.0,99999.0,99999.0,99999.0,99999.0,99999.0,99999.0,99999.0,99999.0,99999.0,99999.0,99999.0,99999.0,99999.0,99999.0,99999.0,99999.0,99999.0,99999.0,99999.0,99999.0,99999.0,99999.0,99999.0,99999.0,99999.0,99999.0,99999.0,99999.0,99999.0,99999.0,99999.0,99999.0,99999.0,99999.0,99999.0,99999.0,99999.0,99999.0,99999.0,99999.0,99999.0,99999.0,99999.0,99999.0,99999.0,99999.0,99999.0,99999.0,99999.0,99999.0,99999.0,99999.0,99999.0,99999.0,99999.0,99999.0,99999.0,99999.0,99999.0,99999.0,99999.0,99999.0,99999.0,99999.0,99999.0,99999.0,99999.0,99999.0,99999.0,99999.0,99999.0,99999.0,99999.0,99999.0,99999.0,99999.0,99999.0,99999.0,99999.0,99999.0,99999.0,99999.0,99999.0,99999.0,99999.0,99999.0,99999.0,99999.0,99999.0,99999.0,99999.0,99999.0,99999.0,99999.0,99999.0,99999.0,99999.0,99999.0,99999.0,99999.0,99999.0,99999.0,99999.0,99999.0,99999.0,99999.0,99999.0,99999.0,99999.0,99999.0,99999.0,99999.0,99999.0,99999.0,99999.0,99999.0,99999.0,99999.0,99999.0,99999.0,99999.0,99999.0,99999.0,99999.0,99999.0,99999.0,99999.0,99999.0,99999.0,99999.0,99999.0,99999.0,99999.0,99999.0,99999.0,99999.0,99999.0,99999.0,99999.0,99999.0,99999.0,99999.0,99999.0,99999.0,99999.0,99999.0,99999.0,99999.0,99999.0,99999.0,99999.0,99999.0,99999.0,99999.0,99999.0,99999.0,99999.0,99999.0,99999.0,99999.0,99999.0,99999.0,99999.0,99999.0,99999.0,99999.0,99999.0,99999.0,99999.0,99999.0,99999.0,99999.0,99999.0,99999.0,99999.0,99999.0,99999.0,99999.0,99999.0,99999.0,99999.0,99999.0,99999.0,99999.0,99999.0,99999.0,99999.0,99999.0,99999.0,99999.0,99999.0,99999.0,99999.0,99999.0,99999.0,99999.0,99999.0,99999.0,99999.0,99999.0,99999.0,99999.0,99999.0,99999.0,99999.0,99999.0,99999.0,99999.0,99999.0,99999.0,99999.0,99999.0,99999.0,99999.0,99999.0,99999.0,99999.0,99999.0,99999.0,99999.0,99999.0,99999.0,99999.0,99999.0,99999.0,99999.0,99999.0,99999.0,99999.0,99999.0,99999.0,99999.0,99999.0,99999.0,99999.0,99999.0,99999.0,99999.0,99999.0,99999.0,99999.0,99999.0,99999.0,99999.0,99999.0,99999.0,99999.0,99999.0,99999.0,99999.0,99999.0,99999.0,99999.0,99999.0,99999.0,99999.0,99999.0,99999.0,99999.0,99999.0,99999.0,99999.0,99999.0,99999.0,99999.0,99999.0,99999.0,99999.0,99999.0,99999.0,99999.0,99999.0,99999.0,99999.0,99999.0,99999.0,99999.0,99999.0,99999.0,99999.0,99999.0,99999.0,99999.0,99999.0,99999.0,99999.0,99999.0,99999.0,99999.0,99999.0,99999.0,99999.0,99999.0,99999.0,99999.0,99999.0,99999.0,99999.0,99999.0,99999.0,99999.0,99999.0,99999.0,99999.0,99999.0,99999.0,99999.0,99999.0,99999.0,99999.0,99999.0,99999.0,99999.0,99999.0,99999.0,99999.0,99999.0,99999.0,99999.0,99999.0,99999.0,99999.0,99999.0
-79.5,99999.0,99999.0,99999.0,99999.0,99999.0,99999.0,99999.0,99999.0,99999.0,99999.0,99999.0,99999.0,99999.0,99999.0,99999.0,99999.0,99999.0,99999.0,99999.0,99999.0,99999.0,99999.0,99999.0,99999.0,99999.0,99999.0,99999.0,99999.0,99999.0,99999.0,99999.0,99999.0,99999.0,99999.0,99999.0,99999.0,99999.0,99999.0,99999.0,99999.0,99999.0,99999.0,99999.0,99999.0,99999.0,99999.0,99999.0,99999.0,99999.0,99999.0,99999.0,99999.0,99999.0,99999.0,99999.0,99999.0,99999.0,99999.0,99999.0,99999.0,99999.0,99999.0,99999.0,99999.0,99999.0,99999.0,99999.0,99999.0,99999.0,99999.0,99999.0,99999.0,99999.0,99999.0,99999.0,99999.0,99999.0,99999.0,99999.0,99999.0,99999.0,99999.0,99999.0,99999.0,99999.0,99999.0,99999.0,99999.0,99999.0,99999.0,99999.0,99999.0,99999.0,99999.0,99999.0,99999.0,99999.0,99999.0,99999.0,99999.0,99999.0,99999.0,99999.0,99999.0,99999.0,99999.0,99999.0,99999.0,99999.0,99999.0,99999.0,99999.0,99999.0,99999.0,99999.0,99999.0,99999.0,99999.0,99999.0,99999.0,99999.0,99999.0,99999.0,99999.0,99999.0,99999.0,99999.0,99999.0,99999.0,99999.0,99999.0,99999.0,99999.0,99999.0,99999.0,99999.0,99999.0,99999.0,99999.0,99999.0,99999.0,99999.0,99999.0,99999.0,99999.0,99999.0,99999.0,99999.0,99999.0,99999.0,99999.0,99999.0,99999.0,99999.0,99999.0,99999.0,99999.0,99999.0,99999.0,99999.0,99999.0,99999.0,99999.0,99999.0,99999.0,99999.0,99999.0,99999.0,99999.0,99999.0,99999.0,99999.0,99999.0,99999.0,99999.0,99999.0,99999.0,99999.0,99999.0,99999.0,99999.0,99999.0,99999.0,99999.0,99999.0,99999.0,99999.0,99999.0,99999.0,99999.0,99999.0,99999.0,99999.0,99999.0,99999.0,99999.0,99999.0,99999.0,99999.0,99999.0,99999.0,99999.0,99999.0,99999.0,99999.0,99999.0,99999.0,99999.0,99999.0,99999.0,99999.0,99999.0,99999.0,99999.0,99999.0,99999.0,99999.0,99999.0,99999.0,99999.0,99999.0,99999.0,99999.0,99999.0,99999.0,99999.0,99999.0,99999.0,99999.0,99999.0,99999.0,99999.0,99999.0,99999.0,99999.0,99999.0,99999.0,99999.0,99999.0,99999.0,99999.0,99999.0,99999.0,99999.0,99999.0,99999.0,99999.0,99999.0,99999.0,99999.0,99999.0,99999.0,99999.0,99999.0,99999.0,99999.0,99999.0,99999.0,99999.0,99999.0,99999.0,99999.0,99999.0,99999.0,99999.0,99999.0,99999.0,99999.0,99999.0,99999.0,99999.0,99999.0,99999.0,99999.0,99999.0,99999.0,99999.0,99999.0,99999.0,99999.0,99999.0,99999.0,99999.0,99999.0,99999.0,99999.0,99999.0,99999.0,99999.0,99999.0,99999.0,99999.0,99999.0,99999.0,99999.0,99999.0,99999.0,99999.0,99999.0,99999.0,99999.0,99999.0,99999.0,99999.0,99999.0,99999.0,99999.0,99999.0,99999.0,99999.0,99999.0,99999.0,99999.0,99999.0,99999.0,99999.0,99999.0,99999.0,99999.0,99999.0,99999.0,99999.0,99999.0,99999.0,99999.0,99999.0,99999.0,99999.0,99999.0,99999.0,99999.0,99999.0,99999.0,99999.0,99999.0,99999.0,99999.0,99999.0,99999.0,99999.0,99999.0,99999.0,99999.0,99999.0,99999.0,99999.0,99999.0,99999.0,99999.0,99999.0,99999.0,99999.0,99999.0,99999.0,99999.0,99999.0,99999.0,99999.0,99999.0,99999.0
-80.5,99999.0,99999.0,99999.0,99999.0,99999.0,99999.0,99999.0,99999.0,99999.0,99999.0,99999.0,99999.0,99999.0,99999.0,99999.0,99999.0,99999.0,99999.0,99999.0,99999.0,99999.0,99999.0,99999.0,99999.0,99999.0,99999.0,99999.0,99999.0,99999.0,99999.0,99999.0,99999.0,99999.0,99999.0,99999.0,99999.0,99999.0,99999.0,99999.0,99999.0,99999.0,99999.0,99999.0,99999.0,99999.0,99999.0,99999.0,99999.0,99999.0,99999.0,99999.0,99999.0,99999.0,99999.0,99999.0,99999.0,99999.0,99999.0,99999.0,99999.0,99999.0,99999.0,99999.0,99999.0,99999.0,99999.0,99999.0,99999.0,99999.0,99999.0,99999.0,99999.0,99999.0,99999.0,99999.0,99999.0,99999.0,99999.0,99999.0,99999.0,99999.0,99999.0,99999.0,99999.0,99999.0,99999.0,99999.0,99999.0,99999.0,99999.0,99999.0,99999.0,99999.0,99999.0,99999.0,99999.0,99999.0,99999.0,99999.0,99999.0,99999.0,99999.0,99999.0,99999.0,99999.0,99999.0,99999.0,99999.0,99999.0,99999.0,99999.0,99999.0,99999.0,99999.0,99999.0,99999.0,99999.0,99999.0,99999.0,99999.0,99999.0,99999.0,99999.0,99999.0,99999.0,99999.0,99999.0,99999.0,99999.0,99999.0,99999.0,99999.0,99999.0,99999.0,99999.0,99999.0,99999.0,99999.0,99999.0,99999.0,99999.0,99999.0,99999.0,99999.0,99999.0,99999.0,99999.0,99999.0,99999.0,99999.0,99999.0,99999.0,99999.0,99999.0,99999.0,99999.0,99999.0,99999.0,99999.0,99999.0,99999.0,99999.0,99999.0,99999.0,99999.0,99999.0,99999.0,99999.0,99999.0,99999.0,99999.0,99999.0,99999.0,99999.0,99999.0,99999.0,99999.0,99999.0,99999.0,99999.0,99999.0,99999.0,99999.0,99999.0,99999.0,99999.0,99999.0,99999.0,99999.0,99999.0,99999.0,99999.0,99999.0,99999.0,99999.0,99999.0,99999.0,99999.0,99999.0,99999.0,99999.0,99999.0,99999.0,99999.0,99999.0,99999.0,99999.0,99999.0,99999.0,99999.0,99999.0,99999.0,99999.0,99999.0,99999.0,99999.0,99999.0,99999.0,99999.0,99999.0,99999.0,99999.0,99999.0,99999.0,99999.0,99999.0,99999.0,99999.0,99999.0,99999.0,99999.0,99999.0,99999.0,99999.0,99999.0,99999.0,99999.0,99999.0,99999.0,99999.0,99999.0,99999.0,99999.0,99999.0,99999.0,99999.0,99999.0,99999.0,99999.0,99999.0,99999.0,99999.0,99999.0,99999.0,99999.0,99999.0,99999.0,99999.0,99999.0,99999.0,99999.0,99999.0,99999.0,99999.0,99999.0,99999.0,99999.0,99999.0,99999.0,99999.0,99999.0,99999.0,99999.0,99999.0,99999.0,99999.0,99999.0,99999.0,99999.0,99999.0,99999.0,99999.0,99999.0,99999.0,99999.0,99999.0,99999.0,99999.0,99999.0,99999.0,99999.0,99999.0,99999.0,99999.0,99999.0,99999.0,99999.0,99999.0,99999.0,99999.0,99999.0,99999.0,99999.0,99999.0,99999.0,99999.0,99999.0,99999.0,99999.0,99999.0,99999.0,99999.0,99999.0,99999.0,99999.0,99999.0,99999.0,99999.0,99999.0,99999.0,99999.0,99999.0,99999.0,99999.0,99999.0,99999.0,99999.0,99999.0,99999.0,99999.0,99999.0,99999.0,99999.0,99999.0,99999.0,99999.0,99999.0,99999.0,99999.0,99999.0,99999.0,99999.0,99999.0,99999.0,99999.0,99999.0,99999.0,99999.0,99999.0,99999.0,99999.0,99999.0,99999.0,99999.0,99999.0,99999.0,99999.0,99999.0,99999.0,99999.0
-81.5,99999.0,99999.0,99999.0,99999.0,99999.0,99999.0,99999.0,99999.0,99999.0,99999.0,99999.0,99999.0,99999.0,99999.0,99999.0,99999.0,99999.0,99999.0,99999.0,99999.0,99999.0,99999.0,99999.0,99999.0,99999.0,99999.0,99999.0,99999.0,99999.0,99999.0,99999.0,99999.0,99999.0,99999.0,99999.0,99999.0,99999.0,99999.0,99999.0,99999.0,99999.0,99999.0,99999.0,99999.0,99999.0,99999.0,99999.0,99999.0,99999.0,99999.0,99999.0,99999.0,99999.0,99999.0,99999.0,99999.0,99999.0,99999.0,99999.0,99999.0,99999.0,99999.0,99999.0,99999.0,99999.0,99999.0,99999.0,99999.0,99999.0,99999.0,99999.0,99999.0,99999.0,99999.0,99999.0,99999.0,99999.0,99999.0,99999.0,99999.0,99999.0,99999.0,99999.0,99999.0,99999.0,99999.0,99999.0,99999.0,99999.0,99999.0,99999.0,99999.0,99999.0,99999.0,99999.0,99999.0,99999.0,99999.0,99999.0,99999.0,99999.0,99999.0,99999.0,99999.0,99999.0,99999.0,99999.0,99999.0,99999.0,99999.0,99999.0,99999.0,99999.0,99999.0,99999.0,99999.0,99999.0,99999.0,99999.0,99999.0,99999.0,99999.0,99999.0,99999.0,99999.0,99999.0,99999.0,99999.0,99999.0,99999.0,99999.0,99999.0,99999.0,99999.0,99999.0,99999.0,99999.0,99999.0,99999.0,99999.0,99999.0,99999.0,99999.0,99999.0,99999.0,99999.0,99999.0,99999.0,99999.0,99999.0,99999.0,99999.0,99999.0,99999.0,99999.0,99999.0,99999.0,99999.0,99999.0,99999.0,99999.0,99999.0,99999.0,99999.0,99999.0,99999.0,99999.0,99999.0,99999.0,99999.0,99999.0,99999.0,99999.0,99999.0,99999.0,99999.0,99999.0,99999.0,99999.0,99999.0,99999.0,99999.0,99999.0,99999.0,99999.0,99999.0,99999.0,99999.0,99999.0,99999.0,99999.0,99999.0,99999.0,99999.0,99999.0,99999.0,99999.0,99999.0,99999.0,99999.0,99999.0,99999.0,99999.0,99999.0,99999.0,99999.0,99999.0,99999.0,99999.0,99999.0,99999.0,99999.0,99999.0,99999.0,99999.0,99999.0,99999.0,99999.0,99999.0,99999.0,99999.0,99999.0,99999.0,99999.0,99999.0,99999.0,99999.0,99999.0,99999.0,99999.0,99999.0,99999.0,99999.0,99999.0,99999.0,99999.0,99999.0,99999.0,99999.0,99999.0,99999.0,99999.0,99999.0,99999.0,99999.0,99999.0,99999.0,99999.0,99999.0,99999.0,99999.0,99999.0,99999.0,99999.0,99999.0,99999.0,99999.0,99999.0,99999.0,99999.0,99999.0,99999.0,99999.0,99999.0,99999.0,99999.0,99999.0,99999.0,99999.0,99999.0,99999.0,99999.0,99999.0,99999.0,99999.0,99999.0,99999.0,99999.0,99999.0,99999.0,99999.0,99999.0,99999.0,99999.0,99999.0,99999.0,99999.0,99999.0,99999.0,99999.0,99999.0,99999.0,99999.0,99999.0,99999.0,99999.0,99999.0,99999.0,99999.0,99999.0,99999.0,99999.0,99999.0,99999.0,99999.0,99999.0,99999.0,99999.0,99999.0,99999.0,99999.0,99999.0,99999.0,99999.0,99999.0,99999.0,99999.0,99999.0,99999.0,99999.0,99999.0,99999.0,99999.0,99999.0,99999.0,99999.0,99999.0,99999.0,99999.0,99999.0,99999.0,99999.0,99999.0,99999.0,99999.0,99999.0,99999.0,99999.0,99999.0,99999.0,99999.0,99999.0,99999.0,99999.0,99999.0,99999.0,99999.0,99999.0,99999.0,99999.0,99999.0,99999.0,99999.0,99999.0,99999.0,99999.0,99999.0,99999.0,99999.0,99999.0
-82.5,99999.0,99999.0,99999.0,99999.0,99999.0,99999.0,99999.0,99999.0,99999.0,99999.0,99999.0,99999.0,99999.0,99999.0,99999.0,99999.0,99999.0,99999.0,99999.0,99999.0,99999.0,99999.0,99999.0,99999.0,99999.0,99999.0,99999.0,99999.0,99999.0,99999.0,99999.0,99999.0,99999.0,99999.0,99999.0,99999.0,99999.0,99999.0,99999.0,99999.0,99999.0,99999.0,99999.0,99999.0,99999.0,99999.0,99999.0,99999.0,99999.0,99999.0,99999.0,99999.0,99999.0,99999.0,99999.0,99999.0,99999.0,99999.0,99999.0,99999.0,99999.0,99999.0,99999.0,99999.0,99999.0,99999.0,99999.0,99999.0,99999.0,99999.0,99999.0,99999.0,99999.0,99999.0,99999.0,99999.0,99999.0,99999.0,99999.0,99999.0,99999.0,99999.0,99999.0,99999.0,99999.0,99999.0,99999.0,99999.0,99999.0,99999.0,99999.0,99999.0,99999.0,99999.0,99999.0,99999.0,99999.0,99999.0,99999.0,99999.0,99999.0,99999.0,99999.0,99999.0,99999.0,99999.0,99999.0,99999.0,99999.0,99999.0,99999.0,99999.0,99999.0,99999.0,99999.0,99999.0,99999.0,99999.0,99999.0,99999.0,99999.0,99999.0,99999.0,99999.0,99999.0,99999.0,99999.0,99999.0,99999.0,99999.0,99999.0,99999.0,99999.0,99999.0,99999.0,99999.0,99999.0,99999.0,99999.0,99999.0,99999.0,99999.0,99999.0,99999.0,99999.0,99999.0,99999.0,99999.0,99999.0,99999.0,99999.0,99999.0,99999.0,99999.0,99999.0,99999.0,99999.0,99999.0,99999.0,99999.0,99999.0,99999.0,99999.0,99999.0,99999.0,99999.0,99999.0,99999.0,99999.0,99999.0,99999.0,99999.0,99999.0,99999.0,99999.0,99999.0,99999.0,99999.0,99999.0,99999.0,99999.0,99999.0,99999.0,99999.0,99999.0,99999.0,99999.0,99999.0,99999.0,99999.0,99999.0,99999.0,99999.0,99999.0,99999.0,99999.0,99999.0,99999.0,99999.0,99999.0,99999.0,99999.0,99999.0,99999.0,99999.0,99999.0,99999.0,99999.0,99999.0,99999.0,99999.0,99999.0,99999.0,99999.0,99999.0,99999.0,99999.0,99999.0,99999.0,99999.0,99999.0,99999.0,99999.0,99999.0,99999.0,99999.0,99999.0,99999.0,99999.0,99999.0,99999.0,99999.0,99999.0,99999.0,99999.0,99999.0,99999.0,99999.0,99999.0,99999.0,99999.0,99999.0,99999.0,99999.0,99999.0,99999.0,99999.0,99999.0,99999.0,99999.0,99999.0,99999.0,99999.0,99999.0,99999.0,99999.0,99999.0,99999.0,99999.0,99999.0,99999.0,99999.0,99999.0,99999.0,99999.0,99999.0,99999.0,99999.0,99999.0,99999.0,99999.0,99999.0,99999.0,99999.0,99999.0,99999.0,99999.0,99999.0,99999.0,99999.0,99999.0,99999.0,99999.0,99999.0,99999.0,99999.0,99999.0,99999.0,99999.0,99999.0,99999.0,99999.0,99999.0,99999.0,99999.0,99999.0,99999.0,99999.0,99999.0,99999.0,99999.0,99999.0,99999.0,99999.0,99999.0,99999.0,99999.0,99999.0,99999.0,99999.0,99999.0,99999.0,99999.0,99999.0,99999.0,99999.0,99999.0,99999.0,99999.0,99999.0,99999.0,99999.0,99999.0,99999.0,99999.0,99999.0,99999.0,99999.0,99999.0,99999.0,99999.0,99999.0,99999.0,99999.0,99999.0,99999.0,99999.0,99999.0,99999.0,99999.0,99999.0,99999.0,99999.0,99999.0,99999.0,99999.0,99999.0,99999.0,99999.0,99999.0,99999.0,99999.0,99999.0,99999.0,99999.0,99999.0,99999.0,99999.0,99999.0,99999.0
-83.5,99999.0,99999.0,99999.0,99999.0,99999.0,99999.0,99999.0,99999.0,99999.0,99999.0,99999.0,99999.0,99999.0,99999.0,99999.0,99999.0,99999.0,99999.0,99999.0,99999.0,99999.0,99999.0,99999.0,99999.0,99999.0,99999.0,99999.0,99999.0,99999.0,99999.0,99999.0,99999.0,99999.0,99999.0,99999.0,99999.0,99999.0,99999.0,99999.0,99999.0,99999.0,99999.0,99999.0,99999.0,99999.0,99999.0,99999.0,99999.0,99999.0,99999.0,99999.0,99999.0,99999.0,99999.0,99999.0,99999.0,99999.0,99999.0,99999.0,99999.0,99999.0,99999.0,99999.0,99999.0,99999.0,99999.0,99999.0,99999.0,99999.0,99999.0,99999.0,99999.0,99999.0,99999.0,99999.0,99999.0,99999.0,99999.0,99999.0,99999.0,99999.0,99999.0,99999.0,99999.0,99999.0,99999.0,99999.0,99999.0,99999.0,99999.0,99999.0,99999.0,99999.0,99999.0,99999.0,99999.0,99999.0,99999.0,99999.0,99999.0,99999.0,99999.0,99999.0,99999.0,99999.0,99999.0,99999.0,99999.0,99999.0,99999.0,99999.0,99999.0,99999.0,99999.0,99999.0,99999.0,99999.0,99999.0,99999.0,99999.0,99999.0,99999.0,99999.0,99999.0,99999.0,99999.0,99999.0,99999.0,99999.0,99999.0,99999.0,99999.0,99999.0,99999.0,99999.0,99999.0,99999.0,99999.0,99999.0,99999.0,99999.0,99999.0,99999.0,99999.0,99999.0,99999.0,99999.0,99999.0,99999.0,99999.0,99999.0,99999.0,99999.0,99999.0,99999.0,99999.0,99999.0,99999.0,99999.0,99999.0,99999.0,99999.0,99999.0,99999.0,99999.0,99999.0,99999.0,99999.0,99999.0,99999.0,99999.0,99999.0,99999.0,99999.0,99999.0,99999.0,99999.0,99999.0,99999.0,99999.0,99999.0,99999.0,99999.0,99999.0,99999.0,99999.0,99999.0,99999.0,99999.0,99999.0,99999.0,99999.0,99999.0,99999.0,99999.0,99999.0,99999.0,99999.0,99999.0,99999.0,99999.0,99999.0,99999.0,99999.0,99999.0,99999.0,99999.0,99999.0,99999.0,99999.0,99999.0,99999.0,99999.0,99999.0,99999.0,99999.0,99999.0,99999.0,99999.0,99999.0,99999.0,99999.0,99999.0,99999.0,99999.0,99999.0,99999.0,99999.0,99999.0,99999.0,99999.0,99999.0,99999.0,99999.0,99999.0,99999.0,99999.0,99999.0,99999.0,99999.0,99999.0,99999.0,99999.0,99999.0,99999.0,99999.0,99999.0,99999.0,99999.0,99999.0,99999.0,99999.0,99999.0,99999.0,99999.0,99999.0,99999.0,99999.0,99999.0,99999.0,99999.0,99999.0,99999.0,99999.0,99999.0,99999.0,99999.0,99999.0,99999.0,99999.0,99999.0,99999.0,99999.0,99999.0,99999.0,99999.0,99999.0,99999.0,99999.0,99999.0,99999.0,99999.0,99999.0,99999.0,99999.0,99999.0,99999.0,99999.0,99999.0,99999.0,99999.0,99999.0,99999.0,99999.0,99999.0,99999.0,99999.0,99999.0,99999.0,99999.0,99999.0,99999.0,99999.0,99999.0,99999.0,99999.0,99999.0,99999.0,99999.0,99999.0,99999.0,99999.0,99999.0,99999.0,99999.0,99999.0,99999.0,99999.0,99999.0,99999.0,99999.0,99999.0,99999.0,99999.0,99999.0,99999.0,99999.0,99999.0,99999.0,99999.0,99999.0,99999.0,99999.0,99999.0,99999.0,99999.0,99999.0,99999.0,99999.0,99999.0,99999.0,99999.0,99999.0,99999.0,99999.0,99999.0,99999.0,99999.0,99999.0,99999.0,99999.0,99999.0,99999.0,99999.0,99999.0,99999.0,99999.0,99999.0,99999.0,99999.0
-84.5,99999.0,99999.0,99999.0,99999.0,99999.0,99999.0,99999.0,99999.0,99999.0,99999.0,99999.0,99999.0,99999.0,99999.0,99999.0,99999.0,99999.0,99999.0,99999.0,99999.0,99999.0,99999.0,99999.0,99999.0,99999.0,99999.0,99999.0,99999.0,99999.0,99999.0,99999.0,99999.0,99999.0,99999.0,99999.0,99999.0,99999.0,99999.0,99999.0,99999.0,99999.0,99999.0,99999.0,99999.0,99999.0,99999.0,99999.0,99999.0,99999.0,99999.0,99999.0,99999.0,99999.0,99999.0,99999.0,99999.0,99999.0,99999.0,99999.0,99999.0,99999.0,99999.0,99999.0,99999.0,99999.0,99999.0,99999.0,99999.0,99999.0,99999.0,99999.0,99999.0,99999.0,99999.0,99999.0,99999.0,99999.0,99999.0,99999.0,99999.0,99999.0,99999.0,99999.0,99999.0,99999.0,99999.0,99999.0,99999.0,99999.0,99999.0,99999.0,99999.0,99999.0,99999.0,99999.0,99999.0,99999.0,99999.0,99999.0,99999.0,99999.0,99999.0,99999.0,99999.0,99999.0,99999.0,99999.0,99999.0,99999.0,99999.0,99999.0,99999.0,99999.0,99999.0,99999.0,99999.0,99999.0,99999.0,99999.0,99999.0,99999.0,99999.0,99999.0,99999.0,99999.0,99999.0,99999.0,99999.0,99999.0,99999.0,99999.0,99999.0,99999.0,99999.0,99999.0,99999.0,99999.0,99999.0,99999.0,99999.0,99999.0,99999.0,99999.0,99999.0,99999.0,99999.0,99999.0,99999.0,99999.0,99999.0,99999.0,99999.0,99999.0,99999.0,99999.0,99999.0,99999.0,99999.0,99999.0,99999.0,99999.0,99999.0,99999.0,99999.0,99999.0,99999.0,99999.0,99999.0,99999.0,99999.0,99999.0,99999.0,99999.0,99999.0,99999.0,99999.0,99999.0,99999.0,99999.0,99999.0,99999.0,99999.0,99999.0,99999.0,99999.0,99999.0,99999.0,99999.0,99999.0,99999.0,99999.0,99999.0,99999.0,99999.0,99999.0,99999.0,99999.0,99999.0,99999.0,99999.0,99999.0,99999.0,99999.0,99999.0,99999.0,99999.0,99999.0,99999.0,99999.0,99999.0,99999.0,99999.0,99999.0,99999.0,99999.0,99999.0,99999.0,99999.0,99999.0,99999.0,99999.0,99999.0,99999.0,99999.0,99999.0,99999.0,99999.0,99999.0,99999.0,99999.0,99999.0,99999.0,99999.0,99999.0,99999.0,99999.0,99999.0,99999.0,99999.0,99999.0,99999.0,99999.0,99999.0,99999.0,99999.0,99999.0,99999.0,99999.0,99999.0,99999.0,99999.0,99999.0,99999.0,99999.0,99999.0,99999.0,99999.0,99999.0,99999.0,99999.0,99999.0,99999.0,99999.0,99999.0,99999.0,99999.0,99999.0,99999.0,99999.0,99999.0,99999.0,99999.0,99999.0,99999.0,99999.0,99999.0,99999.0,99999.0,99999.0,99999.0,99999.0,99999.0,99999.0,99999.0,99999.0,99999.0,99999.0,99999.0,99999.0,99999.0,99999.0,99999.0,99999.0,99999.0,99999.0,99999.0,99999.0,99999.0,99999.0,99999.0,99999.0,99999.0,99999.0,99999.0,99999.0,99999.0,99999.0,99999.0,99999.0,99999.0,99999.0,99999.0,99999.0,99999.0,99999.0,99999.0,99999.0,99999.0,99999.0,99999.0,99999.0,99999.0,99999.0,99999.0,99999.0,99999.0,99999.0,99999.0,99999.0,99999.0,99999.0,99999.0,99999.0,99999.0,99999.0,99999.0,99999.0,99999.0,99999.0,99999.0,99999.0,99999.0,99999.0,99999.0,99999.0,99999.0,99999.0,99999.0,99999.0,99999.0,99999.0,99999.0,99999.0,99999.0,99999.0,99999.0,99999.0,99999.0,99999.0,99999.0
-85.5,99999.0,99999.0,99999.0,99999.0,99999.0,99999.0,99999.0,99999.0,99999.0,99999.0,99999.0,99999.0,99999.0,99999.0,99999.0,99999.0,99999.0,99999.0,99999.0,99999.0,99999.0,99999.0,99999.0,99999.0,99999.0,99999.0,99999.0,99999.0,99999.0,99999.0,99999.0,99999.0,99999.0,99999.0,99999.0,99999.0,99999.0,99999.0,99999.0,99999.0,99999.0,99999.0,99999.0,99999.0,99999.0,99999.0,99999.0,99999.0,99999.0,99999.0,99999.0,99999.0,99999.0,99999.0,99999.0,99999.0,99999.0,99999.0,99999.0,99999.0,99999.0,99999.0,99999.0,99999.0,99999.0,99999.0,99999.0,99999.0,99999.0,99999.0,99999.0,99999.0,99999.0,99999.0,99999.0,99999.0,99999.0,99999.0,99999.0,99999.0,99999.0,99999.0,99999.0,99999.0,99999.0,99999.0,99999.0,99999.0,99999.0,99999.0,99999.0,99999.0,99999.0,99999.0,99999.0,99999.0,99999.0,99999.0,99999.0,99999.0,99999.0,99999.0,99999.0,99999.0,99999.0,99999.0,99999.0,99999.0,99999.0,99999.0,99999.0,99999.0,99999.0,99999.0,99999.0,99999.0,99999.0,99999.0,99999.0,99999.0,99999.0,99999.0,99999.0,99999.0,99999.0,99999.0,99999.0,99999.0,99999.0,99999.0,99999.0,99999.0,99999.0,99999.0,99999.0,99999.0,99999.0,99999.0,99999.0,99999.0,99999.0,99999.0,99999.0,99999.0,99999.0,99999.0,99999.0,99999.0,99999.0,99999.0,99999.0,99999.0,99999.0,99999.0,99999.0,99999.0,99999.0,99999.0,99999.0,99999.0,99999.0,99999.0,99999.0,99999.0,99999.0,99999.0,99999.0,99999.0,99999.0,99999.0,99999.0,99999.0,99999.0,99999.0,99999.0,99999.0,99999.0,99999.0,99999.0,99999.0,99999.0,99999.0,99999.0,99999.0,99999.0,99999.0,99999.0,99999.0,99999.0,99999.0,99999.0,99999.0,99999.0,99999.0,99999.0,99999.0,99999.0,99999.0,99999.0,99999.0,99999.0,99999.0,99999.0,99999.0,99999.0,99999.0,99999.0,99999.0,99999.0,99999.0,99999.0,99999.0,99999.0,99999.0,99999.0,99999.0,99999.0,99999.0,99999.0,99999.0,99999.0,99999.0,99999.0,99999.0,99999.0,99999.0,99999.0,99999.0,99999.0,99999.0,99999.0,99999.0,99999.0,99999.0,99999.0,99999.0,99999.0,99999.0,99999.0,99999.0,99999.0,99999.0,99999.0,99999.0,99999.0,99999.0,99999.0,99999.0,99999.0,99999.0,99999.0,99999.0,99999.0,99999.0,99999.0,99999.0,99999.0,99999.0,99999.0,99999.0,99999.0,99999.0,99999.0,99999.0,99999.0,99999.0,99999.0,99999.0,99999.0,99999.0,99999.0,99999.0,99999.0,99999.0,99999.0,99999.0,99999.0,99999.0,99999.0,99999.0,99999.0,99999.0,99999.0,99999.0,99999.0,99999.0,99999.0,99999.0,99999.0,99999.0,99999.0,99999.0,99999.0,99999.0,99999.0,99999.0,99999.0,99999.0,99999.0,99999.0,99999.0,99999.0,99999.0,99999.0,99999.0,99999.0,99999.0,99999.0,99999.0,99999.0,99999.0,99999.0,99999.0,99999.0,99999.0,99999.0,99999.0,99999.0,99999.0,99999.0,99999.0,99999.0,99999.0,99999.0,99999.0,99999.0,99999.0,99999.0,99999.0,99999.0,99999.0,99999.0,99999.0,99999.0,99999.0,99999.0,99999.0,99999.0,99999.0,99999.0,99999.0,99999.0,99999.0,99999.0,99999.0,99999.0,99999.0,99999.0,99999.0,99999.0,99999.0,99999.0,99999.0,99999.0,99999.0,99999.0,99999.0,99999.0,99999.0,99999.0
-86.5,99999.0,99999.0,99999.0,99999.0,99999.0,99999.0,99999.0,99999.0,99999.0,99999.0,99999.0,99999.0,99999.0,99999.0,99999.0,99999.0,99999.0,99999.0,99999.0,99999.0,99999.0,99999.0,99999.0,99999.0,99999.0,99999.0,99999.0,99999.0,99999.0,99999.0,99999.0,99999.0,99999.0,99999.0,99999.0,99999.0,99999.0,99999.0,99999.0,99999.0,99999.0,99999.0,99999.0,99999.0,99999.0,99999.0,99999.0,99999.0,99999.0,99999.0,99999.0,99999.0,99999.0,99999.0,99999.0,99999.0,99999.0,99999.0,99999.0,99999.0,99999.0,99999.0,99999.0,99999.0,99999.0,99999.0,99999.0,99999.0,99999.0,99999.0,99999.0,99999.0,99999.0,99999.0,99999.0,99999.0,99999.0,99999.0,99999.0,99999.0,99999.0,99999.0,99999.0,99999.0,99999.0,99999.0,99999.0,99999.0,99999.0,99999.0,99999.0,99999.0,99999.0,99999.0,99999.0,99999.0,99999.0,99999.0,99999.0,99999.0,99999.0,99999.0,99999.0,99999.0,99999.0,99999.0,99999.0,99999.0,99999.0,99999.0,99999.0,99999.0,99999.0,99999.0,99999.0,99999.0,99999.0,99999.0,99999.0,99999.0,99999.0,99999.0,99999.0,99999.0,99999.0,99999.0,99999.0,99999.0,99999.0,99999.0,99999.0,99999.0,99999.0,99999.0,99999.0,99999.0,99999.0,99999.0,99999.0,99999.0,99999.0,99999.0,99999.0,99999.0,99999.0,99999.0,99999.0,99999.0,99999.0,99999.0,99999.0,99999.0,99999.0,99999.0,99999.0,99999.0,99999.0,99999.0,99999.0,99999.0,99999.0,99999.0,99999.0,99999.0,99999.0,99999.0,99999.0,99999.0,99999.0,99999.0,99999.0,99999.0,99999.0,99999.0,99999.0,99999.0,99999.0,99999.0,99999.0,99999.0,99999.0,99999.0,99999.0,99999.0,99999.0,99999.0,99999.0,99999.0,99999.0,99999.0,99999.0,99999.0,99999.0,99999.0,99999.0,99999.0,99999.0,99999.0,99999.0,99999.0,99999.0,99999.0,99999.0,99999.0,99999.0,99999.0,99999.0,99999.0,99999.0,99999.0,99999.0,99999.0,99999.0,99999.0,99999.0,99999.0,99999.0,99999.0,99999.0,99999.0,99999.0,99999.0,99999.0,99999.0,99999.0,99999.0,99999.0,99999.0,99999.0,99999.0,99999.0,99999.0,99999.0,99999.0,99999.0,99999.0,99999.0,99999.0,99999.0,99999.0,99999.0,99999.0,99999.0,99999.0,99999.0,99999.0,99999.0,99999.0,99999.0,99999.0,99999.0,99999.0,99999.0,99999.0,99999.0,99999.0,99999.0,99999.0,99999.0,99999.0,99999.0,99999.0,99999.0,99999.0,99999.0,99999.0,99999.0,99999.0,99999.0,99999.0,99999.0,99999.0,99999.0,99999.0,99999.0,99999.0,99999.0,99999.0,99999.0,99999.0,99999.0,99999.0,99999.0,99999.0,99999.0,99999.0,99999.0,99999.0,99999.0,99999.0,99999.0,99999.0,99999.0,99999.0,99999.0,99999.0,99999.0,99999.0,99999.0,99999.0,99999.0,99999.0,99999.0,99999.0,99999.0,99999.0,99999.0,99999.0,99999.0,99999.0,99999.0,99999.0,99999.0,99999.0,99999.0,99999.0,99999.0,99999.0,99999.0,99999.0,99999.0,99999.0,99999.0,99999.0,99999.0,99999.0,99999.0,99999.0,99999.0,99999.0,99999.0,99999.0,99999.0,99999.0,99999.0,99999.0,99999.0,99999.0,99999.0,99999.0,99999.0,99999.0,99999.0,99999.0,99999.0,99999.0,99999.0,99999.0,99999.0,99999.0,99999.0,99999.0,99999.0,99999.0,99999.0,99999.0,99999.0,99999.0,99999.0,99999.0
-87.5,99999.0,99999.0,99999.0,99999.0,99999.0,99999.0,99999.0,99999.0,99999.0,99999.0,99999.0,99999.0,99999.0,99999.0,99999.0,99999.0,99999.0,99999.0,99999.0,99999.0,99999.0,99999.0,99999.0,99999.0,99999.0,99999.0,99999.0,99999.0,99999.0,99999.0,99999.0,99999.0,99999.0,99999.0,99999.0,99999.0,99999.0,99999.0,99999.0,99999.0,99999.0,99999.0,99999.0,99999.0,99999.0,99999.0,99999.0,99999.0,99999.0,99999.0,99999.0,99999.0,99999.0,99999.0,99999.0,99999.0,99999.0,99999.0,99999.0,99999.0,99999.0,99999.0,99999.0,99999.0,99999.0,99999.0,99999.0,99999.0,99999.0,99999.0,99999.0,99999.0,99999.0,99999.0,99999.0,99999.0,99999.0,99999.0,99999.0,99999.0,99999.0,99999.0,99999.0,99999.0,99999.0,99999.0,99999.0,99999.0,99999.0,99999.0,99999.0,99999.0,99999.0,99999.0,99999.0,99999.0,99999.0,99999.0,99999.0,99999.0,99999.0,99999.0,99999.0,99999.0,99999.0,99999.0,99999.0,99999.0,99999.0,99999.0,99999.0,99999.0,99999.0,99999.0,99999.0,99999.0,99999.0,99999.0,99999.0,99999.0,99999.0,99999.0,99999.0,99999.0,99999.0,99999.0,99999.0,99999.0,99999.0,99999.0,99999.0,99999.0,99999.0,99999.0,99999.0,99999.0,99999.0,99999.0,99999.0,99999.0,99999.0,99999.0,99999.0,99999.0,99999.0,99999.0,99999.0,99999.0,99999.0,99999.0,99999.0,99999.0,99999.0,99999.0,99999.0,99999.0,99999.0,99999.0,99999.0,99999.0,99999.0,99999.0,99999.0,99999.0,99999.0,99999.0,99999.0,99999.0,99999.0,99999.0,99999.0,99999.0,99999.0,99999.0,99999.0,99999.0,99999.0,99999.0,99999.0,99999.0,99999.0,99999.0,99999.0,99999.0,99999.0,99999.0,99999.0,99999.0,99999.0,99999.0,99999.0,99999.0,99999.0,99999.0,99999.0,99999.0,99999.0,99999.0,99999.0,99999.0,99999.0,99999.0,99999.0,99999.0,99999.0,99999.0,99999.0,99999.0,99999.0,99999.0,99999.0,99999.0,99999.0,99999.0,99999.0,99999.0,99999.0,99999.0,99999.0,99999.0,99999.0,99999.0,99999.0,99999.0,99999.0,99999.0,99999.0,99999.0,99999.0,99999.0,99999.0,99999.0,99999.0,99999.0,99999.0,99999.0,99999.0,99999.0,99999.0,99999.0,99999.0,99999.0,99999.0,99999.0,99999.0,99999.0,99999.0,99999.0,99999.0,99999.0,99999.0,99999.0,99999.0,99999.0,99999.0,99999.0,99999.0,99999.0,99999.0,99999.0,99999.0,99999.0,99999.0,99999.0,99999.0,99999.0,99999.0,99999.0,99999.0,99999.0,99999.0,99999.0,99999.0,99999.0,99999.0,99999.0,99999.0,99999.0,99999.0,99999.0,99999.0,99999.0,99999.0,99999.0,99999.0,99999.0,99999.0,99999.0,99999.0,99999.0,99999.0,99999.0,99999.0,99999.0,99999.0,99999.0,99999.0,99999.0,99999.0,99999.0,99999.0,99999.0,99999.0,99999.0,99999.0,99999.0,99999.0,99999.0,99999.0,99999.0,99999.0,99999.0,99999.0,99999.0,99999.0,99999.0,99999.0,99999.0,99999.0,99999.0,99999.0,99999.0,99999.0,99999.0,99999.0,99999.0,99999.0,99999.0,99999.0,99999.0,99999.0,99999.0,99999.0,99999.0,99999.0,99999.0,99999.0,99999.0,99999.0,99999.0,99999.0,99999.0,99999.0,99999.0,99999.0,99999.0,99999.0,99999.0,99999.0,99999.0,99999.0,99999.0,99999.0,99999.0,99999.0,99999.0,99999.0,99999.0,99999.0,99999.0
-88.5,99999.0,99999.0,99999.0,99999.0,99999.0,99999.0,99999.0,99999.0,99999.0,99999.0,99999.0,99999.0,99999.0,99999.0,99999.0,99999.0,99999.0,99999.0,99999.0,99999.0,99999.0,99999.0,99999.0,99999.0,99999.0,99999.0,99999.0,99999.0,99999.0,99999.0,99999.0,99999.0,99999.0,99999.0,99999.0,99999.0,99999.0,99999.0,99999.0,99999.0,99999.0,99999.0,99999.0,99999.0,99999.0,99999.0,99999.0,99999.0,99999.0,99999.0,99999.0,99999.0,99999.0,99999.0,99999.0,99999.0,99999.0,99999.0,99999.0,99999.0,99999.0,99999.0,99999.0,99999.0,99999.0,99999.0,99999.0,99999.0,99999.0,99999.0,99999.0,99999.0,99999.0,99999.0,99999.0,99999.0,99999.0,99999.0,99999.0,99999.0,99999.0,99999.0,99999.0,99999.0,99999.0,99999.0,99999.0,99999.0,99999.0,99999.0,99999.0,99999.0,99999.0,99999.0,99999.0,99999.0,99999.0,99999.0,99999.0,99999.0,99999.0,99999.0,99999.0,99999.0,99999.0,99999.0,99999.0,99999.0,99999.0,99999.0,99999.0,99999.0,99999.0,99999.0,99999.0,99999.0,99999.0,99999.0,99999.0,99999.0,99999.0,99999.0,99999.0,99999.0,99999.0,99999.0,99999.0,99999.0,99999.0,99999.0,99999.0,99999.0,99999.0,99999.0,99999.0,99999.0,99999.0,99999.0,99999.0,99999.0,99999.0,99999.0,99999.0,99999.0,99999.0,99999.0,99999.0,99999.0,99999.0,99999.0,99999.0,99999.0,99999.0,99999.0,99999.0,99999.0,99999.0,99999.0,99999.0,99999.0,99999.0,99999.0,99999.0,99999.0,99999.0,99999.0,99999.0,99999.0,99999.0,99999.0,99999.0,99999.0,99999.0,99999.0,99999.0,99999.0,99999.0,99999.0,99999.0,99999.0,99999.0,99999.0,99999.0,99999.0,99999.0,99999.0,99999.0,99999.0,99999.0,99999.0,99999.0,99999.0,99999.0,99999.0,99999.0,99999.0,99999.0,99999.0,99999.0,99999.0,99999.0,99999.0,99999.0,99999.0,99999.0,99999.0,99999.0,99999.0,99999.0,99999.0,99999.0,99999.0,99999.0,99999.0,99999.0,99999.0,99999.0,99999.0,99999.0,99999.0,99999.0,99999.0,99999.0,99999.0,99999.0,99999.0,99999.0,99999.0,99999.0,99999.0,99999.0,99999.0,99999.0,99999.0,99999.0,99999.0,99999.0,99999.0,99999.0,99999.0,99999.0,99999.0,99999.0,99999.0,99999.0,99999.0,99999.0,99999.0,99999.0,99999.0,99999.0,99999.0,99999.0,99999.0,99999.0,99999.0,99999.0,99999.0,99999.0,99999.0,99999.0,99999.0,99999.0,99999.0,99999.0,99999.0,99999.0,99999.0,99999.0,99999.0,99999.0,99999.0,99999.0,99999.0,99999.0,99999.0,99999.0,99999.0,99999.0,99999.0,99999.0,99999.0,99999.0,99999.0,99999.0,99999.0,99999.0,99999.0,99999.0,99999.0,99999.0,99999.0,99999.0,99999.0,99999.0,99999.0,99999.0,99999.0,99999.0,99999.0,99999.0,99999.0,99999.0,99999.0,99999.0,99999.0,99999.0,99999.0,99999.0,99999.0,99999.0,99999.0,99999.0,99999.0,99999.0,99999.0,99999.0,99999.0,99999.0,99999.0,99999.0,99999.0,99999.0,99999.0,99999.0,99999.0,99999.0,99999.0,99999.0,99999.0,99999.0,99999.0,99999.0,99999.0,99999.0,99999.0,99999.0,99999.0,99999.0,99999.0,99999.0,99999.0,99999.0,99999.0,99999.0,99999.0,99999.0,99999.0,99999.0,99999.0,99999.0,99999.0,99999.0,99999.0,99999.0,99999.0,99999.0,99999.0,99999.0,99999.0
-89.5,99999.0,99999.0,99999.0,99999.0,99999.0,99999.0,99999.0,99999.0,99999.0,99999.0,99999.0,99999.0,99999.0,99999.0,99999.0,99999.0,99999.0,99999.0,99999.0,99999.0,99999.0,99999.0,99999.0,99999.0,99999.0,99999.0,99999.0,99999.0,99999.0,99999.0,99999.0,99999.0,99999.0,99999.0,99999.0,99999.0,99999.0,99999.0,99999.0,99999.0,99999.0,99999.0,99999.0,99999.0,99999.0,99999.0,99999.0,99999.0,99999.0,99999.0,99999.0,99999.0,99999.0,99999.0,99999.0,99999.0,99999.0,99999.0,99999.0,99999.0,99999.0,99999.0,99999.0,99999.0,99999.0,99999.0,99999.0,99999.0,99999.0,99999.0,99999.0,99999.0,99999.0,99999.0,99999.0,99999.0,99999.0,99999.0,99999.0,99999.0,99999.0,99999.0,99999.0,99999.0,99999.0,99999.0,99999.0,99999.0,99999.0,99999.0,99999.0,99999.0,99999.0,99999.0,99999.0,99999.0,99999.0,99999.0,99999.0,99999.0,99999.0,99999.0,99999.0,99999.0,99999.0,99999.0,99999.0,99999.0,99999.0,99999.0,99999.0,99999.0,99999.0,99999.0,99999.0,99999.0,99999.0,99999.0,99999.0,99999.0,99999.0,99999.0,99999.0,99999.0,99999.0,99999.0,99999.0,99999.0,99999.0,99999.0,99999.0,99999.0,99999.0,99999.0,99999.0,99999.0,99999.0,99999.0,99999.0,99999.0,99999.0,99999.0,99999.0,99999.0,99999.0,99999.0,99999.0,99999.0,99999.0,99999.0,99999.0,99999.0,99999.0,99999.0,99999.0,99999.0,99999.0,99999.0,99999.0,99999.0,99999.0,99999.0,99999.0,99999.0,99999.0,99999.0,99999.0,99999.0,99999.0,99999.0,99999.0,99999.0,99999.0,99999.0,99999.0,99999.0,99999.0,99999.0,99999.0,99999.0,99999.0,99999.0,99999.0,99999.0,99999.0,99999.0,99999.0,99999.0,99999.0,99999.0,99999.0,99999.0,99999.0,99999.0,99999.0,99999.0,99999.0,99999.0,99999.0,99999.0,99999.0,99999.0,99999.0,99999.0,99999.0,99999.0,99999.0,99999.0,99999.0,99999.0,99999.0,99999.0,99999.0,99999.0,99999.0,99999.0,99999.0,99999.0,99999.0,99999.0,99999.0,99999.0,99999.0,99999.0,99999.0,99999.0,99999.0,99999.0,99999.0,99999.0,99999.0,99999.0,99999.0,99999.0,99999.0,99999.0,99999.0,99999.0,99999.0,99999.0,99999.0,99999.0,99999.0,99999.0,99999.0,99999.0,99999.0,99999.0,99999.0,99999.0,99999.0,99999.0,99999.0,99999.0,99999.0,99999.0,99999.0,99999.0,99999.0,99999.0,99999.0,99999.0,99999.0,99999.0,99999.0,99999.0,99999.0,99999.0,99999.0,99999.0,99999.0,99999.0,99999.0,99999.0,99999.0,99999.0,99999.0,99999.0,99999.0,99999.0,99999.0,99999.0,99999.0,99999.0,99999.0,99999.0,99999.0,99999.0,99999.0,99999.0,99999.0,99999.0,99999.0,99999.0,99999.0,99999.0,99999.0,99999.0,99999.0,99999.0,99999.0,99999.0,99999.0,99999.0,99999.0,99999.0,99999.0,99999.0,99999.0,99999.0,99999.0,99999.0,99999.0,99999.0,99999.0,99999.0,99999.0,99999.0,99999.0,99999.0,99999.0,99999.0,99999.0,99999.0,99999.0,99999.0,99999.0,99999.0,99999.0,99999.0,99999.0,99999.0,99999.0,99999.0,99999.0,99999.0,99999.0,99999.0,99999.0,99999.0,99999.0,99999.0,99999.0,99999.0,99999.0,99999.0,99999.0,99999.0,99999.0,99999.0,99999.0,99999.0,99999.0,99999.0,99999.0,99999.0,99999.0,99999.0,99999.0,99999.0
